label,message,processed_text
ham,"He will, you guys close?",guys close
ham,"CAN I PLEASE COME UP NOW IMIN TOWN.DONTMATTER IF URGOIN OUTL8R,JUST REALLYNEED 2DOCD.PLEASE DONTPLEASE DONTIGNORE MYCALLS,U NO THECD ISV.IMPORTANT TOME 4 2MORO",please come imin town dontmatter urgoin outl r reallyneed docd please dontplease dontignore mycalls u thecd isv important tome moro
ham,Ok k..sry i knw 2 siva..tats y i askd..,ok k sry knw siva tats askd
ham,"I'll see, but prolly yeah",see prolly yeah
ham,"I'll see if I can swing by in a bit, got some things to take care of here firsg",see swing bit got things take care firsg
ham,"I shall book chez jules for half eight, if that's ok with you?",shall book chez jules half eight ok
ham,Thanks for your message. I really appreciate your sacrifice. I'm not sure of the process of direct pay but will find out on my way back from the test tomorrow. I'm in class now. Do have a wonderful day.,thanks message really appreciate sacrifice sure process direct pay find way back test tomorrow class wonderful day
ham,"Feb  &lt;#&gt;  is ""I LOVE U"" day. Send dis to all ur ""VALUED FRNDS"" evn me. If 3 comes back u'll gt married d person u luv! If u ignore dis u will lose ur luv 4 Evr",feb lt gt love u day send dis ur valued frnds evn comes back u gt married person u luv u ignore dis u lose ur luv evr
ham,Ok Chinese food on its way. When I get fat you're paying for my lipo.,ok chinese food way get fat paying lipo
spam,"FREE NOKIA Or Motorola with upto 12mths 1/2price linerental, 500 FREE x-net mins&100txt/mth FREE B'tooth*. Call Mobileupd8 on 08001950382 or call 2optout/D3WV",free nokia motorola upto mths price linerental free x net mins txt mth free b tooth call mobileupd call optout wv
ham,Jus came back fr lunch wif my sis only. U leh?,jus came back fr lunch wif sis u leh
ham,Yup i'm elaborating on the safety aspects and some other issues..,yup elaborating safety aspects issues
ham,Ok lor. Anyway i thk we cant get tickets now cos like quite late already. U wan 2 go look 4 ur frens a not? Darren is wif them now...,ok lor anyway thk cant get tickets cos like quite late already u wan go look ur frens darren wif
ham,"Helloooo... Wake up..! ""Sweet"" ""morning"" ""welcomes"" ""You"" ""Enjoy"" ""This Day"" ""with full of joy"".. ""GUD MRNG"".",helloooo wake sweet morning welcomes enjoy day full joy gud mrng
ham,Pls call me da. What happen.,pls call da happen
spam,"Call 09094100151 to use ur mins! Calls cast 10p/min (mob vary). Service provided by AOM, just GBP5/month. AOM Box61,M60 1ER until u stop. Ages 18+ only!",call use ur mins calls cast p min mob vary service provided aom gbp month aom box er u stop ages
ham,Are u awake? Is there snow there?,u awake snow
ham,"Hmph. Go head, big baller.",hmph go head big baller
ham,"Will do, you gonna be at blake's all night? I might be able to get out of here a little early",gon na blake night might able get little early
ham,Thanx a lot...,thanx lot
ham,Oh ic. I thought you meant mary jane.,oh ic thought meant mary jane
ham,Now got tv 2 watch meh? U no work today?,got tv watch meh u work today
spam,Want a new Video Phone? 750 anytime any network mins? Half price line rental free text for 3 months? Reply or call 08000930705 for free delivery,want new video phone anytime network mins half price line rental free text months reply call free delivery
ham,I notice you like looking in the shit mirror youre turning into a right freak,notice like looking shit mirror youre turning right freak
ham,No management puzzeles.,management puzzeles
ham,1. Tension face 2. Smiling face 3. Waste face 4. Innocent face 5.Terror face 6.Cruel face 7.Romantic face 8.Lovable face 9.decent face  &lt;#&gt; .joker face.,tension face smiling face waste face innocent face terror face cruel face romantic face lovable face decent face lt gt joker face
ham,Its sunny in california. The weather's just cool,sunny california weather cool
ham,"fyi I'm at usf now, swing by the room whenever",fyi usf swing room whenever
ham,I asked sen to come chennai and search for job.,asked sen come chennai search job
ham,Love it! I want to flood that pretty pussy with cum...,love want flood pretty pussy cum
ham,Will ü b going to esplanade fr home?,b going esplanade fr home
spam,You have an important customer service announcement. Call FREEPHONE 0800 542 0825 now!,important customer service announcement call freephone
ham,How are you. Wish you a great semester,wish great semester
ham,Hi happy birthday. Hi hi hi hi hi hi hi,hi happy birthday hi hi hi hi hi hi hi
ham,Can i get your opinion on something first?,get opinion something first
ham,Done it but internet connection v slow and can‘t send it. Will try again later or first thing tomo.,done internet connection v slow send try later first thing tomo
ham,I anything lor...,anything lor
ham,I am going to film 2day da. At 6pm. Sorry da.,going film day da pm sorry da
ham,Do I? I thought I put it back in the box,thought put back box
spam,You have an important customer service announcement. Call FREEPHONE 0800 542 0825 now!,important customer service announcement call freephone
ham,Dai what this da.. Can i send my resume to this id.,dai da send resume id
ham,Yes when is the appt again?,yes appt
ham,And by when you're done I mean now,done mean
ham,She told to hr that he want posting in chennai:)because i'm working here:),told hr want posting chennai working
ham,"Do you know why god created gap between your fingers..? So that, One who is made for you comes &amp; fills those gaps by holding your hand with LOVE..!",know god created gap fingers one made comes amp fills gaps holding hand love
ham,I thought slide is enough.,thought slide enough
ham,God bless.get good sleep my dear...i will pray!,god bless get good sleep dear pray
ham,I called but no one pick up e phone. I ask both of them already they said ok.,called one pick e phone ask already said ok
ham,Free any day but i finish at 6 on mon n thurs...,free day finish mon n thurs
spam,Ur cash-balance is currently 500 pounds - to maximize ur cash-in now send GO to 86688 only 150p/msg. CC 08718720201 HG/Suite342/2Lands Row/W1J6HL,ur cash balance currently pounds maximize ur cash send go p msg cc hg suite lands row w j hl
spam,Babe: U want me dont u baby! Im nasty and have a thing 4 filthyguys. Fancy a rude time with a sexy bitch. How about we go slo n hard! Txt XXX SLO(4msgs),babe u want dont u baby im nasty thing filthyguys fancy rude time sexy bitch go slo n hard txt xxx slo msgs
ham,Do u noe wat time e place dat sells 4d closes?,u noe wat time e place dat sells closes
ham,One of the joys in lifeis waking up each daywith thoughts that somewhereSomeone cares enough tosend a warm morning greeting.. -,one joys lifeis waking daywith thoughts somewheresomeone cares enough tosend warm morning greeting
ham,But i juz remembered i gotta bathe my dog today..,juz remembered got ta bathe dog today
ham,I went to project centre,went project centre
ham,I will take care of financial problem.i will help:),take care financial problem help
ham,In e msg jus now. U said thanks for gift.,e msg jus u said thanks gift
ham,Yoyyooo u know how to change permissions for a drive in mac. My usb flash drive,yoyyooo u know change permissions drive mac usb flash drive
ham,Am watching house – very entertaining – am getting the whole hugh laurie thing – even with the stick – indeed especially with the stick.,watching house entertaining getting whole hugh laurie thing even stick indeed especially stick
spam,Want explicit SEX in 30 secs? Ring 02073162414 now! Costs 20p/min Gsex POBOX 2667 WC1N 3XX,want explicit sex secs ring costs p min gsex pobox wc n xx
ham,"Sure, I'll see if I can come by in a bit",sure see come bit
ham,I borrow ur bag ok.,borrow ur bag ok
spam,"FREE RINGTONE text FIRST to 87131 for a poly or text GET to 87131 for a true tone! Help? 0845 2814032 16 after 1st free, tones are 3x£150pw to e£nd txt stop",free ringtone text first poly text get true tone help st free tones x pw e nd txt stop
ham,I dont know oh. Hopefully this month.,dont know oh hopefully month
ham,Den wat will e schedule b lk on sun?,den wat e schedule b lk sun
ham,"Uh, heads up we don't have THAT much left",uh heads much left
spam,Hard LIVE 121 chat just 60p/min. Choose your girl and connect LIVE. Call 09094646899 now! Cheap Chat UK's biggest live service. VU BCM1896WC1N3XX,hard live chat p min choose girl connect live call cheap chat uk biggest live service vu bcm wc n xx
ham,"Sir, i am waiting for your call, once free please call me.",sir waiting call free please call
ham,"My planning usually stops at ""find hella weed, smoke hella weed""",planning usually stops find hella weed smoke hella weed
ham,Nt joking seriously i told,nt joking seriously told
ham,Ranjith cal drpd Deeraj and deepak 5min hold,ranjith cal drpd deeraj deepak min hold
ham,Ü give me some time to walk there.,give time walk
ham,"Sorry, was in the bathroom, sup",sorry bathroom sup
ham,Aiyar hard 2 type. U later free then tell me then i call n scold n tell u.,aiyar hard type u later free tell call n scold n tell u
ham,Ü takin linear algebra today?,takin linear algebra today
ham,Not able to do anything.,able anything
spam,PRIVATE! Your 2003 Account Statement for shows 800 un-redeemed S.I.M. points. Call 08718738001 Identifier Code: 49557 Expires 26/11/04,private account statement shows un redeemed points call identifier code expires
ham,Nokia phone is lovly..,nokia phone lovly
ham,Oh ho. Is this the first time u use these type of words,oh ho first time u use type words
ham,Then why no one talking to me,one talking
ham,Why you keeping me away like this,keeping away like
ham,So that means you still think of teju,means still think teju
ham,CHEERS U TEX MECAUSE U WEREBORED! YEAH OKDEN HUNNY R UIN WK SAT?SOUNDS LIKEYOUR HAVIN GR8FUN J! KEEP UPDAT COUNTINLOTS OF LOVEME XXXXX.,cheers u tex mecause u werebored yeah okden hunny r uin wk sat sound likeyour havin gr fun j keep updat countinlots loveme xxxxx
ham,Ü thk of wat to eat tonight.,thk wat eat tonight
ham,Purity of friendship between two is not about smiling after reading the forwarded message..Its about smiling just by seeing the name. Gud evng,purity friendship two smiling reading forwarded message smiling seeing name gud evng
ham,No shoot me. I'm in the docs waiting room. :/,shoot docs waiting room
spam,Thanks 4 your continued support Your question this week will enter u in2 our draw 4 £100 cash. Name the NEW US President? txt ans to 80082,thanks continued support question week enter u draw cash name new us president txt ans
ham,How r ü going to send it to me?,r going send
spam,+449071512431 URGENT! This is the 2nd attempt to contact U!U have WON £1250 CALL 09071512433 b4 050703 T&CsBCM4235WC1N3XX. callcost 150ppm mobilesvary. max£7. 50,urgent nd attempt contact u u call b csbcm wc n xx callcost ppm mobilesvary max
ham,"Babe! I fucking love you too !! You know? Fuck it was so good to hear your voice. I so need that. I crave it. I can't get enough. I adore you, Ahmad *kisses*",babe fucking love know fuck good hear voice need crave get enough adore ahmad kisses
ham,"Erm … ill pick you up at about 6.45pm. That'll give enough time to get there, park and that.",erm ill pick pm give enough time get park
ham,If u dun drive then how i go 2 sch.,u dun drive go sch
ham,"Beautiful Truth against Gravity.. Read carefully: ""Our heart feels light when someone is in it.. But it feels very heavy when someone leaves it.."" GOODMORNING",beautiful truth gravity read carefully heart feels light someone feels heavy someone leaves goodmorning
spam,"You have won ?1,000 cash or a ?2,000 prize! To claim, call09050000327. T&C: RSTM, SW7 3SS. 150ppm",cash prize claim call c rstm sw ss ppm
ham,Think + da. You wil do.,think da wil
ham,U horrible gal... U knew dat i was going out wif him yest n u still come n ask me...,u horrible gal u knew dat going wif yest n u still come n ask
spam,"As a SIM subscriber, you are selected to receive a Bonus! Get it delivered to your door, Txt the word OK to No: 88600 to claim. 150p/msg, EXP. 30Apr",sim subscriber selected receive bonus get delivered door txt word ok claim p msg exp apr
ham,"What will we do in the shower, baby?",shower baby
ham,Yup... Hey then one day on fri we can ask miwa and jiayin take leave go karaoke ,yup hey one day fri ask miwa jiayin take leave go karaoke
ham,my ex-wife was not able to have kids. Do you want kids one day?,ex wife able kids want kids one day
spam,wamma get laid?want real doggin locations sent direct to your mobile? join the UKs largest dogging network. txt dogs to 69696 now!nyt. ec2a. 3lp £1.50/msg.,wamma get laid want real doggin locations sent direct mobile join uks largest dogging network txt dogs nyt ec lp msg
ham,"Nothing. I meant that once the money enters your account here, the bank will remove its flat rate. Someone transfered  &lt;#&gt;  to my account and  &lt;#&gt; dollars got removed. So the banks differ and charges also differ.be sure you trust the 9ja person you are sending account details to cos...",nothing meant money enters account bank remove flat rate someone transfered lt gt account lt gt dollars got removed banks differ charges also differ sure trust ja person sending account details cos
ham,Message:some text missing* Sender:Name Missing* *Number Missing *Sent:Date missing *Missing U a lot thats y everything is missing sent via fullonsms.com,message text missing sender name missing number missing sent date missing missing u lot thats everything missing sent via fullonsms com
ham,Prof: you have passed in all the papers in this sem congrats . . . . Student: Enna kalaachutaarama..!! Prof:???? Gud mrng!,prof passed papers sem congrats student enna kalaachutaarama prof gud mrng
ham,"After my work ah... Den 6 plus lor... U workin oso rite... Den go orchard lor, no other place to go liao...",work ah den plus lor u workin oso rite den go orchard lor place go liao
ham,yay! finally lol. i missed our cinema trip last week :-(,yay finally lol missed cinema trip last week
ham,Ü no home work to do meh... ,home work meh
ham,No no:)this is kallis home ground.amla home town is durban:),kallis home ground amla home town durban
ham,Havent.,havent
ham,I probably won't eat at all today. I think I'm gonna pop. How was your weekend? Did u miss me?,probably eat today think gon na pop weekend u miss
ham,Dont worry. I guess he's busy.,dont worry guess busy
ham,"Do 1 thing! Change that sentence into: ""Because i want 2 concentrate in my educational career im leaving here..""",thing change sentence want concentrate educational career im leaving
ham,Congrats kano..whr s the treat maga?,congrats kano whr treat maga
ham,"Sorry to trouble u again. Can buy 4d for my dad again? 1405, 1680, 1843. All 2 big 1 small, sat n sun. Thanx.",sorry trouble u buy dad big small sat n sun thanx
spam,"Thanks for your ringtone order, reference number X29. Your mobile will be charged 4.50. Should your tone not arrive please call customer services 09065989180",thanks ringtone order reference number x mobile charged tone arrive please call customer services
spam,Hi 07734396839 IBH Customer Loyalty Offer: The NEW NOKIA6600 Mobile from ONLY £10 at TXTAUCTION!Txt word:START to No:81151 & get Yours Now!4T&,hi ibh customer loyalty offer new nokia mobile txtauction txt word start get
ham,"K, wat s tht incident?",k wat tht incident
ham,You flippin your shit yet?,flippin shit yet
ham,How's ur paper?,ur paper
ham,Yes princess! I want to please you every night. Your wish is my command...,yes princess want please every night wish command
ham,When're you guys getting back? G said you were thinking about not staying for mcr,guys getting back g said thinking staying mcr
spam,"Had your contract mobile 11 Mnths? Latest Motorola, Nokia etc. all FREE! Double Mins & Text on Orange tariffs. TEXT YES for callback, no to remove from records.",contract mobile mnths latest motorola nokia etc free double mins text orange tariffs text yes callback remove records
ham,Excellent! Wish we were together right now!,excellent wish together right
spam,"As a valued customer, I am pleased to advise you that following recent review of your Mob No. you are awarded with a £1500 Bonus Prize, call 09066364589",valued customer pleased advise following recent review mob awarded bonus prize call
ham,Hey!!! I almost forgot ... Happy B-day babe ! I love ya!!,hey almost forgot happy b day babe love ya
ham,I'm home. Ard wat time will u reach?,home ard wat time u reach
ham,"Sometimes we put walls around our hearts,not just to be safe from getting hurt.. But to find out who cares enough to break the walls &amp; get closer.. GOODNOON:)",sometimes put walls around hearts safe getting hurt find cares enough break walls amp get closer goodnoon
ham,U don't remember that old commercial?,u remember old commercial
ham,Cos i was out shopping wif darren jus now n i called him 2 ask wat present he wan lor. Then he started guessing who i was wif n he finally guessed darren lor.,cos shopping wif darren jus n called ask wat present wan lor started guessing wif n finally guessed darren lor
ham,Anything lor... U decide...,anything lor u decide
ham,"Sorry vikky, i'm Watching olave mandara movie kano in trishul theatre wit my frnds..",sorry vikky watching olave mandara movie kano trishul theatre wit frnds
ham,Ok i will tell her to stay out. Yeah its been tough but we are optimistic things will improve this month.,ok tell stay yeah tough optimistic things improve month
ham,Dude how do you like the buff wind.,dude like buff wind
ham,Happy New Year Princess!,happy new year princess
ham,alright. Thanks for the advice. Enjoy your night out. I'ma try to get some sleep...,alright thanks advice enjoy night try get sleep
ham,"Ok. Can be later showing around 8-8:30 if you want + cld have drink before. Wld prefer not to spend money on nosh if you don't mind, as doing that nxt wk.",ok later showing around want cld drink wld prefer spend money nosh mind nxt wk
ham,Me sef dey laugh you. Meanwhile how's my darling anjie!,sef dey laugh meanwhile darling anjie
ham,"Fuck babe, I miss you sooooo much !! I wish you were here to sleep with me ... My bed is so lonely ... I go now, to sleep ... To dream of you, my love ...",fuck babe miss sooooo much wish sleep bed lonely go sleep dream love
ham,"Nothing, smsing u n xy lor. Sorry lor da guys neva c u in person but they sort of know u lor. So u wan 2 meet them xy ask me 2 bring u along 4 our next meeting.",nothing smsing u n xy lor sorry lor da guys neva c u person sort know u lor u wan meet xy ask bring u along next meeting
ham,How is your schedule next week? I am out of town this weekend.,schedule next week town weekend
ham,"Ah, well that confuses things, doesn‘t it?",ah well confuses things
ham,HI ITS KATE CAN U GIVE ME A RING ASAP XXX,hi kate u give ring asap xxx
ham,I don't run away frm u... I walk slowly &amp; it kills me that u don't care enough to stop me...,run away frm u walk slowly amp kills u care enough stop
ham,Convey my regards to him,convey regards
ham,"Yeah we wouldn't leave for an hour at least, how's 4 sound?",yeah leave hour least sound
ham,Ujhhhhhhh computer shipped out with address to sandiago and parantella lane. Wtf. Poop.,ujhhhhhhh computer shipped address sandiago parantella lane wtf poop
ham,"Yes, princess. Toledo.",yes princess toledo
ham,"Say this slowly.? GOD,I LOVE YOU &amp; I NEED YOU,CLEAN MY HEART WITH YOUR BLOOD.Send this to Ten special people &amp; u c miracle tomorrow, do it,pls,pls do it...",say slowly god love amp need clean heart blood send ten special people amp u c miracle tomorrow pls pls
ham,I'm done oredi...,done oredi
ham,Watching telugu movie..wat abt u?,watching telugu movie wat abt u
ham,Hello handsome ! Are you finding that job ? Not being lazy ? Working towards getting back that net for mummy ? Where's my boytoy now ? Does he miss me ?,hello handsome finding job lazy working towards getting back net mummy boytoy miss
ham,"Hey elaine, is today's meeting still on?",hey elaine today meeting still
ham,"Good evening Sir, hope you are having a nice day. I wanted to bring it to your notice that I have been late in paying rent for the past few months and have had to pay a $ &lt;#&gt;  charge. I felt it would be inconsiderate of me to nag about something you give at great cost to yourself and that's why i didnt speak up. I however am in a recession and wont be able to pay the charge this month hence my askin well ahead of month's end. Can you please help. Thank you for everything.",good evening sir hope nice day wanted bring notice late paying rent past months pay lt gt charge felt would inconsiderate nag something give great cost didnt speak however recession wont able pay charge month hence askin well ahead month end please help thank everything
ham,Shall i start from hear.,shall start hear
ham,Did u download the fring app?,u download fring app
ham,Yar lor... Keep raining non stop... Or u wan 2 go elsewhere?,yar lor keep raining non stop u wan go elsewhere
ham,"Total disappointment, when I texted you was the craziest shit got :(",total disappointment texted craziest shit got
spam,UR awarded a City Break and could WIN a £200 Summer Shopping spree every WK. Txt STORE to 88039.SkilGme.TsCs087147403231Winawk!Age16+£1.50perWKsub,ur awarded city break could win summer shopping spree every wk txt store skilgme tscs winawk age perwksub
ham,"Sorry, my battery died, I can come by but I'm only getting a gram for now, where's your place?",sorry battery died come getting gram place
spam,"Congrats! 2 mobile 3G Videophones R yours. call 09061744553 now! videochat wid ur mates, play java games, Dload polyH music, noline rentl. bx420. ip4. 5we. 150pm",congrats mobile g videophones r call videochat wid ur mates play java games dload polyh music noline rentl bx ip pm
ham,WHORE YOU ARE UNBELIEVABLE.,whore unbelievable
ham,Ü say until like dat i dun buy ericsson oso cannot oredi lar...,say like dat dun buy ericsson oso oredi lar
spam,Ringtone Club: Gr8 new polys direct to your mobile every week !,ringtone club gr new polys direct mobile every week
ham,Headin towards busetop,headin towards busetop
ham,"We have sent JD for Customer Service cum Accounts Executive to ur mail id, For details contact us",sent jd customer service cum accounts executive ur mail id details contact us
ham,Aight ill get on fb in a couple minutes,aight ill get fb couple minutes
spam,U have a secret admirer. REVEAL who thinks U R So special. Call 09065174042. To opt out Reply REVEAL STOP. 1.50 per msg recd. Cust care 07821230901,u secret admirer reveal thinks u r special call opt reply reveal stop per msg recd cust care
ham,I emailed yifeng my part oredi.. Can ü get it fr him..,emailed yifeng part oredi get fr
ham,IM LATE TELLMISS IM ON MY WAY,im late tellmiss im way
ham,TELL HER I SAID EAT SHIT.,tell said eat shit
ham,what I meant to say is cant wait to see u again getting bored of this bridgwater banter,meant say cant wait see u getting bored bridgwater banter
ham,LOL ... No just was busy,lol busy
ham,Dude got a haircut. Now its breezy up there,dude got haircut breezy
ham,"Sorry,in meeting I'll call later",sorry meeting call later
spam,You are a winner you have been specially selected to receive £1000 cash or a £2000 award. Speak to a live operator to claim call 087147123779am-7pm. Cost 10p,winner specially selected receive cash award speak live operator claim call pm cost p
ham,MY NEW YEARS EVE WAS OK. I WENT TO A PARTY WITH MY BOYFRIEND. WHO IS THIS SI THEN HEY,new years eve ok went party boyfriend si hey
ham,"Just looked it up and addie goes back Monday, sucks to be her",looked addie goes back monday sucks
ham,Boooo you always work. Just quit.,boooo always work quit
ham,No rushing. I'm not working. I'm in school so if we rush we go hungry.,rushing working school rush go hungry
ham,Looks like u wil b getting a headstart im leaving here bout 2.30ish but if u r desperate for my company I could head in earlier-we were goin to meet in rummer.,looks like u wil b getting headstart im leaving bout ish u r desperate company could head earlier goin meet rummer
ham,Is ur lecture over?,ur lecture
ham,I‘m going to try for 2 months ha ha only joking,going try months ha ha joking
ham,How much are we getting?,much getting
ham,"&lt;#&gt;  is fast approaching. So, Wish u a very Happy New Year Happy Sankranti Happy republic day Happy Valentines Day Happy Shivratri Happy Ugadi Happy Fools day Happy May Day Happy Independence Day, Happy Friendship,Mother,Father,Teachers,Childrens Day, &amp; HAPPY BIRTHDAY 4 U. Happy Ganesh festival Happy Dasara Happy Diwali Happy Christmas  &lt;#&gt;  Good Mornings Afternoons, Evenings Nights. RememberI AM the first to WISHING U ALL THESE...your's Raj",lt gt fast approaching wish u happy new year happy sankranti happy republic day happy valentines day happy shivratri happy ugadi happy fools day happy may day happy independence day happy friendship mother father teachers childrens day amp happy birthday u happy ganesh festival happy dasara happy diwali happy christmas lt gt good mornings afternoons evenings nights rememberi first wishing u raj
ham,We can make a baby in yo tho,make baby yo tho
ham,"Damn, can you make it tonight or do you want to just wait til tomorrow",damn make tonight want wait til tomorrow
ham,Hey you told your name to gautham ah?,hey told name gautham ah
ham,So i asked how's anthony. Dad. And your bf,asked anthony dad bf
ham,Yeah he got in at 2 and was v apologetic. n had fallen out and she was actin like spoilt child and he got caught up in that. Till 2! But we won't go there! Not doing too badly cheers. You? ,yeah got v apologetic n fallen actin like spoilt child got caught till go badly cheers
ham,"I didnt get ur full msg..sometext is missing, send it again",didnt get ur full msg sometext missing send
ham,"I dun thk i'll quit yet... Hmmm, can go jazz ? Yogasana oso can... We can go meet em after our lessons den... ",dun thk quit yet hmmm go jazz yogasana oso go meet em lessons den
ham,I know I'm lacking on most of this particular dramastorm's details but for the most part I'm not worried about that,know lacking particular dramastorm details part worried
ham,"She said,'' do u mind if I go into the bedroom for a minute ? '' ''OK'', I sed in a sexy mood. She came out 5 minuts latr wid a cake...n My Wife,",said u mind go bedroom minute ok sed sexy mood came minuts latr wid cake n wife
ham,Otherwise had part time job na-tuition..,otherwise part time job na tuition
spam,Hi I'm sue. I am 20 years old and work as a lapdancer. I love sex. Text me live - I'm i my bedroom now. text SUE to 89555. By TextOperator G2 1DA 150ppmsg 18+,hi sue years old work lapdancer love sex text live bedroom text sue textoperator g da ppmsg
ham,Cause I'm not freaky lol,cause freaky lol
spam,sports fans - get the latest sports news str* 2 ur mobile 1 wk FREE PLUS a FREE TONE Txt SPORT ON to 8007 www.getzed.co.uk 0870141701216+ norm 4txt/120p ,sports fans get latest sports news str ur mobile wk free plus free tone txt sport norm txt p
ham,I have to take exam with march 3,take exam march
ham,I cant pick the phone right now. Pls send a message,cant pick phone right pls send message
ham,&lt;#&gt;  great loxahatchee xmas tree burning update: you can totally see stars here,lt gt great loxahatchee xmas tree burning update totally see stars
ham,Did you show him and wot did he say or could u not c him 4 dust?,show wot say could u c dust
ham,"That's very rude, you on campus?",rude campus
ham,Its too late:)but its k.wish you the same.,late k wish
spam,"Hi, the SEXYCHAT girls are waiting for you to text them. Text now for a great night chatting. send STOP to stop this service",hi sexychat girls waiting text text great night chatting send stop stop service
ham,Pls go ahead with watts. I just wanted to be sure. Do have a great weekend. Abiola,pls go ahead watts wanted sure great weekend abiola
ham,So u workin overtime nigpun?,u workin overtime nigpun
ham,"naughty little thought: 'its better to flirt, flirt n flirt, rather than loving someone n gettin hurt, hurt n hurt...:-) Gud nyt",naughty little thought better flirt flirt n flirt rather loving someone n gettin hurt hurt n hurt gud nyt
ham,Dad went out oredi... ,dad went oredi
ham,Message:some text missing* Sender:Name Missing* *Number Missing *Sent:Date missing *Missing U a lot thats y everything is missing sent via fullonsms.com,message text missing sender name missing number missing sent date missing missing u lot thats everything missing sent via fullonsms com
ham,Package all your programs well,package programs well
ham,"A swt thought: ""Nver get tired of doing little things 4 lovable persons.."" Coz..somtimes those little things occupy d biggest part in their Hearts.. Gud ni8",swt thought nver get tired little things lovable persons coz somtimes little things occupy biggest part hearts gud ni
ham,Oh k:)after that placement there ah?,oh k placement ah
ham,Play w computer? Aiyah i tok 2 u lor?,play w computer aiyah tok u lor
ham,Tell me pa. How is pain de.,tell pa pain de
spam,"URGENT! Your mobile number *************** WON a £2000 Bonus Caller prize on 10/06/03! This is the 2nd attempt to reach you! Call 09066368753 ASAP! Box 97N7QP, 150ppm",urgent mobile number bonus caller prize nd attempt reach call asap box n qp ppm
ham,I just made some payments so dont have that much. Sorry. Would you want it fedex or the other way.,made payments dont much sorry would want fedex way
spam,"REMINDER FROM O2: To get 2.50 pounds free call credit and details of great offers pls reply 2 this text with your valid name, house no and postcode",reminder get pounds free call credit details great offers pls reply text valid name house postcode
ham,I've reached sch already...,reached sch already
ham,"Yeah, don't go to bed, I'll be back before midnight",yeah go bed back midnight
ham,We are supposed to meet to discuss abt our trip... Thought xuhui told you? In the afternoon. Thought we can go for lesson after that,supposed meet discuss abt trip thought xuhui told afternoon thought go lesson
ham,Good morning. At the repair shop--the ONLY reason i'm up at this hour.,good morning repair shop reason hour
ham,Good Morning my Dear Shijutta........... Have a great &amp; successful day.,good morning dear shijutta great amp successful day
ham,Were gonna go get some tacos,gon na go get tacos
ham,Purity of friendship between two is not about smiling after reading the forwarded message..Its about smiling just by seeing the name. Gud evng,purity friendship two smiling reading forwarded message smiling seeing name gud evng
spam,Would you like to see my XXX pics they are so hot they were nearly banned in the uk!,would like see xxx pics hot nearly banned uk
ham,We r outside already.,r outside already
ham,Ha ha cool cool chikku chikku:-):-DB-),ha ha cool cool chikku chikku db
ham,"Whatever, juliana. Do whatever you want.",whatever juliana whatever want
ham,No:-)i got rumour that you going to buy apartment in chennai:-),got rumour going buy apartment chennai
spam,"Our dating service has been asked 2 contact U by someone shy! CALL 09058091870 NOW all will be revealed. POBox84, M26 3UZ 150p",dating service asked contact u someone shy call revealed pobox uz p
ham,Some of them told accenture is not confirm. Is it true.,told accenture confirm true
ham,Haha... dont be angry with yourself... Take it as a practice for the real thing. =) ,haha dont angry take practice real thing
ham,"Life is more strict than teacher... Bcoz Teacher teaches lesson &amp; then conducts exam, But Life first conducts Exam &amp; then teaches Lessons. Happy morning. . .",life strict teacher bcoz teacher teaches lesson amp conducts exam life first conducts exam amp teaches lessons happy morning
ham,Amazing : If you rearrange these letters it gives the same meaning... Dormitory = Dirty room Astronomer = Moon starer The eyes = They see Election results = Lies lets recount Mother-in-law = Woman Hitler Eleven plus two =Twelve plus one Its Amazing... !:-),amazing rearrange letters gives meaning dormitory dirty room astronomer moon starer eyes see election results lies lets recount mother law woman hitler eleven plus two twelve plus one amazing
ham,Oh thanks a lot..i already bought 2 eggs ..,oh thanks lot already bought eggs
ham,He said i look pretty wif long hair wat. But i thk he's cutting quite short 4 me leh.,said look pretty wif long hair wat thk cutting quite short leh
ham,"Probably, want to pick up more?",probably want pick
ham,I wont. So wat's wit the guys,wont wat wit guys
ham,I wan but too early lei... Me outside now wun b home so early... Neva mind then...,wan early lei outside wun b home early neva mind
ham,"I've got ten bucks, jay is being noncomittal",got ten bucks jay noncomittal
ham,Hi there. We have now moved in2 our pub . Would be great 2 c u if u cud come up.,hi moved pub would great c u u cud come
ham,"Thank You for calling.Forgot to say Happy Onam to you Sirji.I am fine here and remembered you when i met an insurance person.Meet You in Qatar Insha Allah.Rakhesh, ex Tata AIG who joined TISSCO,Tayseer.",thank calling forgot say happy onam sirji fine remembered met insurance person meet qatar insha allah rakhesh ex tata aig joined tissco tayseer
ham,"wiskey Brandy Rum Gin Beer Vodka Scotch Shampain Wine ""KUDI""yarasu dhina vaazhthukkal. ..",wiskey brandy rum gin beer vodka scotch shampain wine kudi yarasu dhina vaazhthukkal
ham,I am late. I will be there at,late
ham,"As I entered my cabin my PA said, '' Happy B'day Boss !!''. I felt special. She askd me 4 lunch. After lunch she invited me to her apartment. We went there.",entered cabin pa said happy b day boss felt special askd lunch lunch invited apartment went
ham,Hello my little party animal! I just thought I'd buzz you as you were with your friends ...*grins*... Reminding you were loved and send a naughty adoring kiss,hello little party animal thought buzz friends grins reminding loved send naughty adoring kiss
ham,No. Yes please. Been swimming?,yes please swimming
ham,* Am on a train back from northampton so i'm afraid not!,train back northampton afraid
ham,Happy new year to u too!,happy new year u
ham,Hi dis is yijue i would be happy to work wif ü all for gek1510...,hi dis yijue would happy work wif gek
ham,Ball is moving a lot.will spin in last :)so very difficult to bat:),ball moving lot spin last difficult bat
ham,I'm in a movie... Collect car oredi...,movie collect car oredi
ham,You busy or can I come by at some point and figure out what we're doing tomorrow,busy come point figure tomorrow
ham,Orh i tot u say she now still dun believe.,orh tot u say still dun believe
ham,"She said,'' do u mind if I go into the bedroom for a minute ? '' ''OK'', I sed in a sexy mood. She came out 5 minuts latr wid a cake...n My Wife,",said u mind go bedroom minute ok sed sexy mood came minuts latr wid cake n wife
ham,You best watch what you say cause I get drunk as a motherfucker,best watch say cause get drunk motherfucker
ham,"When you get free, call me",get free call
ham,Reckon need to be in town by eightish to walk from * carpark.,reckon need town eightish walk carpark
ham,Detroit. The home of snow. Enjoy it.,detroit home snow enjoy
ham,You are right. Meanwhile how's project twins comin up,right meanwhile project twins comin
ham,Aft i finish my lunch then i go str down lor. Ard 3 smth lor. U finish ur lunch already?,aft finish lunch go str lor ard smth lor u finish ur lunch already
spam,WINNER!! As a valued network customer you have been selected to receivea £900 prize reward! To claim call 09061701461. Claim code KL341. Valid 12 hours only.,winner valued network customer selected receivea prize reward claim call claim code kl valid hours
ham,I'm on the bus. Love you,bus love
ham,No need for the drug anymore.,need drug anymore
ham,"How about clothes, jewelry, and trips?",clothes jewelry trips
ham,"Yes but i dont care! I need you bad, princess!",yes dont care need bad princess
ham,Also hi wesley how've you been,also hi wesley
ham,Not tonight mate. Catching up on some sleep. This is my new number by the way. ,tonight mate catching sleep new number way
ham,on a Tuesday night r u 4 real,tuesday night r u real
ham,Is toshiba portege m100 gd?,toshiba portege gd
ham,"Awesome, think we can get an 8th at usf some time tonight?",awesome think get th usf time tonight
ham,"&lt;#&gt; %of pple marry with their lovers... becz they hav gud undrstndng dat avoids problems. i sent dis 2 u, u wil get gud news on friday by d person you like. And tomorrow will be the best day of your life. Dont break this chain. If you break you will suffer. send this to  &lt;#&gt;  frnds in &lt;#&gt;  mins whn u read...",lt gt pple marry lovers becz hav gud undrstndng dat avoids problems sent dis u u wil get gud news friday person like tomorrow best day life dont break chain break suffer send lt gt frnds lt gt mins whn u read
ham,R ü going 4 today's meeting?,r going today meeting
ham,Umma my life and vava umma love you lot dear,umma life vava umma love lot dear
ham,Tell your friends what you plan to do on Valentines day @ &lt;URL&gt;,tell friends plan valentines day lt url gt
ham,Now project pa. After that only i can come.,project pa come
ham,Call me when u're done...,call u done
ham,U studying in sch or going home? Anyway i'll b going 2 sch later.,u studying sch going home anyway b going sch later
ham,Ha ha ha good joke. Girls are situation seekers.,ha ha ha good joke girls situation seekers
ham,Alright took the morphine. Back in yo.,alright took morphine back yo
ham,No way I'm going back there!,way going back
ham,"I think your mentor is , but not 100 percent sure.",think mentor percent sure
ham,Me too watching surya movie only. . .after 6 pm vijay movie POKKIRI,watching surya movie pm vijay movie pokkiri
ham,No drama Pls.i have had enough from you and family while i am struggling in the hot sun in a strange place.No reason why there should be an ego of not going 'IF NOT INVITED' when actually its necessity to go.wait for very serious reppurcussions.,drama pls enough family struggling hot sun strange place reason ego going invited actually necessity go wait serious reppurcussions
ham,Really... I tot ur paper ended long ago... But wat u copied jus now got use? U happy lar... I still haf 2 study :-(,really tot ur paper ended long ago wat u copied jus got use u happy lar still haf study
ham,Customer place i will call you.,customer place call
ham,"K, if u bored up just come to my home..",k u bored come home
ham,G wants to know where the fuck you are,g wants know fuck
ham,Thanx 4 2day! U r a goodmate I THINK UR RITE SARY! ASUSUAL!1 U CHEERED ME UP! LOVE U FRANYxxxxx,thanx day u r goodmate think ur rite sary asusual u cheered love u franyxxxxx
ham,Do have a nice day today. I love you so dearly.,nice day today love dearly
ham,"Can you tell Shola to please go to college of medicine and visit the academic department, tell the academic secretary what the current situation is and ask if she can transfer there. She should ask someone to check Sagamu for the same thing and lautech. Its vital she completes her medical education in Nigeria. Its less expensive much less expensive. Unless she will be getting citizen rates in new zealand.",tell shola please go college medicine visit academic department tell academic secretary current situation ask transfer ask someone check sagamu thing lautech vital completes medical education nigeria less expensive much less expensive unless getting citizen rates new zealand
ham,No did you check? I got his detailed message now,check got detailed message
ham,I might come to kerala for 2 days.so you can be prepared to take a leave once i finalise .dont plan any travel during my visit.need to finish urgent works.,might come kerala days prepared take leave finalise dont plan travel visit need finish urgent works
ham,I am on the way to ur home,way ur home
ham,Wat time do u wan 2 meet me later?,wat time u wan meet later
ham,"Yeah, I'll leave in a couple minutes &amp; let you know when I get to mu",yeah leave couple minutes amp let know get mu
ham,Gud mrng dear hav a nice day,gud mrng dear hav nice day
ham,Jus ans me lar. U'll noe later.,jus ans lar u noe later
ham,I am in tirupur.  call you da.,tirupur call da
ham,"Hello. No news on job, they are making me wait a fifth week! Yeah im up for some woozles and weasels... In exeter still, but be home about 3. ",hello news job making wait fifth week yeah im woozles weasels exeter still home
spam,"Mila, age23, blonde, new in UK. I look sex with UK guys. if u like fun with me. Text MTALK to 69866.18 . 30pp/txt 1st 5free. £1.50 increments. Help08718728876",mila age blonde new uk look sex uk guys u like fun text mtalk pp txt st free increments help
ham,"Hi , where are you? We're at  and they're not keen to go out i kind of am but feel i shouldn't so can we go out tomo, don't mind do you?",hi keen go kind feel go tomo mind
spam,Kit Strip - you have been billed 150p. Netcollex Ltd. PO Box 1013 IG11 OJA,kit strip billed p netcollex ltd po box ig oja
ham,Hi dear we saw dear. We both are happy. Where you my battery is low,hi dear saw dear happy battery low
ham,I absolutely LOVE South Park! I only recently started watching the office.,absolutely love south park recently started watching office
ham,"Ok omw now, you at castor?",ok omw castor
ham,I am in office:)whats the matter..msg me now.i will call you at break:).,office whats matter msg call break
ham,Ok,ok
ham,There's no point hangin on to mr not right if he's not makin u happy,point hangin mr right makin u happy
ham,The greatest test of courage on earth is to bear defeat without losing heart....gn tc,greatest test courage earth bear defeat without losing heart gn tc
ham,Lol your always so convincing.,lol always convincing
ham,I just cooked a rather nice salmon a la you,cooked rather nice salmon la
ham,No that just means you have a fat head,means fat head
ham,Hey... Why dont we just go watch x men and have lunch... Haha ,hey dont go watch x men lunch haha
ham,I am thinking of going down to reg for pract lessons.. Flung my advance.. Haha wat time u going?,thinking going reg pract lessons flung advance haha wat time u going
spam,"HOT LIVE FANTASIES call now 08707500020 Just 20p per min NTT Ltd, PO Box 1327 Croydon CR9 5WB 0870 is a national rate call",hot live fantasies call p per min ntt ltd po box croydon cr wb national rate call
ham,Do you still have the grinder?,still grinder
spam,"URGENT! Your Mobile No. was awarded £2000 Bonus Caller Prize on 5/9/03 This is our final try to contact U! Call from Landline 09064019788 BOX42WR29C, 150PPM",urgent mobile awarded bonus caller prize final try contact u call landline box wr c ppm
ham,Wat's da model num of ur phone?,wat da model num ur phone
spam,"Customer service announcement. We recently tried to make a delivery to you but were unable to do so, please call 07099833605 to re-schedule. Ref:9280114",customer service announcement recently tried make delivery unable please call schedule ref
ham,Oh yes I can speak txt 2 u no! Hmm. Did u get  email?,oh yes speak txt u hmm u get email
ham,V skint too but fancied few bevies.waz gona go meet &othrs in spoon but jst bin watchng planet earth&sofa is v comfey; If i dont make it hav gd night,v skint fancied bevies waz gona go meet othrs spoon jst bin watchng planet earth sofa v comfey dont make hav gd night
ham,Rats. Hey did u ever vote for the next themes?,rats hey u ever vote next themes
ham,I wanted to ask ü to wait 4 me to finish lect. Cos my lect finishes in an hour anyway.,wanted ask wait finish lect cos lect finishes hour anyway
ham,Does she usually take fifteen fucking minutes to respond to a yes or no question,usually take fifteen fucking minutes respond yes question
spam,PRIVATE! Your 2003 Account Statement for 07808 XXXXXX shows 800 un-redeemed S. I. M. points. Call 08719899217 Identifier Code: 41685 Expires 07/11/04,private account statement xxxxxx shows un redeemed points call identifier code expires
ham,Pls speak with me. I wont ask anything other then you friendship.,pls speak wont ask anything friendship
spam,Free Top ringtone -sub to weekly ringtone-get 1st week free-send SUBPOLY to 81618-?3 per week-stop sms-08718727870,free top ringtone sub weekly ringtone get st week free send subpoly per week stop sms
ham,You've already got a flaky parent. It'snot supposed to be the child's job to support the parent...not until they're The Ride age anyway. I'm supposed to be there to support you. And now i've hurt you. unintentional. But hurt nonetheless.,already got flaky parent snot supposed child job support parent ride age anyway supposed support hurt unintentional hurt nonetheless
ham,Can. Dunno wat to get 4 her...,dunno wat get
ham,Home so we can always chat,home always chat
spam,"This is the 2nd time we have tried to contact u. U have won the £400 prize. 2 claim is easy, just call 087104711148 NOW! Only 10p per minute. BT-national-rate",nd time tried contact u u prize claim easy call p per minute bt national rate
ham,"Haven't found a way to get another app for your phone, eh ? Will you go to the net cafe ? Did you take that job? Geeee I need you babe. I crave to see you ...",found way get another app phone eh go net cafe take job geeee need babe crave see
ham,That seems unnecessarily hostile,seems unnecessarily hostile
ham,I need to come home and give you some good lovin...,need come home give good lovin
ham,"I'm eatin now lor, but goin back to work soon... E mountain deer show huh... I watch b4 liao, very nice...",eatin lor goin back work soon e mountain deer show huh watch b liao nice
ham,K sure am in my relatives home. Sms me de. Pls:-),k sure relatives home sms de pls
ham,Sweet heart how are you?,sweet heart
ham,"Hello my boytoy ... Geeee I miss you already and I just woke up. I wish you were here in bed with me, cuddling me. I love you ...",hello boytoy geeee miss already woke wish bed cuddling love
ham,"Maybe westshore or hyde park village, the place near my house?",maybe westshore hyde park village place near house
ham,All these nice new shirts and the only thing I can wear them to is nudist themed ;_; you in mu?,nice new shirts thing wear nudist themed mu
ham,Have you started in skye,started skye
ham,You could have seen me..i did't recognise you Face.:),could seen recognise face
spam,8007 25p 4 Alfie Moon's Children in Need song on ur mob. Tell ur m8s. Txt TONE CHARITY to 8007 for nokias or POLY CHARITY for polys :zed 08701417012 profit 2 charity ,p alfie moon children need song ur mob tell ur txt tone charity nokias poly charity polys zed profit charity
spam,Hello. We need some posh birds and chaps to user trial prods for champneys. Can i put you down? I need your address and dob asap. Ta r,hello need posh birds chaps user trial prods champneys put need address dob asap ta r
spam,Urgent! Please call 09061213237 from a landline. £5000 cash or a 4* holiday await collection. T &Cs SAE PO Box 177 M227XY. 16+,urgent please call landline cash holiday await collection cs sae po box xy
ham,I'm now but have to wait till 2 for the bus to pick me.,wait till bus pick
ham,Ummma.will call after check in.our life will begin from qatar so pls pray very hard.,ummma call check life begin qatar pls pray hard
ham,Ok. I only ask abt e movie. U wan ktv oso?,ok ask abt e movie u wan ktv oso
ham,Aiyah u did ok already lar. E nydc at wheellock?,aiyah u ok already lar e nydc wheellock
ham,Yun buying... But school got offer 2000 plus only...,yun buying school got offer plus
spam,Ur HMV Quiz cash-balance is currently £500 - to maximize ur cash-in now send HMV1 to 86688 only 150p/msg,ur hmv quiz cash balance currently maximize ur cash send hmv p msg
spam,U have won a nokia 6230 plus a free digital camera. This is what u get when u win our FREE auction. To take part send NOKIA to 83383 now. POBOX114/14TCR/W1 16,u nokia plus free digital camera u get u win free auction take part send nokia pobox tcr w
ham,"Dear friends, sorry for the late information. Today is the birthday of our loving Ar.Praveesh. for more details log on to face book and see. Its his number + &lt;#&gt; . Dont miss a delicious treat.",dear friends sorry late information today birthday loving ar praveesh details log face book see number lt gt dont miss delicious treat
ham,I'm aight. Wat's happening on your side.,aight wat happening side
ham,"Save yourself the stress. If the person has a dorm account, just send your account details and the money will be sent to you.",save stress person dorm account send account details money sent
ham,"I know dat feelin had it with Pete! Wuld get with em , nuther place nuther time mayb?",know dat feelin pete wuld get em nuther place nuther time mayb
ham,We confirm eating at esplanade?,confirm eating esplanade
ham,Anything lor but toa payoh got place 2 walk meh...,anything lor toa payoh got place walk meh
ham,"My life Means a lot to me, Not because I love my life, But because I love the people in my life, The world calls them friends, I call them my World:-).. Ge:-)..",life means lot love life love people life world calls friends call world ge
spam,"HOT LIVE FANTASIES call now 08707509020 Just 20p per min NTT Ltd, PO Box 1327 Croydon CR9 5WB 0870 is a national rate call",hot live fantasies call p per min ntt ltd po box croydon cr wb national rate call
spam,A link to your picture has been sent. You can also use http://alto18.co.uk/wave/wave.asp?o=44345,link picture sent also use
ham,Hey now am free you can call me.,hey free call
ham,Should I head straight there or what,head straight
ham,Hi da:)how is the todays class?,hi da todays class
spam,"Thanks for your ringtone order, ref number R836. Your mobile will be charged £4.50. Should your tone not arrive please call customer services on 09065069154",thanks ringtone order ref number r mobile charged tone arrive please call customer services
ham,Yeah so basically any time next week you can get away from your mom &amp; get up before 3,yeah basically time next week get away mom amp get
spam,07732584351 - Rodger Burns - MSG = We tried to call you re your reply to our sms for a free nokia mobile + free camcorder. Please call now 08000930705 for delivery tomorrow,rodger burns msg tried call reply sms free nokia mobile free camcorder please call delivery tomorrow
ham,"I can't right this second, gotta hit people up first",right second got ta hit people first
ham,Shall call now dear having food,shall call dear food
spam,"Final Chance! Claim ur £150 worth of discount vouchers today! Text YES to 85023 now! SavaMob, member offers mobile! T Cs SavaMob POBOX84, M263UZ. £3.00 Subs 16",final chance claim ur worth discount vouchers today text yes savamob member offers mobile cs savamob pobox uz subs
spam,FREE MSG:We billed your mobile number by mistake from shortcode 83332.Please call 08081263000 to have charges refunded.This call will be free from a BT landline,free msg billed mobile number mistake shortcode please call charges refunded call free bt landline
ham,Sorry about that this is my mates phone and i didnt write it love Kate,sorry mates phone didnt write love kate
ham,It has issues right now. Ill fix for her by tomorrow.,issues right ill fix tomorrow
ham,Cos darren say ü considering mah so i ask ü...,cos darren say considering mah ask
ham,Ok that's great thanx a lot.,ok great thanx lot
spam,Do you want a New Nokia 3510i colour phone DeliveredTomorrow? With 300 free minutes to any mobile + 100 free texts + Free Camcorder reply or call 08000930705,want new nokia colour phone deliveredtomorrow free minutes mobile free texts free camcorder reply call
ham,"Haha, that was the first person I was gonna ask",haha first person gon na ask
ham,2marrow only. Wed at  &lt;#&gt;  to 2 aha.,marrow wed lt gt aha
ham,HEY GIRL. HOW R U? HOPE U R WELL ME AN DEL R BAK! AGAIN LONG TIME NO C! GIVE ME A CALL SUM TIME FROM LUCYxx,hey girl r u hope u r well del r bak long time c give call sum time lucyxx
ham,"Yes, my reg is  Ciao!",yes reg ciao
ham,What is this 'hex' place you talk of? Explain!,hex place talk explain
ham,"Hello. Sort of out in town already. That . So dont rush home, I am eating nachos. Will let you know eta.",hello sort town already dont rush home eating nachos let know eta
ham,Do you know when dad will be back?,know dad back
ham,Aiyar dun disturb u liao... Thk u have lots 2 do aft ur cupboard come...,aiyar dun disturb u liao thk u lots aft ur cupboard come
ham,* Was thinking about chuckin ur red green n black trainners 2 save carryin them bac on train,thinking chuckin ur red green n black trainners save carryin bac train
ham,"V-aluable. A-ffectionate. L-oveable. E-ternal. N-oble. T-ruthful. I-ntimate. N-atural. E-namous. Happy ""VALENTINES DAY"" in advance",v aluable ffectionate l oveable e ternal n oble ruthful ntimate n atural e namous happy valentines day advance
ham,I‘m parked next to a MINI!!!! When are you coming in today do you think?,parked next mini coming today think
ham,"Yo, you around? Just got my car back",yo around got car back
spam,"Hello from Orange. For 1 month's free access to games, news and sport, plus 10 free texts and 20 photo messages, reply YES. Terms apply: www.orange.co.uk/ow",hello orange month free access games news sport plus free texts photo messages reply yes terms apply
ham,Slaaaaave ! Where are you ? Must I summon you to me all the time now ? Don't you wish to come to me on your own anymore?,slaaaaave must summon time wish come anymore
ham,Sorry me going home first... Daddy come fetch ü later...,sorry going home first daddy come fetch later
ham,I sent them. Do you like?,sent like
ham,THANX 4 PUTTIN DA FONE DOWN ON ME!!,thanx puttin da fone
ham,"As I entered my cabin my PA said, '' Happy B'day Boss !!''. I felt special. She askd me 4 lunch. After lunch she invited me to her apartment. We went there.",entered cabin pa said happy b day boss felt special askd lunch lunch invited apartment went
ham,Bring it if you got it,bring got
ham,This weekend is fine (an excuse not to do too much decorating),weekend fine excuse much decorating
ham,Message from . I am at Truro Hospital on ext. You can phone me here. as I have a phone by my side,message truro hospital ext phone phone side
ham,Great to hear you are settling well. So what's happenin wit ola?,great hear settling well happenin wit ola
ham,If anyone calls for a treadmill say you'll buy it. Make sure its working. I found an ad on Craigslist selling for $ &lt;#&gt; .,anyone calls treadmill say buy make sure working found ad craigslist selling lt gt
ham,Neshanth..tel me who r u?,neshanth tel r u
ham,True. Its easier with her here.,true easier
ham,Howz that persons story,howz persons story
ham,"Sorry, I'll call later",sorry call later
spam,18 days to Euro2004 kickoff! U will be kept informed of all the latest news and results daily. Unsubscribe send GET EURO STOP to 83222.,days euro kickoff u kept informed latest news results daily unsubscribe send get euro stop
ham,Tension ah?what machi?any problem?,tension ah machi problem
ham,"K, I might come by tonight then if my class lets out early",k might come tonight class lets early
ham,Its hard to believe things like this. All can say lie but think twice before saying anything to me.,hard believe things like say lie think twice saying anything
spam,"Urgent UR awarded a complimentary trip to EuroDisinc Trav, Aco&Entry41 Or £1000. To claim txt DIS to 87121 18+6*£1.50(moreFrmMob. ShrAcomOrSglSuplt)10, LS1 3AJ",urgent ur awarded complimentary trip eurodisinc trav aco entry claim txt dis morefrmmob shracomorsglsuplt ls aj
ham,I (Career Tel) have added u as a contact on INDYAROCKS.COM to send FREE SMS. To remove from phonebook - sms NO to  &lt;#&gt;,career tel added u contact indyarocks com send free sms remove phonebook sms lt gt
ham,Good night my dear.. Sleepwell&amp;Take care,good night dear sleepwell amp take care
ham,meet you in corporation st outside gap … you can see how my mind is working!,meet corporation st outside gap see mind working
spam,"5 Free Top Polyphonic Tones call 087018728737, National Rate. Get a toppoly tune sent every week, just text SUBPOLY to 81618, £3 per pole. UnSub 08718727870.",free top polyphonic tones call national rate get toppoly tune sent every week text subpoly per pole unsub
ham,yes baby! I need to stretch open your pussy!,yes baby need stretch open pussy
ham,My uncles in Atlanta. Wish you guys a great semester.,uncles atlanta wish guys great semester
spam,Congratulations ur awarded either a yrs supply of CDs from Virgin Records or a Mystery Gift GUARANTEED Call 09061104283 Ts&Cs www.smsco.net £1.50pm approx 3mins,congratulations ur awarded either yrs supply cds virgin records mystery gift guaranteed call ts cs pm approx mins
ham,Check audrey's status right now,check audrey status right
spam,"For ur chance to win a £250 cash every wk TXT: ACTION to 80608. T's&C's www.movietrivia.tv custcare 08712405022, 1x150p/wk.",ur chance win cash every wk txt action c custcare x p wk
ham,Hey what happen de. Are you alright.,hey happen de alright
spam,U’ve Bin Awarded £50 to Play 4 Instant Cash. Call 08715203028 To Claim. EVERY 9th Player Wins Min £50-£500. OptOut 08718727870,u bin awarded play instant cash call claim every th player wins min optout
ham,"I noe la... U wana pei bf oso rite... K lor, other days den...",noe la u wana pei bf oso rite k lor days den
spam,Please call our customer service representative on 0800 169 6031 between 10am-9pm as you have WON a guaranteed £1000 cash or £5000 prize!,please call customer service representative pm guaranteed cash prize
ham,I'm in office now . I will call you  &lt;#&gt;  min:),office call lt gt min
ham,"Sure, if I get an acknowledgement from you that it's astoundingly tactless and generally faggy to demand a blood oath fo",sure get acknowledgement astoundingly tactless generally faggy demand blood oath fo
ham,Alex knows a guy who sells mids but he's down in south tampa and I don't think I could set it up before like 8,alex knows guy sells mids south tampa think could set like
ham,"7 wonders in My WORLD 7th You 6th Ur style 5th Ur smile 4th Ur Personality 3rd Ur Nature 2nd Ur SMS and 1st ""Ur Lovely Friendship""... good morning dear",wonders world th th ur style th ur smile th ur personality rd ur nature nd ur sms st ur lovely friendship good morning dear
ham,I fetch yun or u fetch?,fetch yun u fetch
ham,Badrith is only for chennai:)i will surely pick for us:)no competition for him.,badrith chennai surely pick us competition
ham,No..he joined today itself.,joined today
ham,Tessy..pls do me a favor. Pls convey my birthday wishes to Nimya..pls dnt forget it. Today is her birthday Shijas,tessy pls favor pls convey birthday wishes nimya pls dnt forget today birthday shijas
ham,Can you call me plz. Your number shows out of coveragd area. I have urgnt call in vasai &amp; have to reach before 4'o clock so call me plz,call plz number shows coveragd area urgnt call vasai amp reach clock call plz
ham,"The sign of maturity is not when we start saying big things.. But actually it is, when we start understanding small things... *HAVE A NICE EVENING* BSLVYL",sign maturity start saying big things actually start understanding small things nice evening bslvyl
ham,Go where n buy? Juz buy when we get there lar.,go n buy juz buy get lar
ham,Ok i msg u b4 i leave my house.,ok msg u b leave house
ham,What happened to our yo date?,happened yo date
ham,"Waqt se pehle or naseeb se zyada kisi ko kuch nahi milta,Zindgi wo nahi he jo hum sochte hai Zindgi wo hai jo ham jeetey hai..........",waqt se pehle naseeb se zyada kisi ko kuch nahi milta zindgi wo nahi jo hum sochte hai zindgi wo hai jo ham jeetey hai
ham,Ok I'm gonna head up to usf in like fifteen minutes,ok gon na head usf like fifteen minutes
ham,The new deus ex game comin early next yr,new deus ex game comin early next yr
ham,I think it's all still in my car,think still car
ham,From someone not to smoke when every time I've smoked in the last two weeks is because of you calling or texting me that you wanted to smoke,someone smoke every time smoked last two weeks calling texting wanted smoke
ham,Waiting for your call.,waiting call
ham,"Got fujitsu, ibm, hp, toshiba... Got a lot of model how to say...",got fujitsu ibm hp toshiba got lot model say
ham,Does not operate after  &lt;#&gt;  or what,operate lt gt
ham,Remember on that day..,remember day
ham,K then 2marrow are you coming to class.,k marrow coming class
ham,Take care and sleep well.you need to learn to change in life.you only need to get CONVINCED on that.i will wait but no more conversations between us.GET CONVINCED by that time.Your family is over for you in many senses.respect them but not overemphasise.or u have no role in my life.,take care sleep well need learn change life need get convinced wait conversations us get convinced time family many senses respect overemphasise u role life
ham,Nothing just getting msgs by dis name wit different no's..,nothing getting msgs dis name wit different
ham,What type of stuff do you sing?,type stuff sing
ham,K still are you loving me.,k still loving
ham,Nope. Meanwhile she talk say make i greet you.,nope meanwhile talk say make greet
ham,But I'm on a diet. And I ate 1 too many slices of pizza yesterday. Ugh I'm ALWAYS on a diet.,diet ate many slices pizza yesterday ugh always diet
ham,Hey leave it. not a big deal:-) take care.,hey leave big deal take care
ham,I'll probably be by tomorrow (or even later tonight if something's going on),probably tomorrow even later tonight something going
ham,Yeah imma come over cause jay wants to do some drugs,yeah imma come cause jay wants drugs
ham,I just really need shit before tomorrow and I know you won't be awake before like 6,really need shit tomorrow know awake like
ham,Hi neva worry bout da truth coz the truth will lead me 2 ur heart. Its the least a unique person like u deserve. Sleep tight or morning,hi neva worry bout da truth coz truth lead ur heart least unique person like u deserve sleep tight morning
ham,Even if he my friend he is a priest call him now,even friend priest call
ham,Okay lor... Wah... like that def they wont let us go... Haha... What did they say in the terms and conditions?,okay lor wah like def wont let us go haha say terms conditions
spam,"Thank you, winner notified by sms. Good Luck! No future marketing reply STOP to 84122 customer services 08450542832",thank winner notified sms good luck future marketing reply stop customer services
spam,+123 Congratulations - in this week's competition draw u have won the £1450 prize to claim just call 09050002311 b4280703. T&Cs/stop SMS 08718727868. Over 18 only 150ppm,congratulations week competition draw u prize claim call b cs stop sms ppm
ham,Hi missed your Call and my mumHas beendropping red wine all over theplace! what is your adress?,hi missed call mumhas beendropping red wine theplace adress
spam,Had your mobile 10 mths? Update to latest Orange camera/video phones for FREE. Save £s with Free texts/weekend calls. Text YES for a callback orno to opt out,mobile mths update latest orange camera video phones free save free texts weekend calls text yes callback orno opt
ham,Yar i wanted 2 scold u yest but late already... I where got zhong se qing you? If u ask me b4 he ask me then i'll go out w u all lor. N u still can act so real.,yar wanted scold u yest late already got zhong se qing u ask b ask go w u lor n u still act real
ham,"Hey chief, can you give me a bell when you get this. Need to talk to you about this royal visit on the 1st june. ",hey chief give bell get need talk royal visit st june
ham,"Jay wants to work out first, how's 4 sound?",jay wants work first sound
ham,Thanks love. But am i doing torch or bold.,thanks love torch bold
ham,"Good evening Sir, Al Salam Wahleykkum.sharing a happy news.By the grace of God, i got an offer from Tayseer,TISSCO and i joined.Hope you are fine.Inshah Allah,meet you sometime.Rakhesh,visitor from India.",good evening sir al salam wahleykkum sharing happy news grace god got offer tayseer tissco joined hope fine inshah allah meet sometime rakhesh visitor india
ham,I'm so in love with you. I'm excited each day i spend with you. You make me so happy.,love excited day spend make happy
ham,Ok...,ok
ham,Da my birthdate in certificate is in april but real date is today. But dont publish it. I shall give you a special treat if you keep the secret. Any way thanks for the wishes,da birthdate certificate april real date today dont publish shall give special treat keep secret way thanks wishes
ham,Ok i wont call or disturb any one. I know all are avoiding me. I am a burden for all,ok wont call disturb one know avoiding burden
ham,Do u ever get a song stuck in your head for no reason and it won't go away til u listen to it like 5 times?,u ever get song stuck head reason go away til u listen like times
spam,New TEXTBUDDY Chat 2 horny guys in ur area 4 just 25p Free 2 receive Search postcode or at gaytextbuddy.com. TXT ONE name to 89693,new textbuddy chat horny guys ur area p free receive search postcode gaytextbuddy com txt one name
ham,Cramps stopped. Going back to sleep,cramps stopped going back sleep
ham,"Ok that would b lovely, if u r sure. Think about wot u want to do, drinkin, dancin, eatin, cinema, in, out, about... Up to u! Wot about ? ",ok would b lovely u r sure think wot u want drinkin dancin eatin cinema u wot
ham,Sorry de i went to shop.,sorry de went shop
ham,Aight do you still want to get money,aight still want get money
ham,Dunno lei... I might b eatin wif my frens... If ü wan to eat then i wait 4 ü lar,dunno lei might b eatin wif frens wan eat wait lar
spam,"For ur chance to win £250 cash every wk TXT: PLAY to 83370. T's&C's www.music-trivia.net custcare 08715705022, 1x150p/wk.",ur chance win cash every wk txt play c custcare x p wk
ham,Sian... Aft meeting supervisor got work 2 do liao... U working now?,sian aft meeting supervisor got work liao u working
ham,I think asking for a gym is the excuse for lazy people. I jog.,think asking gym excuse lazy people jog
ham,Hi! You just spoke to MANEESHA V. We'd like to know if you were satisfied with the experience. Reply Toll Free with Yes or No.,hi spoke maneesha v like know satisfied experience reply toll free yes
ham,What u talking bout early morning? It's almost noon where your at!,u talking bout early morning almost noon
ham,"hey, looks like I was wrong and one of the kappa guys numbers is still on my phone, if you want I can text him and see if he's around",hey looks like wrong one kappa guys numbers still phone want text see around
ham,And also I've sorta blown him off a couple times recently so id rather not text him out of the blue looking for weed,also sorta blown couple times recently id rather text blue looking weed
ham,Mum not going robinson already.,mum going robinson already
ham,Draw va?i dont think so:),draw va dont think
ham,For my family happiness..,family happiness
ham,Hi! This is Roger from CL. How are you?,hi roger cl
ham,"Not yet chikku..going to room nw, i'm in bus..",yet chikku going room nw bus
ham,You in your room? I need a few,room need
ham,"K.. I yan jiu liao... Sat we can go 4 bugis vill one frm 10 to 3 den hop to parco 4 nb. Sun can go cine frm 1030 to 2, den hop to orc mrt 4 hip hop at 4...",k yan jiu liao sat go bugis vill one frm den hop parco nb sun go cine frm den hop orc mrt hip hop
ham,I liked your new house,liked new house
ham,K k:) sms chat with me.,k k sms chat
ham,Also where's the piece,also piece
ham,"Dear Hero,i am leaving to qatar tonite for an apt opportunity.pls do keep in touch at  &lt;EMAIL&gt; ,kerala",dear hero leaving qatar tonite apt opportunity pls keep touch lt email gt kerala
ham,He's in lag. That's just the sad part but we keep in touch thanks to skype,lag sad part keep touch thanks skype
ham,K.i will send in  &lt;#&gt;  min:),k send lt gt min
ham,K..i deleted my contact that why?,k deleted contact
ham,Hi this is yijue... It's regarding the 3230 textbook it's intro to algorithms second edition... I'm selling it for $50...,hi yijue regarding textbook intro algorithms second edition selling
spam,Congratulations ur awarded 500 of CD vouchers or 125gift guaranteed & Free entry 2 100 wkly draw txt MUSIC to 87066,congratulations ur awarded cd vouchers gift guaranteed free entry wkly draw txt music
spam,ASKED 3MOBILE IF 0870 CHATLINES INCLU IN FREE MINS. INDIA CUST SERVs SED YES. L8ER GOT MEGA BILL. 3 DONT GIV A SHIT. BAILIFF DUE IN DAYS. I O £250 3 WANT £800,asked mobile chatlines inclu free mins india cust servs sed yes l er got mega bill dont giv shit bailiff due days want
ham,Ü bot notes oredi... Cos i juz rem i got...,bot notes oredi cos juz rem got
ham,I told your number to gautham..,told number gautham
ham,i can call in  &lt;#&gt;  min if thats ok,call lt gt min thats ok
ham,"It's that time of the week again, ryan",time week ryan
ham,Hey do you want anything to buy:),hey want anything buy
ham,"Nothing really, just making sure everybody's up to speed",nothing really making sure everybody speed
ham,"No my blankets are sufficient, thx",blankets sufficient thx
ham,I enjoy watching and playing football and basketball. Anything outdoors. And you?,enjoy watching playing football basketball anything outdoors
ham,Yes. Nigh you cant aha.,yes nigh cant aha
ham,make that 3! 4 fucks sake?! x,make fucks sake x
ham,I AM AT A PARTY WITH ALEX NICHOLS,party alex nichols
ham,From here after The performance award is calculated every two month.not for current one month period..,performance award calculated every two month current one month period
ham,I thk 50 shd be ok he said plus minus 10.. Did ü leave a line in between paragraphs?,thk shd ok said plus minus leave line paragraphs
ham,Oh k. . I will come tomorrow,oh k come tomorrow
spam,Want the latest Video handset? 750 anytime any network mins? Half price line rental? Reply or call 08000930705 for delivery tomorrow,want latest video handset anytime network mins half price line rental reply call delivery tomorrow
ham,"Anyway I don't think I can secure anything up here, lemme know if you want me to drive down south and chill",anyway think secure anything lem know want drive south chill
ham,I will be gentle baby! Soon you will be taking all  &lt;#&gt;  inches deep inside your tight pussy...,gentle baby soon taking lt gt inches deep inside tight pussy
ham,Discussed with your mother ah?,discussed mother ah
ham,Was just about to ask. Will keep this one. Maybe that's why you didn't get all the messages we sent you on glo,ask keep one maybe get messages sent glo
ham,Would really appreciate if you call me. Just need someone to talk to.,would really appreciate call need someone talk
ham,Otherwise had part time job na-tuition..,otherwise part time job na tuition
ham,"see, i knew giving you a break a few times woul lead to you always wanting to miss curfew. I was gonna gibe you 'til one, but a MIDNIGHT movie is not gonna get out til after 2. You need to come home. You need to getsleep and, if anything, you need to b studdying ear training.",see knew giving break times woul lead always wanting miss curfew gon na gibe til one midnight movie gon na get til need come home need getsleep anything need b studdying ear training
ham,"Sorry that took so long, omw now",sorry took long omw
ham,Now get step 2 outta the way. Congrats again.,get step outta way congrats
ham,"Hiya, had a good day? Have you spoken to since the weekend?",hiya good day spoken since weekend
ham,Wat ü doing now?,wat
ham,Oh really?? Did you make it on air? What's your talent?,oh really make air talent
ham,You intrepid duo you! Have a great time and see you both soon. ,intrepid duo great time see soon
ham,"Good afternoon loverboy ! How goes you day ? Any luck come your way? I think of you, sweetie and send my love across the sea to make you smile and happy",good afternoon loverboy goes day luck come way think sweetie send love across sea make smile happy
ham,"Did I forget to tell you ? I want you , I need you, I crave you ... But most of all ... I love you my sweet Arabian steed ... Mmmmmm ... Yummy",forget tell want need crave love sweet arabian steed mmmmmm yummy
ham,Ok lor ü reaching then message me.,ok lor reaching message
spam,FreeMsg Today's the day if you are ready! I'm horny & live in your town. I love sex fun & games! Netcollex Ltd 08700621170150p per msg reply Stop to end,freemsg today day ready horny live town love sex fun games netcollex ltd p per msg reply stop end
spam,"Congrats! 2 mobile 3G Videophones R yours. call 09063458130 now! videochat wid your mates, play java games, Dload polyPH music, noline rentl.",congrats mobile g videophones r call videochat wid mates play java games dload polyph music noline rentl
ham,"Hi the way I was with u 2day, is the normal way&this is the real me. UR unique&I hope I know u 4 the rest of mylife. Hope u find wot was lost.",hi way u day normal way real ur unique hope know u rest mylife hope u find wot lost
ham,Finish liao... U?,finish liao u
ham,I am in escape theatre now. . Going to watch KAVALAN in a few minutes,escape theatre going watch kavalan minutes
ham,I dunno lei... Like dun haf...,dunno lei like dun haf
ham,Arun can u transfr me d amt,arun u transfr amt
ham,Was gr8 to see that message. So when r u leaving? Congrats dear. What school and wat r ur plans.,gr see message r u leaving congrats dear school wat r ur plans
ham,Anything lor is she coming?,anything lor coming
spam,"Mila, age23, blonde, new in UK. I look sex with UK guys. if u like fun with me. Text MTALK to 69866.18 . 30pp/txt 1st 5free. £1.50 increments. Help08718728876",mila age blonde new uk look sex uk guys u like fun text mtalk pp txt st free increments help
ham,Yeah if we do have to get a random dude we need to change our info sheets to PARTY  &lt;#&gt; /7 NEVER STUDY just to be safe,yeah get random dude need change info sheets party lt gt never study safe
ham,Are you there in room.,room
ham,Was actually about to send you a reminder today. Have a wonderful weekend,actually send reminder today wonderful weekend
spam,"YOUR CHANCE TO BE ON A REALITY FANTASY SHOW call now = 08707509020 Just 20p per min NTT Ltd, PO Box 1327 Croydon CR9 5WB 0870 is a national = rate call",chance reality fantasy show call p per min ntt ltd po box croydon cr wb national rate call
ham,"SHIT BABE.. THASA BIT MESSED UP.YEH, SHE SHUDVETOLD U. DID URGRAN KNOW?NEWAY, ILLSPEAK 2 U2MORO WEN IM NOT ASLEEP...",shit babe thasa bit messed yeh shudvetold u urgran know neway illspeak u moro wen im asleep
ham,Apps class varaya elaya.,apps class varaya elaya
ham,Sos! Any amount i can get pls.,sos amount get pls
ham,Erutupalam thandiyachu,erutupalam thandiyachu
ham,Lmao but its so fun...,lmao fun
ham,Did u find a sitter for kaitlyn? I was sick and slept all day yesterday.,u find sitter kaitlyn sick slept day yesterday
ham,Yeah I imagine he would be really gentle. Unlike the other docs who treat their patients like turkeys.,yeah imagine would really gentle unlike docs treat patients like turkeys
ham,Finish already... Yar they keep saying i mushy... I so embarrassed ok...,finish already yar keep saying mushy embarrassed ok
ham,Ok ill send you with in  &lt;DECIMAL&gt;  ok.,ok ill send lt decimal gt ok
ham,Cool. Do you like swimming? I have a pool and jacuzzi at my house.,cool like swimming pool jacuzzi house
ham,Allo! We have braved the buses and taken on the trains and triumphed. I mean we‘re in b‘ham. Have a jolly good rest of week,allo braved buses taken trains triumphed mean b ham jolly good rest week
ham,I lost 4 pounds since my doc visit last week woot woot! Now I'm gonna celebrate by stuffing my face!,lost pounds since doc visit last week woot woot gon na celebrate stuffing face
spam,LIFE has never been this much fun and great until you came in. You made it truly special for me. I won't forget you! enjoy @ one gbp/sms,life never much fun great came made truly special forget enjoy one gbp sms
ham,"Gosh that , what a pain. Spose I better come then.",gosh pain spose better come
ham,Talk With Yourself Atleast Once In A Day...!!! Otherwise You Will Miss Your Best FRIEND In This WORLD...!!! -Shakespeare- SHESIL  &lt;#&gt;,talk atleast day otherwise miss best friend world shakespeare shesil lt gt
ham,Just sleeping..and surfing,sleeping surfing
ham,Oh Howda gud gud.. Mathe en samachara chikku:-),oh howda gud gud mathe en samachara chikku
ham,"Motivate Behind every darkness, there is a shining light waiting for you to find it... Behind every best friend, there is always trust and love... BSLVYL",motivate behind every darkness shining light waiting find behind every best friend always trust love bslvyl
spam,Jamster! To get your free wallpaper text HEART to 88888 now! T&C apply. 16 only. Need Help? Call 08701213186.,jamster get free wallpaper text heart c apply need help call
ham,Wat so late still early mah. Or we juz go 4 dinner lor. Aiya i dunno...,wat late still early mah juz go dinner lor aiya dunno
ham,I think that tantrum's finished so yeah I'll be by at some point,think tantrum finished yeah point
ham,How are you doing. How's the queen. Are you going for the royal wedding,queen going royal wedding
ham,Fffff. Can you text kadeem or are you too far gone,fffff text kadeem far gone
ham,Well at this right I'm gonna have to get up and check today's steam sales/pee so text me when you want me to come get you,well right gon na get check today steam sales pee text want come get
ham,NO GIFTS!! You trying to get me to throw myself off a cliff or something?,gifts trying get throw cliff something
ham,Also are you bringing galileo or dobby,also bringing galileo dobby
ham,I dont know what to do to come out of this so only am ask questions like this dont mistake me.,dont know come ask questions like dont mistake
ham,"Hi Shanil,Rakhesh here.thanks,i have exchanged the uncut diamond stuff.leaving back. Excellent service by Dino and Prem.",hi shanil rakhesh thanks exchanged uncut diamond stuff leaving back excellent service dino prem
ham,My sort code is  and acc no is . The bank is natwest. Can you reply to confirm i've sent this to the right person!,sort code acc bank natwest reply confirm sent right person
ham,"Vikky, come around  &lt;TIME&gt; ..",vikky come around lt time gt
ham,"There'll be a minor shindig at my place later tonight, you interested?",minor shindig place later tonight interested
ham,Don know..wait i will check it.,know wait check
ham,Then ü come n pick me at 530 ar?,come n pick ar
spam,Am new 2 club & dont fink we met yet Will B gr8 2 C U Please leave msg 2day wiv ur area 09099726553 reply promised CARLIE x Calls£1/minMobsmore LKPOBOX177HP51FL,new club dont fink met yet b gr c u please leave msg day wiv ur area reply promised carlie x calls minmobsmore lkpobox hp fl
ham,"Dear, will call Tmorrow.pls accomodate.",dear call tmorrow pls accomodate
ham,ALRITE HUNNY!WOT U UP 2 2NITE? DIDNT END UP GOIN DOWN TOWN JUS DA PUB INSTEAD! JUS CHILLIN AT DA MO IN ME BEDROOM!LOVE JEN XXX.,alrite hunny wot u nite didnt end goin town jus da pub instead jus chillin da mo bedroom love jen xxx
ham,Got but got 2 colours lor. One colour is quite light n e other is darker lor. Actually i'm done she's styling my hair now.,got got colours lor one colour quite light n e darker lor actually done styling hair
ham,I came hostel. I m going to sleep. Plz call me up before class. Hrishi.,came hostel going sleep plz call class hrishi
ham,645,
ham,My slave! I want you to take 2 or 3 pictures of yourself today in bright light on your cell phone! Bright light!,slave want take pictures today bright light cell phone bright light
ham,Or ü go buy wif him then i meet ü later can?,go buy wif meet later
ham,"Hiya , have u been paying money into my account? If so, thanks. Got a pleasant surprise when i checked my balance -u c, i don't get statements 4 that acc",hiya u paying money account thanks got pleasant surprise checked balance u c get statements acc
ham,Been running but only managed 5 minutes and then needed oxygen! Might have to resort to the roller option!,running managed minutes needed oxygen might resort roller option
ham,R u sure they'll understand that! Wine * good idea just had a slurp!,r u sure understand wine good idea slurp
ham,Carlos says he'll be at mu in  &lt;#&gt;  minutes,carlos says mu lt gt minutes
ham,Yar lor actually we quite fast... Cos da ge slow wat... Haha...,yar lor actually quite fast cos da ge slow wat haha
ham,Wait . I will msg after  &lt;#&gt;  min.,wait msg lt gt min
spam,URGENT! We are trying to contact U. Todays draw shows that you have won a £2000 prize GUARANTEED. Call 09058094507 from land line. Claim 3030. Valid 12hrs only,urgent trying contact u todays draw shows prize guaranteed call land line claim valid hrs
ham,"… we r stayin here an extra week, back next wed. How did we do in the rugby this weekend? Hi to and and , c u soon """,r stayin extra week back next wed rugby weekend hi c u soon
spam,CDs 4u: Congratulations ur awarded £500 of CD gift vouchers or £125 gift guaranteed & Freeentry 2 £100 wkly draw xt MUSIC to 87066 TnCs www.ldew.com1win150ppmx3age16 ,cds u congratulations ur awarded cd gift vouchers gift guaranteed freeentry wkly draw xt music tncs
ham,"Just got some gas money, any chance you and the gang want to go on a grand nature adventure?",got gas money chance gang want go grand nature adventure
ham,NEFT Transaction with reference number  &lt;#&gt;  for Rs. &lt;DECIMAL&gt;  has been credited to the beneficiary account on  &lt;#&gt;  at  &lt;TIME&gt; : &lt;#&gt;,neft transaction reference number lt gt rs lt decimal gt credited beneficiary account lt gt lt time gt lt gt
ham,Double eviction this week - Spiral and Michael and good riddance to them!,double eviction week spiral michael good riddance
ham,"Sorry, I'll call later",sorry call later
ham,Okay... We wait ah,okay wait ah
spam,Update_Now - 12Mths Half Price Orange line rental: 400mins...Call MobileUpd8 on 08000839402 or call2optout=J5Q,update mths half price orange line rental mins call mobileupd call optout j q
ham,Dis is yijue. I jus saw ur mail. In case huiming havent sent u my num. Dis is my num.,dis yijue jus saw ur mail case huiming havent sent u num dis num
ham,"I'm there and I can see you, but you can't see me ? Maybe you should reboot ym ? I seen the buzz",see see maybe reboot ym seen buzz
ham,How would my ip address test that considering my computer isn't a minecraft server,would ip address test considering computer minecraft server
ham,"wiskey Brandy Rum Gin Beer Vodka Scotch Shampain Wine ""KUDI""yarasu dhina vaazhthukkal. ..",wiskey brandy rum gin beer vodka scotch shampain wine kudi yarasu dhina vaazhthukkal
ham,U wan 2 haf lunch i'm in da canteen now.,u wan haf lunch da canteen
ham,Yes princess! I want to make you happy...,yes princess want make happy
ham,Sorry i'm not free...,sorry free
ham,Are you staying in town ?,staying town
spam,You have 1 new message. Please call 08718738034.,new message please call
ham,Except theres a chick with huge boobs.,except theres chick huge boobs
ham,"Do you know why god created gap between your fingers..? So that, One who is made for you comes &amp; fills those gaps by holding your hand with LOVE..!",know god created gap fingers one made comes amp fills gaps holding hand love
ham,If i not meeting ü all rite then i'll go home lor. If ü dun feel like comin it's ok.,meeting rite go home lor dun feel like comin ok
ham,Hope you are having a good week. Just checking in,hope good week checking
ham,When u love someone Dont make them to love u as much as u do. But Love them so much that they dont want to be loved by anyone except you... Gud nit.,u love someone dont make love u much u love much dont want loved anyone except gud nit
ham,"Nothing, i got msg frm tht unknown no..",nothing got msg frm tht unknown
ham,Yep get with the program. You're slacking.,yep get program slacking
ham,HI DARLIN I FINISH AT 3 DO U 1 2 PICK ME UP OR MEET ME? TEXT BACK ON THIS NUMBER LUV KATE XXX,hi darlin finish u pick meet text back number luv kate xxx
ham,"Sir, I am waiting for your mail.",sir waiting mail
ham,You only hate me. You can call any but you didnt accept even a single call of mine. Or even you messaged,hate call didnt accept even single call mine even messaged
ham,Pls she needs to dat slowly or she will vomit more.,pls needs dat slowly vomit
ham,Hey darlin.. i can pick u up at college if u tell me wen & where 2 mt.. love Pete xx,hey darlin pick u college u tell wen mt love pete xx
spam,Phony £350 award - Todays Voda numbers ending XXXX are selected to receive a £350 award. If you have a match please call 08712300220 quoting claim code 3100 standard rates app,phony award todays voda numbers ending xxxx selected receive award match please call quoting claim code standard rates app
ham,"Height of Confidence: All the Aeronautics professors wer calld &amp; they wer askd 2 sit in an aeroplane. Aftr they sat they wer told dat the plane ws made by their students. Dey all hurried out of d plane.. Bt only 1 didnt move... He said:""if it is made by my students,this wont even start........ Datz confidence..",height confidence aeronautics professors wer calld amp wer askd sit aeroplane aftr sat wer told dat plane ws made students dey hurried plane bt didnt move said made students wont even start datz confidence
spam,85233 FREE>Ringtone!Reply REAL,free ringtone reply real
ham,Pandy joined 4w technologies today.he got job..,pandy joined w technologies today got job
ham,Noice. Text me when you're here,noice text
ham,My tuition is at 330. Hm we go for the 1120 to 1205 one? Do you mind?,tuition hm go one mind
ham,Ok ill tell the company,ok ill tell company
ham,Oh wow thats gay. Will firmware update help,oh wow thats gay firmware update help
ham,* You gonna ring this weekend or wot?,gon na ring weekend wot
ham,I will be outside office take all from there,outside office take
ham,Ill call you evening ill some ideas.,ill call evening ill ideas
spam,Urgent Ur £500 guaranteed award is still unclaimed! Call 09066368327 NOW closingdate04/09/02 claimcode M39M51 £1.50pmmorefrommobile2Bremoved-MobyPOBox734LS27YF,urgent ur guaranteed award still unclaimed call closingdate claimcode pmmorefrommobile bremoved mobypobox ls yf
ham,"Please protect yourself from e-threats. SIB never asks for sensitive information like Passwords,ATM/SMS PIN thru email. Never share your password with anybody.",please protect e threats sib never asks sensitive information like passwords atm sms pin thru email never share password anybody
ham,Who were those people ? Were you in a tour ? I thought you were doing that sofa thing you sent me ? Your curious sugar,people tour thought sofa thing sent curious sugar
ham,Merry christmas to u too annie!,merry christmas u annie
ham,"That's fine, have him give me a call if he knows what he wants or has any questions",fine give call knows wants questions
spam,Free video camera phones with Half Price line rental for 12 mths and 500 cross ntwk mins 100 txts. Call MobileUpd8 08001950382 or Call2OptOut/674,free video camera phones half price line rental mths cross ntwk mins txts call mobileupd call optout
ham,Full heat pa:-) i have applyed oil pa.,full heat pa applyed oil pa
ham,Nite nite pocay wocay luv u more than n e thing 4eva I promise ring u 2morrowxxxx,nite nite pocay wocay luv u n e thing eva promise ring u morrowxxxx
ham,Really do hope the work doesnt get stressful. Have a gr8 day.,really hope work doesnt get stressful gr day
ham,Aiyo a bit pai seh ü noe... Scared he dun rem who i am then die... Hee... But he become better lookin oredi leh...,aiyo bit pai seh noe scared dun rem die hee become better lookin oredi leh
ham,For many things its an antibiotic and it can be used for chest abdomen and gynae infections even bone infections.,many things antibiotic used chest abdomen gynae infections even bone infections
ham,Okie...,okie
ham,How much r ü willing to pay?,much r willing pay
ham,Thanx u darlin!im cool thanx. A few bday drinks 2 nite. 2morrow off! Take care c u soon.xxx,thanx u darlin im cool thanx bday drinks nite morrow take care c u soon xxx
ham,"2 celebrate my bday, y else?",celebrate b day else
ham,Thk some of em find wtc too far... Weiyi not goin... E rest i dunno yet... R ur goin 4 dinner den i might b able to join...,thk em find wtc far weiyi goin e rest dunno yet r ur goin dinner den might b able join
ham,Hai priya are you right. What doctor said pa. Where are you.,hai priya right doctor said pa
ham,Dont you have message offer,dont message offer
ham,"THATS ALRITE GIRL, U KNOW GAIL IS NEVA WRONG!!TAKE CARE SWEET AND DONT WORRY.C U L8TR HUN!LOVE Yaxxx",alrite girl u know gail neva wrong take care sweet worry c u l tr hun love yaxxx
ham,So can collect ur laptop?,collect ur laptop
ham,Probably gonna swing by in a wee bit,probably gon na swing wee bit
ham, &lt;#&gt;  mins but i had to stop somewhere first.,lt gt mins stop somewhere first
ham,Nobody can decide where to eat and dad wants Chinese,nobody decide eat dad wants chinese
ham,I dont want to hear philosophy. Just say what happen,dont want hear philosophy say happen
ham,Oh ho. Is this the first time u use these type of words,oh ho first time u use type words
ham,No calls..messages..missed calls,calls messages missed calls
ham,Ryder unsold.now gibbs.,ryder unsold gibbs
ham,Hello beautiful r u ok? I've kinda ad a row wiv and he walked out the pub?? I wanted a night wiv u Miss u ,hello beautiful r u ok kinda ad row wiv walked pub wanted night wiv u miss u
ham,I am going to sao mu today. Will be done only at 12 ,going sao mu today done
ham,Just nw i came to hme da..,nw came hme da
ham,I guess it is useless calling u 4 something important.,guess useless calling u something important
ham,Ok. C u then.,ok c u
ham,I dont understand your message.,dont understand message
ham,Convey my regards to him,convey regards
ham,Thanks a lot for your wishes on my birthday. Thanks you for making my birthday truly memorable.,thanks lot wishes birthday thanks making birthday truly memorable
ham,Eek that's a lot of time especially since American Pie is like 8 minutes long. I can't stop singing it.,eek lot time especially since american pie like minutes long stop singing
ham,Sad story of a Man - Last week was my b'day. My Wife did'nt wish me. My Parents forgot n so did my Kids . I went to work. Even my Colleagues did not wish.,sad story man last week b day wife nt wish parents forgot n kids went work even colleagues wish
ham,"I keep seeing weird shit and bein all ""woah"" then realising it's actually reasonable and I'm all ""oh""",keep seeing weird shit bein woah realising actually reasonable oh
ham,I wish things were different. I wonder when i will be able to show you how much i value you. Pls continue the brisk walks no drugs without askin me please and find things to laugh about. I love you dearly.,wish things different wonder able show much value pls continue brisk walks drugs without askin please find things laugh love dearly
ham,"Ahhhh...just woken up!had a bad dream about u tho,so i dont like u right now :) i didnt know anything about comedy night but i guess im up for it.",ahhhh woken bad dream u tho dont like u right didnt know anything comedy night guess im
ham,"A boy was late 2 home. His father: ""POWER OF FRNDSHIP""",boy late home father power frndship
ham,Oh just getting even with u.... u?,oh getting even u u
ham,"Same here, but I consider walls and bunkers and shit important just because I never play on peaceful but I guess your place is high enough that it don't matter",consider walls bunkers shit important never play peaceful guess place high enough matter
ham,Get me out of this dump heap. My mom decided to come to lowes. BORING.,get dump heap mom decided come lowes boring
spam,"FREE RING TONE just text ""POLYS"" to 87131. Then every week get a new tone. 0870737910216yrs only £1.50/wk.",free ring tone text polys every week get new tone yrs wk
ham,"Alright we'll bring it to you, see you in like  &lt;#&gt;  mins",alright bring see like lt gt mins
spam,"Congrats! 1 year special cinema pass for 2 is yours. call 09061209465 now! C Suprman V, Matrix3, StarWars3, etc all 4 FREE! bx420-ip4-5we. 150pm. Dont miss out!",congrats year special cinema pass call c suprman v matrix starwars etc free bx ip pm dont miss
ham,Lara said she can loan me  &lt;#&gt; .,lara said loan lt gt
ham,My supervisor find 4 me one lor i thk his students. I havent ask her yet. Tell u aft i ask her.,supervisor find one lor thk students havent ask yet tell u aft ask
ham,Where are you call me.,call
ham,You still at the game?,still game
ham,"Hiya, sorry didn't hav signal. I haven't seen or heard from and neither has, which is unusual in itself! I'll put on the case and get him to sort it out! Hugs and snogs.",hiya sorry hav signal seen heard neither unusual put case get sort hugs snogs
spam,"URGENT! Your mobile No 07xxxxxxxxx won a £2,000 bonus caller prize on 02/06/03! this is the 2nd attempt to reach YOU! call 09066362231 ASAP! BOX97N7QP, 150PPM",urgent mobile xxxxxxxxx bonus caller prize nd attempt reach call asap box n qp ppm
ham,I love u 2 babe! R u sure everything is alrite. Is he being an idiot? Txt bak girlie,love u babe r u sure everything alrite idiot txt bak girlie
ham,Ok pa. Nothing problem:-),ok pa nothing problem
spam,"Get 3 Lions England tone, reply lionm 4 mono or lionp 4 poly. 4 more go 2 www.ringtones.co.uk, the original n best. Tones 3GBP network operator rates apply.",get lions england tone reply lionm mono lionp poly go original n best tones gbp network operator rates apply
ham,I'm home. Doc gave me pain meds says everything is fine.,home doc gave pain meds says everything fine
ham,Hey gals.. Anyone of u going down to e driving centre tmr?,hey gals anyone u going e driving centre tmr
ham,I'm in chennai velachery:),chennai velachery
ham,Thx. All will be well in a few months,thx well months
ham,Of cos can lar i'm not so ba dao ok... 1 pm lor... Y u never ask where we go ah... I said u would ask on fri but he said u will ask today...,cos lar ba dao ok pm lor u never ask go ah said u would ask fri said u ask today
ham,Whatsup there. Dont u want to sleep,whatsup dont u want sleep
ham,Also fuck you and your family for going to rhode island or wherever the fuck and leaving me all alone the week I have a new bong &gt;:(,also fuck family going rhode island wherever fuck leaving alone week new bong gt
ham,I HAVE A DATE ON SUNDAY WITH WILL!!,date sunday
ham,I plane to give on this month end.,plane give month end
ham,Dont gimme that lip caveboy,dont gim lip caveboy
spam,Free video camera phones with Half Price line rental for 12 mths and 500 cross ntwk mins 100 txts. Call MobileUpd8 08001950382 or Call2OptOut/674&,free video camera phones half price line rental mths cross ntwk mins txts call mobileupd call optout
ham,either way works for me. I am  &lt;#&gt;  years old. Hope that doesnt bother you.,either way works lt gt years old hope doesnt bother
ham,Unni thank you dear for the recharge..Rakhesh,unni thank dear recharge rakhesh
ham,Are you this much buzy,much buzy
ham,Don't forget though that I love you .... And I walk beside you. Watching over you and keeping your heart warm.,forget though love walk beside watching keeping heart warm
ham,Love you aathi..love u lot..,love aathi love u lot
ham,S:)but he had some luck.2 catches put down:),luck catches put
ham,Yo! Howz u? girls never rang after india. L,yo howz u girls never rang india l
ham,My sister cleared two round in birla soft yesterday.,sister cleared two round birla soft yesterday
spam,"Thanks for your ringtone order, reference number X49. Your mobile will be charged 4.50. Should your tone not arrive please call customer services 09065989182. From: [colour=red]text[/colour]TXTstar",thanks ringtone order reference number x mobile charged tone arrive please call customer services colour red text colour txtstar
ham,Anything is valuable in only 2 situations: First- Before getting it... Second- After loosing it...,anything valuable situations first getting second loosing
ham,You got job in wipro:)you will get every thing in life in 2 or 3 years.,got job wipro get every thing life years
ham,"Good afternoon, babe. How goes that day ? Any job prospects yet ? I miss you, my love ... *sighs* ... :-(",good afternoon babe goes day job prospects yet miss love sighs
ham,I cant pick the phone right now. Pls send a message,cant pick phone right pls send message
ham,Apart from the one i told you about yesterday?,apart one told yesterday
spam,The current leading bid is 151. To pause this auction send OUT. Customer Care: 08718726270,current leading bid pause auction send customer care
spam,URGENT This is our 2nd attempt to contact U. Your £900 prize from YESTERDAY is still awaiting collection. To claim CALL NOW 09061702893. ACL03530150PM,urgent nd attempt contact u prize yesterday still awaiting collection claim call acl pm
ham,Thats cool! Sometimes slow and gentle. Sonetimes rough and hard :),thats cool sometimes slow gentle sonetimes rough hard
ham,"Hey, iouri gave me your number, I'm wylie, ryan's friend",hey iouri gave number wylie ryan friend
ham,I couldn't say no as he is a dying man and I feel sad for him so I will go and I just wanted you to know I would probably be gone late into your night,say dying man feel sad go wanted know would probably gone late night
ham,K..give back my thanks.,k give back thanks
ham,SERIOUSLY. TELL HER THOSE EXACT WORDS RIGHT NOW.,seriously tell exact words right
ham,Ummmmmaah Many many happy returns of d day my dear sweet heart.. HAPPY BIRTHDAY dear,ummmmmaah many many happy returns day dear sweet heart happy birthday dear
ham,Smith waste da.i wanna gayle.,smith waste da wan na gayle
ham,You are gorgeous! keep those pix cumming :) thank you!,gorgeous keep pix cumming thank
ham,Why de. You looking good only:-)..,de looking good
ham,"Like I made him throw up when we were smoking in our friend's car one time, it was awesome",like made throw smoking friend car one time awesome
ham,"I'm in a meeting, call me later at",meeting call later
ham,I'm glad. You are following your dreams.,glad following dreams
ham,Yup ü not comin :-(,yup comin
ham,Nice.nice.how is it working?,nice nice working
spam,Block Breaker now comes in deluxe format with new features and great graphics from T-Mobile. Buy for just £5 by replying GET BBDELUXE and take the challenge,block breaker comes deluxe format new features great graphics mobile buy replying get bbdeluxe take challenge
ham,Eh sorry leh... I din c ur msg. Not sad already lar. Me watching tv now. U still in office?,eh sorry leh din c ur msg sad already lar watching tv u still office
ham,Tomarrow i want to got to court. At  &lt;DECIMAL&gt; . So you come to bus stand at 9.,tomarrow want got court lt decimal gt come bus stand
ham,Dad says hurry the hell up,dad says hurry hell
ham,Lol u still feeling sick?,lol u still feeling sick
ham,Guess which pub im in? Im as happy as a pig in clover or whatever the saying is! ,guess pub im im happy pig clover whatever saying
ham,Hello madam how are you ?,hello madam
ham,"Sorry my roommates took forever, it ok if I come by now?",sorry roommates took forever ok come
ham,Please leave this topic..sorry for telling that..,please leave topic sorry telling
ham,Quite ok but a bit ex... U better go eat smth now else i'll feel guilty...,quite ok bit ex u better go eat smth else feel guilty
spam,Please CALL 08712402902 immediately as there is an urgent message waiting for you.,please call immediately urgent message waiting
spam,"Sppok up ur mob with a Halloween collection of nokia logo&pic message plus a FREE eerie tone, txt CARD SPOOK to 8007",sppok ur mob halloween collection nokia logo pic message plus free eerie tone txt card spook
spam,No. 1 Nokia Tone 4 ur mob every week! Just txt NOK to 87021. 1st Tone FREE ! so get txtin now and tell ur friends. 150p/tone. 16 reply HL 4info,nokia tone ur mob every week txt nok st tone free get txtin tell ur friends p tone reply hl info
spam,YOU ARE CHOSEN TO RECEIVE A £350 AWARD! Pls call claim number 09066364311 to collect your award which you are selected to receive as a valued mobile customer.,chosen receive award pls call claim number collect award selected receive valued mobile customer
ham,"Isn't frnd a necesity in life? imagine urself witout a frnd.. hw'd u feel at ur colleg? wat'll u do wth ur cell? wat abt functions? thnk abt events espe'll cared, missed &amp; irritated u? 4wrd it to all those dear-loving frnds wthout whom u cant live.. I jst did it.. Takecare..:) GOODMORNING",frnd necesity life imagine urself witout frnd hw u feel ur colleg wat u wth ur cell wat abt functions thnk abt events espe cared missed amp irritated u wrd dear loving frnds wthout u cant live jst takecare goodmorning
ham,"alright babe, justthought id sayhey! how u doin?nearly the endof me wk offdam nevamind!We will have 2Hook up sn if uwant m8? loveJen x.",alright babe justthought sayhey u doin nearly endof wk offdam nevamind hook sn uwant lovejen x
ham,Ugh I don't wanna get out of bed. It's so warm.,ugh wan na get bed warm
ham,Kallis is ready for bat in 2nd innings,kallis ready bat nd innings
spam,Get your garden ready for summer with a FREE selection of summer bulbs and seeds worth £33:50 only with The Scotsman this Saturday. To stop go2 notxt.co.uk,get garden ready summer free selection summer bulbs seeds worth scotsman saturday stop go notxt co uk
ham,"Cool, text me when you're parked",cool text parked
ham,Hey anyway i have to :-),hey anyway
ham,No problem. How are you doing?,problem
spam,"Loan for any purpose £500 - £75,000. Homeowners + Tenants welcome. Have you been previously refused? We can still help. Call Free 0800 1956669 or text back 'help'",loan purpose homeowners tenants welcome previously refused still help call free text back help
ham,"'An Amazing Quote'' - ""Sometimes in life its difficult to decide whats wrong!! a lie that brings a smile or the truth that brings a tear....""",amazing quote sometimes life difficult decide whats wrong lie brings smile truth brings tear
ham,That's one of the issues but california is okay. No snow so its manageable,one issues california okay snow manageable
spam,We currently have a message awaiting your collection. To collect your message just call 08718723815.,currently message awaiting collection collect message call
ham,somewhere out there beneath the pale moon light someone think in of u some where out there where dreams come true... goodnite &amp; sweet dreams,somewhere beneath pale moon light someone think u dreams come true goodnite amp sweet dreams
ham,Yeah like if it goes like it did with my friends imma flip my shit in like half an hour,yeah like goes like friends imma flip shit like half hour
ham,Id onluy matters when getting on from offcampus,id onluy matters getting offcampus
ham,I agree. So i can stop thinkin about ipad. Can you please ask macho the same question.,agree stop thinkin ipad please ask macho question
ham,Convey my regards to him,convey regards
ham,HI ITS JESS I DONT KNOW IF YOU ARE AT WORK BUT CALL ME WHEN U CAN IM AT HOME ALL EVE. XXX,hi jess dont know work call u im home eve xxx
ham,I've sent ü my part..,sent part
spam,Someone has conacted our dating service and entered your phone because they fancy you!To find out who it is call from landline 09111030116. PoBox12n146tf15,someone conacted dating service entered phone fancy find call landline pobox n tf
ham,That's a shame! Maybe cld meet for few hrs tomo?,shame maybe cld meet hrs tomo
ham,"Wa, ur openin sentence very formal... Anyway, i'm fine too, juz tt i'm eatin too much n puttin on weight...Haha... So anythin special happened?",wa ur openin sentence formal anyway fine juz tt eatin much n puttin weight haha anythin special happened
ham,Yes.i'm in office da:),yes office da
spam,"Free-message: Jamster!Get the crazy frog sound now! For poly text MAD1, for real text MAD2 to 88888. 6 crazy sounds for just 3 GBP/week! 16+only! T&C's apply",free message jamster get crazy frog sound poly text mad real text mad crazy sounds gbp week c apply
ham,"Uncle G, just checking up on you. Do have a rewarding month",uncle g checking rewarding month
ham,And do you have any one that can teach me how to ship cars.,one teach ship cars
ham,"I got arrested for possession at, I shit you not,  &lt;TIME&gt;  pm",got arrested possession shit lt time gt pm
ham,Who u talking about?,u talking
ham,K:)k:)good:)study well.,k k good study well
ham,"U so lousy, run already come back then half dead... Hee...",u lousy run already come back half dead hee
spam,YOU HAVE WON! As a valued Vodafone customer our computer has picked YOU to win a £150 prize. To collect is easy. Just call 09061743386,valued vodafone customer computer picked win prize collect easy call
ham,Ok... But bag again..,ok bag
ham,yeah sure thing mate haunt got all my stuff sorted but im going sound anyway promoting hex for .by the way who is this? dont know number. Joke,yeah sure thing mate haunt got stuff sorted im going sound anyway promoting hex way dont know number joke
ham,How many times i told in the stage all use to laugh. You not listen aha.,many times told stage use laugh listen aha
ham,"Sir, i am waiting for your call.",sir waiting call
spam,You are a winner U have been specially selected 2 receive £1000 cash or a 4* holiday (flights inc) speak to a live operator 2 claim 0871277810810,winner u specially selected receive cash holiday flights inc speak live operator claim
ham,Busy here. Trying to finish for new year. I am looking forward to finally meeting you...,busy trying finish new year looking forward finally meeting
ham,"What are you doing in langport? Sorry, but I'll probably be in bed by 9pm. It sucks being ill at xmas! When do you and go2sri lanka? ",langport sorry probably bed pm sucks ill xmas go sri lanka
ham,Howz that persons story,howz persons story
ham,"We made it! Eta at taunton is 12:30 as planned, hope that‘s still okday?! Good to see you! :-xx",made eta taunton planned hope still okday good see xx
spam,"This is the 2nd time we have tried 2 contact u. U have won the £750 Pound prize. 2 claim is easy, call 087187272008 NOW1! Only 10p per minute. BT-national-rate.",nd time tried contact u u pound prize claim easy call p per minute bt national rate
ham,That one week leave i put know that time. Why.,one week leave put know time
spam,(Bank of Granite issues Strong-Buy) EXPLOSIVE PICK FOR OUR MEMBERS *****UP OVER 300% *********** Nasdaq Symbol CDGT That is a $5.00 per..,bank granite issues strong buy explosive pick members nasdaq symbol cdgt per
ham,I want to send something that can sell fast.  &lt;#&gt; k is not easy money.,want send something sell fast lt gt k easy money
spam,UR awarded a City Break and could WIN a £200 Summer Shopping spree every WK. Txt STORE to 88039 . SkilGme. TsCs087147403231Winawk!Age16 £1.50perWKsub,ur awarded city break could win summer shopping spree every wk txt store skilgme tscs winawk age perwksub
spam,"URGENT! Your mobile was awarded a £1,500 Bonus Caller Prize on 27/6/03. Our final attempt 2 contact U! Call 08714714011",urgent mobile awarded bonus caller prize final attempt contact u call
ham,Does cinema plus drink appeal tomo? * Is a fr thriller by director i like on at mac at 8.30.,cinema plus drink appeal tomo fr thriller director like mac
ham,K..k:)how about your training process?,k k training process
ham,Just checking in on you. Really do miss seeing Jeremiah. Do have a great month,checking really miss seeing jeremiah great month
ham,Great. I was getting worried about you. Just know that a wonderful and caring person like you will have only the best in life. Know that u r wonderful and God's love is yours.,great getting worried know wonderful caring person like best life know u r wonderful god love
ham,He's really into skateboarding now despite the fact that he gets thrown off of it and winds up with bandages and shit all over his arms every five minutes,really skateboarding despite fact gets thrown winds bandages shit arms every five minutes
ham,What you did in  leave.,leave
ham,Understand. his loss is my gain :) so do you work? School?,understand loss gain work school
ham,26th OF JULY,th july
ham,Dont know supports ass and srt i thnk. I think ps3 can play through usb too,dont know supports ass srt thnk think ps play usb
ham,As per your request 'Melle Melle (Oru Minnaminunginte Nurungu Vettam)' has been set as your callertune for all Callers. Press *9 to copy your friends Callertune,per request melle melle oru minnaminunginte nurungu vettam set callertune callers press copy friends callertune
ham,I forgot 2 ask ü all smth.. There's a card on da present lei... How? Ü all want 2 write smth or sign on it?,forgot ask smth card da present lei want write smth sign
spam,08714712388 between 10am-7pm Cost 10p,pm cost p
ham,"Yeah, we got one lined up for us",yeah got one lined us
ham,"Imagine you finally get to sink into that bath after I have put you through your paces, maybe even having you eat me for a while before I left ... But also imagine the feel of that cage on your cock surrounded by the bath water, reminding you always who owns you ... Enjoy, my cuck",imagine finally get sink bath put paces maybe even eat left also imagine feel cage cock surrounded bath water reminding always owns enjoy cuck
ham,Hi mom we might be back later than  &lt;#&gt; ,hi mom might back later lt gt
ham,Well i will watch shrek in 3D!!B),well watch shrek b
ham,"HEY BABE! FAR 2 SPUN-OUT 2 SPK AT DA MO... DEAD 2 DA WRLD. BEEN SLEEPING ON DA SOFA ALL DAY, HAD A COOL NYTHO, TX 4 FONIN HON, CALL 2MWEN IM BK FRMCLOUD 9! J X",hey babe far spun spk da mo dead da wrld sleeping da sofa day cool nytho tx fonin hon call mwen im bk frmcloud j x
ham,Back in brum! Thanks for putting us up and keeping us all and happy. See you soon ,back brum thanks putting us keeping us happy see soon
spam,tells u 2 call 09066358152 to claim £5000 prize. U have 2 enter all ur mobile & personal details @ the prompts. Careful!,tells u call claim prize u enter ur mobile personal details prompts careful
ham,Ok. Very good. Its all about making that money.,ok good making money
ham,So when you gonna get rimac access ,gon na get rimac access
ham,"Nah can't help you there, I've never had an iphone",nah help never iphone
ham,I'm going for bath will msg you next  &lt;#&gt;  min..,going bath msg next lt gt min
spam,Great NEW Offer - DOUBLE Mins & DOUBLE Txt on best Orange tariffs AND get latest camera phones 4 FREE! Call MobileUpd8 free on 08000839402 NOW! or 2stoptxt T&Cs,great new offer double mins double txt best orange tariffs get latest camera phones free call mobileupd free stoptxt cs
ham,All boys made fun of me today. Ok i have no problem. I just sent one message just for fun,boys made fun today ok problem sent one message fun
ham,"Dunno, my dad said he coming home 2 bring us out 4 lunch. Yup i go w u lor. I call u when i reach school lor...",dunno dad said coming home bring us lunch yup go w u lor call u reach school lor
ham,"Sorry, I'll call later",sorry call later
ham,So how are you really. What are you up to. How's the masters. And so on.,really masters
ham,Yup no more already... Thanx 4 printing n handing it up.,yup already thanx printing n handing
ham,Tell your friends what you plan to do on Valentines day @ &lt;URL&gt;,tell friends plan valentines day lt url gt
ham,Dude we should go sup again,dude go sup
ham,"I'm tired of arguing with you about this week after week. Do what you want and from now on, i'll do the same.",tired arguing week week want
ham,Been up to ne thing interesting. Did you have a good birthday? When are u wrking nxt? I started uni today.,ne thing interesting good birthday u wrking nxt started uni today
spam,BIG BROTHER ALERT! The computer has selected u for 10k cash or #150 voucher. Call 09064018838. NTT PO Box CRO1327 18+ BT Landline Cost 150ppm mobiles vary,big brother alert computer selected u k cash voucher call ntt po box cro bt landline cost ppm mobiles vary
ham,"K, makes sense, btw carlos is being difficult so you guys are gonna smoke while I go pick up the second batch and get gas",k makes sense btw carlos difficult guys gon na smoke go pick second batch get gas
ham,Can do lor...,lor
ham,Yar he quite clever but aft many guesses lor. He got ask me 2 bring but i thk darren not so willing 2 go. Aiya they thk leona still not attach wat.,yar quite clever aft many guesses lor got ask bring thk darren willing go aiya thk leona still attach wat
ham,There the size of elephant tablets & u shove um up ur ass!!,size elephant tablets u shove um ur ass
ham,Dunno lei... I thk mum lazy to go out... I neva ask her yet...,dunno lei thk mum lazy go neva ask yet
ham,Jus finished avatar nigro,jus finished avatar nigro
ham,"Have a lovely night and when you wake up to see this message, i hope you smile knowing all is as should be. Have a great morning",lovely night wake see message hope smile knowing great morning
ham,Ok lor wat time ü finish?,ok lor wat time finish
ham,Dude sux for snake. He got old and raiden got buff,dude sux snake got old raiden got buff
ham,"Derp. Which is worse, a dude who always wants to party or a dude who files a complaint about the three drug abusers he lives with",derp worse dude always wants party dude files complaint three drug abusers lives
ham,Yes :)it completely in out of form:)clark also utter waste.,yes completely form clark also utter waste
ham,"Princess, is your kitty shaved or natural?",princess kitty shaved natural
ham,I hope you that's the result of being consistently intelligent and kind. Start asking him about practicum links and keep your ears open and all the best. ttyl,hope result consistently intelligent kind start asking practicum links keep ears open best ttyl
ham,Friendship poem: Dear O Dear U R Not Near But I Can Hear Dont Get Fear Live With Cheer No More Tear U R Always my Dear. Gud ni8,friendship poem dear dear u r near hear dont get fear live cheer tear u r always dear gud ni
ham,"Wen u miss someone, the person is definitely special for u..... But if the person is so special, why to miss them, just Keep-in-touch gdeve..",wen u miss someone person definitely special u person special miss keep touch gdeve
ham,U in town alone?,u town alone
ham,Yup i shd haf ard 10 pages if i add figures... Ü all got how many pages?,yup shd haf ard pages add figures got many pages
ham,They just talking thats it de. They wont any other.,talking thats de wont
ham,I come n pick ü up... Come out immediately aft ur lesson...,come n pick come immediately aft ur lesson
spam,"Free msg. Sorry, a service you ordered from 81303 could not be delivered as you do not have sufficient credit. Please top up to receive the service.",free msg sorry service ordered could delivered sufficient credit please top receive service
ham,Oh my God. I'm almost home,oh god almost home
ham,Geeeee ... I love you so much I can barely stand it,geeeee love much barely stand
ham,Haf u eaten? Wat time u wan me 2 come?,haf u eaten wat time u wan come
ham,Thanx...,thanx
ham,"I'm taking derek &amp; taylor to walmart, if I'm not back by the time you're done just leave the mouse on my desk and I'll text you when priscilla's ready",taking derek amp taylor walmart back time done leave mouse desk text priscilla ready
ham,No. Thank you. You've been wonderful,thank wonderful
ham,Is avatar supposed to have subtoitles,avatar supposed subtoitles
ham,You have registered Sinco as Payee. Log in at icicibank.com and enter URN  &lt;#&gt;  to confirm. Beware of frauds. Do NOT share or disclose URN to anyone.,registered sinco payee log icicibank com enter urn lt gt confirm beware frauds share disclose urn anyone
ham,Why are u up so early?,u early
ham,"Dear Sir,Salam Alaikkum.Pride and Pleasure meeting you today at the Tea Shop.We are pleased to send you our contact number at Qatar.Rakhesh an Indian.Pls save our Number.Respectful Regards.",dear sir salam alaikkum pride pleasure meeting today tea shop pleased send contact number qatar rakhesh indian pls save number respectful regards
ham,What can i do? Might accidant tookplace between somewhere ghodbandar rd. Traffic moves slovely. So plz slip &amp; don't worry.,might accidant tookplace somewhere ghodbandar rd traffic moves slovely plz slip amp worry
ham,First answer my question.,first answer question
ham,Wish u many many returns of the day.. Happy birthday vikky..,wish u many many returns day happy birthday vikky
spam,Please call our customer service representative on 0800 169 6031 between 10am-9pm as you have WON a guaranteed £1000 cash or £5000 prize!,please call customer service representative pm guaranteed cash prize
ham,Do u hav any frnd by name ashwini in ur college?,u hav frnd name ashwini ur college
ham,Yupz... I've oredi booked slots 4 my weekends liao... ,yupz oredi booked slots weekends liao
ham,Good morning princess! How are you?,good morning princess
ham,Eatin my lunch...,eatin lunch
ham,Call him and say you not coming today ok and tell them not to fool me like this ok,call say coming today ok tell fool like ok
ham,Got smaller capacity one? Quite ex...,got smaller capacity one quite ex
ham,Boo I'm on my way to my moms. She's making tortilla soup. Yummmm,boo way moms making tortilla soup yummmm
ham,I dont know why she.s not getting your messages,dont know getting messages
ham,"Now, whats your house # again ? And do you have any beer there ?",whats house beer
ham,If you ask her or she say any please message.,ask say please message
spam,-PLS STOP bootydelious (32/F) is inviting you to be her friend. Reply YES-434 or NO-434 See her: www.SMS.ac/u/bootydelious STOP? Send STOP FRND to 62468,pls stop bootydelious f inviting friend reply yes see stop send stop frnd
spam,Not heard from U4 a while. Call 4 rude chat private line 01223585334 to cum. Wan 2C pics of me gettin shagged then text PIX to 8552. 2End send STOP 8552 SAM xxx,heard u call rude chat private line cum wan c pics gettin shagged text pix end send stop sam xxx
ham,Thanks for this hope you had a good day today,thanks hope good day today
ham,Well then you have a great weekend!,well great weekend
ham,I'm at home. Please call,home please call
ham,Happy birthday... May u find ur prince charming soon n dun work too hard...,happy birthday may u find ur prince charming soon n dun work hard
ham,S...from the training manual it show there is no tech process:)its all about password reset and troubleshooting:),training manual show tech process password reset troubleshooting
ham,Jus finish my lunch on my way home lor... I tot u dun wan 2 stay in sch today...,jus finish lunch way home lor tot u dun wan stay sch today
ham,"Coffee cake, i guess...",coffee cake guess
ham,haha but no money leh... Later got to go for tuition... Haha and looking for empty slots for driving lessons,haha money leh later got go tuition haha looking empty slots driving lessons
ham,"Height of Confidence: All the Aeronautics professors wer calld &amp; they wer askd 2 sit in an aeroplane. Aftr they sat they wer told dat the plane ws made by their students. Dey all hurried out of d plane.. Bt only 1 didnt move... He said:""if it is made by my students,this wont even start........ Datz confidence..",height confidence aeronautics professors wer calld amp wer askd sit aeroplane aftr sat wer told dat plane ws made students dey hurried plane bt didnt move said made students wont even start datz confidence
ham,"Sorry, I'll call later ok bye",sorry call later ok bye
spam,Well done ENGLAND! Get the official poly ringtone or colour flag on yer mobile! text TONE or FLAG to 84199 NOW! Opt-out txt ENG STOP. Box39822 W111WX £1.50,well done england get official poly ringtone colour flag yer mobile text tone flag opt txt eng stop box w wx
ham,K..k.:)congratulation ..,k k congratulation
spam,Guess who am I?This is the first time I created a web page WWW.ASJESUS.COM read all I wrote. I'm waiting for your opinions. I want to be your friend 1/1,guess first time created web page read wrote waiting opinions want friend
ham,"One of best dialogue in cute reltnship..!! ""Wen i Die, Dont Come Near My Body..!! Bcoz My Hands May Not Come 2 Wipe Ur Tears Off That Time..!Gud ni8",one best dialogue cute reltnship wen die dont come near body bcoz hands may come wipe ur tears time gud ni
ham,Then i buy.,buy
ham,Love that holiday Monday feeling even if I have to go to the dentists in an hour,love holiday monday feeling even go dentists hour
ham,"K, wait chikku..il send aftr  &lt;#&gt; mins",k wait chikku il send aftr lt gt mins
ham,What Today-sunday..sunday is holiday..so no work..,today sunday sunday holiday work
ham,I'm serious. You are in the money base,serious money base
ham,Got c... I lazy to type... I forgot ü in lect... I saw a pouch but like not v nice...,got c lazy type forgot lect saw pouch like v nice
ham,"My Parents, My Kidz, My Friends n My Colleagues. All screaming.. SURPRISE !! and I was waiting on the sofa.. ... ..... ' NAKED...!",parents kidz friends n colleagues screaming surprise waiting sofa naked
ham,Pathaya enketa maraikara pa',pathaya enketa maraikara pa
ham,I am 6 ft. We will be a good combination!,ft good combination
ham,Did u see what I posted on your Facebook?,u see posted facebook
ham,"Ok da, i already planned. I wil pick you.",ok da already planned wil pick
ham,Ill be there on  &lt;#&gt;  ok.,ill lt gt ok
ham,"God picked up a flower and dippeditinaDEW, lovingly touched itwhichturnedinto u, and the he gifted tomeandsaid,THIS FRIEND IS 4U",god picked flower dippeditinadew lovingly touched itwhichturnedinto u gifted tomeandsaid friend u
ham,Nope watching tv at home... Not going out. V bored...,nope watching tv home going v bored
spam,"You are guaranteed the latest Nokia Phone, a 40GB iPod MP3 player or a £500 prize! Txt word: COLLECT to No: 83355! IBHltd LdnW15H 150p/Mtmsgrcvd18",guaranteed latest nokia phone gb ipod mp player prize txt word collect ibhltd ldnw h p mtmsgrcvd
ham,Lol grr my mom is taking forever with my prescription. Pharmacy is like 2 minutes away. Ugh.,lol grr mom taking forever prescription pharmacy like minutes away ugh
ham,Nothing lor... A bit bored too... Then y dun u go home early 2 sleep today...,nothing lor bit bored dun u go home early sleep today
ham,It only does simple arithmetic not percentages.,simple arithmetic percentages
ham,Ya! when are ü taking ure practical lessons? I start in june..  ,ya taking ure practical lessons start june
ham,Bishan lar nearer... No need buy so early cos if buy now i gotta park my car...,bishan lar nearer need buy early cos buy got ta park car
ham,Aight should I just plan to come up later tonight?,aight plan come later tonight
ham,"Geeeee ... Your internet is really bad today, eh ?",geeeee internet really bad today eh
ham,So how's scotland. Hope you are not over showing your JJC tendencies. Take care. Live the dream,scotland hope showing jjc tendencies take care live dream
ham,Small problem in auction:)punj now asking tiwary,small problem auction punj asking tiwary
ham,Haha... can... But i'm having dinner with my cousin...,haha dinner cousin
ham,Mmmm ... Fuck ... Not fair ! You know my weaknesses ! *grins* *pushes you to your knee's* *exposes my belly and pulls your head to it* Don't forget ... I know yours too *wicked smile*,mmmm fuck fair know weaknesses grins pushes knee exposes belly pulls head forget know wicked smile
ham,"Hello, yeah i've just got out of the bath and need to do my hair so i'll come up when i'm done, yeah?",hello yeah got bath need hair come done yeah
spam,Please call our customer service representative on FREEPHONE 0808 145 4742 between 9am-11pm as you have WON a guaranteed £1000 cash or £5000 prize!,please call customer service representative freephone pm guaranteed cash prize
ham,I'm leaving my house now.,leaving house
ham,What time you think you'll have it? Need to know when I should be near campus,time think need know near campus
spam,Missed call alert. These numbers called but left no message. 07008009200,missed call alert numbers called left message
ham,Ok both our days. So what are you making for dinner tonite? Am I invited?,ok days making dinner tonite invited
ham,Haha mayb u're rite... U know me well. Da feeling of being liked by someone is gd lor. U faster go find one then all gals in our group attached liao.,haha mayb u rite u know well da feeling liked someone gd lor u faster go find one gals group attached liao
ham,I was at bugis juz now wat... But now i'm walking home oredi... Ü so late then reply... I oso saw a top dat i like but din buy... Where r ü now? ,bugis juz wat walking home oredi late reply oso saw top dat like din buy r
ham,Watching tv lor. Nice one then i like lor.,watching tv lor nice one like lor
ham,That sucks. So what do you got planned for your yo valentine? I am your yo valentine aren't I?,sucks got planned yo valentine yo valentine
spam,Reminder: You have not downloaded the content you have already paid for. Goto http://doit. mymoby. tv/ to collect your content.,reminder downloaded content already paid goto mymoby tv collect content
ham,Meeting u is my work. . . Tel me when shall i do my work tomorrow,meeting u work tel shall work tomorrow
ham,"Found it, ENC  &lt;#&gt; , where you at?",found enc lt gt
spam,PRIVATE! Your 2003 Account Statement for 07815296484 shows 800 un-redeemed S.I.M. points. Call 08718738001 Identifier Code 41782 Expires 18/11/04 ,private account statement shows un redeemed points call identifier code expires
ham,"So check your errors and if you had difficulties, do correction.",check errors difficulties correction
spam,Ur cash-balance is currently 500 pounds - to maximize ur cash-in now send CASH to 86688 only 150p/msg. CC: 08718720201 PO BOX 114/14 TCR/W1,ur cash balance currently pounds maximize ur cash send cash p msg cc po box tcr w
spam,URGENT! We are trying to contact U. Todays draw shows that you have won a £800 prize GUARANTEED. Call 09050001808 from land line. Claim M95. Valid12hrs only,urgent trying contact u todays draw shows prize guaranteed call land line claim valid hrs
ham,When did dad get back.,dad get back
spam,"our mobile number has won £5000, to claim calls us back or ring the claims hot line on 09050005321.",mobile number claim calls us back ring claims hot line
ham,The hair cream has not been shipped.,hair cream shipped
ham,A guy who gets used but is too dumb to realize it.,guy gets used dumb realize
ham,Stupid.its not possible,stupid possible
ham,Hi. || Do u want | to join me with sts later? || Meeting them at five. || Call u after class.,hi u want join sts later meeting five call u class
ham,Why didn't u call on your lunch?,u call lunch
ham,Hmm .. Bits and pieces lol ... *sighs* ...,hmm bits pieces lol sighs
ham,"Just sent again. Do you scream and moan in bed, princess?",sent scream moan bed princess
ham,Aight what time you want me to come up?,aight time want come
ham,"Sorry, left phone upstairs. OK, might be hectic but would be all my birds with one fell swoop. It's a date.",sorry left phone upstairs ok might hectic would birds one fell swoop date
ham,My love ! How come it took you so long to leave for Zaher's? I got your words on ym and was happy to see them but was sad you had left. I miss you,love come took long leave zaher got words ym happy see sad left miss
ham,You do your studies alone without anyones help. If you cant no need to study.,studies alone without anyones help cant need study
ham,Have you heard from this week?,heard week
ham,I am in hospital da. . I will return home in evening,hospital da return home evening
ham,Then she dun believe wat?,dun believe wat
ham,Mm that time you dont like fun,mm time dont like fun
ham,Whom you waited for yesterday,waited yesterday
ham,Then we wait 4 u lor... No need 2 feel bad lar...,wait u lor need feel bad lar
ham,"Today is ""song dedicated day.."" Which song will u dedicate for me? Send this to all ur valuable frnds but first rply me...",today song dedicated day song u dedicate send ur valuable frnds first rply
ham,"Hm good morning, headache anyone? :-)",hm good morning headache anyone
ham,Is it ok if I stay the night here? Xavier has a sleeping bag and I'm getting tired,ok stay night xavier sleeping bag getting tired
ham,S:)s.nervous  &lt;#&gt; :),nervous lt gt
ham,"By the way, i've put a skip right outside the front of the house so you can see which house it is. Just pull up before it.",way put skip right outside front house see house pull
ham,The evo. I just had to download flash. Jealous?,evo download flash jealous
ham,I'll meet you in the lobby,meet lobby
ham,Yes princess! I want to catch you with my big strong hands...,yes princess want catch big strong hands
ham,"Hello! Just got here, st andrews-boy its a long way! Its cold. I will keep you posted",hello got st andrews boy long way cold keep posted
ham,I'm in office now da:)where are you?,office da
ham,Do you want bold 2 or bb torch,want bold bb torch
ham,"Come to mu, we're sorting out our narcotics situation",come mu sorting narcotics situation
ham,Watching tv now. I got new job :),watching tv got new job
ham,Aah bless! How's your arm?,aah bless arm
ham,"8 at the latest, g's still there if you can scrounge up some ammo and want to give the new ak a try",latest g still scrounge ammo want give new ak try
ham,I am sorry it hurt you.,sorry hurt
ham,"Sorry, I'll call later",sorry call later
ham,I only work from mon to thurs but Sat i cant leh... Booked liao... Which other day u free?,work mon thurs sat cant leh booked liao day u free
ham,Usually the body takes care of it buy making sure it doesnt progress. Can we pls continue this talk on saturday.,usually body takes care buy making sure doesnt progress pls continue talk saturday
ham,Do you know where my lab goggles went,know lab goggles went
ham,You give us back my id proof and  &lt;#&gt;  rs. We wont allow you to work. We will come to your home within days,give us back id proof lt gt rs wont allow work come home within days
ham,"Aldrine, rakhesh ex RTM here.pls call.urgent.",aldrine rakhesh ex rtm pls call urgent
ham,Book which lesson? then you msg me... I will call up after work or sth... I'm going to get specs. My membership is PX3748,book lesson msg call work sth going get specs membership px
ham,Ok... Help me ask if she's working tmr a not?,ok help ask working tmr
ham,My friends use to call the same.,friends use call
ham,"I met you as a stranger and choose you as my friend. As long as the world stands, our friendship never ends. Lets be Friends forever!!! Gud nitz...",met stranger choose friend long world stands friendship never ends lets friends forever gud nitz
ham,Today is ACCEPT DAY..U Accept me as? Brother Sister Lover Dear1 Best1 Clos1 Lvblefrnd Jstfrnd Cutefrnd Lifpartnr Belovd Swtheart Bstfrnd No rply means enemy,today accept day u accept brother sister lover dear best clos lvblefrnd jstfrnd cutefrnd lifpartnr belovd swtheart bstfrnd rply means enemy
ham,Thats cool. How was your day?,thats cool day
ham,"My mobile number.pls sms ur mail id.convey regards to achan,amma.Rakhesh.Qatar",mobile number pls sms ur mail id convey regards achan amma rakhesh qatar
ham,Ok i am on the way to railway,ok way railway
spam,"Wan2 win a Meet+Greet with Westlife 4 U or a m8? They are currently on what tour? 1)Unbreakable, 2)Untamed, 3)Unkempt. Text 1,2 or 3 to 83049. Cost 50p +std text",wan win meet greet westlife u currently tour unbreakable untamed unkempt text cost p std text
ham,Great. Hope you are using your connections from mode men also cos you can never know why old friends can lead you to today,great hope using connections mode men also cos never know old friends lead today
ham,"Awesome, lemme know whenever you're around",awesome lem know whenever around
ham,Kinda. First one gets in at twelve! Aah. Speak tomo,kinda first one gets twelve aah speak tomo
ham,"Yeah I should be able to, I'll text you when I'm ready to meet up",yeah able text ready meet
ham,I dont want to hear anything,dont want hear anything
ham,"I am late,so call you tomorrow morning.take care sweet dreams....u and me...ummifying...bye.",late call tomorrow morning take care sweet dreams u ummifying bye
ham,How dare you stupid. I wont tell anything to you. Hear after i wont talk to you:-.,dare stupid wont tell anything hear wont talk
ham,Got it! It looks scrumptious... daddy wants to eat you all night long!,got looks scrumptious daddy wants eat night long
ham,So now my dad is gonna call after he gets out of work and ask all these crazy questions.,dad gon na call gets work ask crazy questions
ham,I REALLY NEED 2 KISS U I MISS U MY BABY FROM UR BABY 4EVA,really need kiss u miss u baby ur baby eva
ham,Can't take any major roles in community outreach. You rock mel,take major roles community outreach rock mel
ham,"Lol you forgot it eh ? Yes, I'll bring it in babe",lol forgot eh yes bring babe
ham,Have you got Xmas radio times. If not i will get it now,got xmas radio times get
ham,Nvm... I'm going to wear my sport shoes anyway... I'm going to be late leh.,nvm going wear sport shoes anyway going late leh
ham,Take us out shopping and Mark will distract Isaiah.=D,take us shopping mark distract isaiah
ham,Your account has been refilled successfully by INR  &lt;DECIMAL&gt; . Your KeralaCircle prepaid account balance is Rs  &lt;DECIMAL&gt; . Your Transaction ID is KR &lt;#&gt; .,account refilled successfully inr lt decimal gt keralacircle prepaid account balance rs lt decimal gt transaction id kr lt gt
ham,Serious? What like proper tongued her,serious like proper tongued
ham,"Aight, sounds good. When do you want me to come down?",aight sounds good want come
ham,"I got like $ &lt;#&gt; , I can get some more later though. Get whatever you feel like",got like lt gt get later though get whatever feel like
ham,Is there a reason we've not spoken this year? Anyways have a great week and all the best in your exam,reason spoken year anyways great week best exam
ham,Did u got that persons story,u got persons story
ham,"K will do, addie &amp; I are doing some art so I'll be here when you get home",k addie amp art get home
ham,Ya very nice. . .be ready on thursday,ya nice ready thursday
ham,"Sorry, got a late start, we're on the way",sorry got late start way
ham,Good morning pookie pie! Lol hope I didn't wake u up,good morning pookie pie lol hope wake u
ham,Anytime lor...,anytime lor
ham,As per your request 'Melle Melle (Oru Minnaminunginte Nurungu Vettam)' has been set as your callertune for all Callers. Press *9 to copy your friends Callertune,per request melle melle oru minnaminunginte nurungu vettam set callertune callers press copy friends callertune
ham,Theyre doing it to lots of places. Only hospitals and medical places are safe.,theyre lots places hospitals medical places safe
ham,How are you doing? Hope you've settled in for the new school year. Just wishin you a gr8 day,hope settled new school year wishin gr day
ham,Err... Cud do. I'm going to  at 8pm. I haven't got a way to contact him until then.,err cud going pm got way contact
ham,A bloo bloo bloo I'll miss the first bowl,bloo bloo bloo miss first bowl
spam,"Want to funk up ur fone with a weekly new tone reply TONES2U 2 this text. www.ringtones.co.uk, the original n best. Tones 3GBP network operator rates apply",want funk ur fone weekly new tone reply tones u text original n best tones gbp network operator rates apply
ham,Happy valentines day I know its early but i have hundreds of handsomes and beauties to wish. So i thought to finish off aunties and uncles 1st...,happy valentines day know early hundreds handsomes beauties wish thought finish aunties uncles st
ham,"When I was born, GOD said, ""Oh No! Another IDIOT"". When you were born, GOD said, ""OH No! COMPETITION"". Who knew, one day these two will become FREINDS FOREVER!",born god said oh another idiot born god said oh competition knew one day two become freinds forever
ham,"Aight fuck it, I'll get it later",aight fuck get later
ham,He needs to stop going to bed and make with the fucking dealing,needs stop going bed make fucking dealing
ham,"True. It is passable. And if you get a high score and apply for phd, you get 5years of salary. So it makes life easier.",true passable get high score apply phd get years salary makes life easier
spam,"Hi this is Amy, we will be sending you a free phone number in a couple of days, which will give you an access to all the adult parties...",hi amy sending free phone number couple days give access adult parties
ham,S:-)if we have one good partnership going we will take lead:),one good partnership going take lead
ham,Hi babe its me thanks for coming even though it didnt go that well!i just wanted my bed! Hope to see you soon love and kisses xxx,hi babe thanks coming even though didnt go well wanted bed hope see soon love kisses xxx
ham,"It‘s £6 to get in, is that ok?",get ok
ham,East coast,east coast
ham,Compliments to you. Was away from the system. How your side.,compliments away system side
ham,Just forced myself to eat a slice. I'm really not hungry tho. This sucks. Mark is getting worried. He knows I'm sick when I turn down pizza. Lol,forced eat slice really hungry tho sucks mark getting worried knows sick turn pizza lol
ham,In which place i can get rooms cheap:-),place get rooms cheap
ham,"Abeg, make profit. But its a start. Are you using it to get sponsors for the next event?",abeg make profit start using get sponsors next event
ham,"Sorry, I'll call later",sorry call later
ham,Eh den sat u book e kb liao huh...,eh den sat u book e kb liao huh
ham,I'm in a movie. Call me 4 wat?,movie call wat
ham,Anything lar then ü not going home 4 dinner?,anything lar going home dinner
ham,Dunno cos i was v late n when i reach they inside already... But we ate spageddies lor... It's e gals who r laughing at me lor...,dunno cos v late n reach inside already ate spageddies lor e gals r laughing lor
ham,Okay name ur price as long as its legal! Wen can I pick them up? Y u ave x ams xx,okay name ur price long legal wen pick u ave x ams xx
ham,:( but your not here....,
spam,You have 1 new message. Please call 08712400200.,new message please call
ham,Just finished. Missing you plenty,finished missing plenty
ham,Erm. I thought the contract ran out the4th of october.,erm thought contract ran th october
ham,I dunno they close oredi not... Ü v ma fan...,dunno close oredi v fan
ham,Guess who spent all last night phasing in and out of the fourth dimension,guess spent last night phasing fourth dimension
ham,Sorry da:)i was thought of calling you lot of times:)lil busy.i will call you at noon..,sorry da thought calling lot times lil busy call noon
spam,Santa Calling! Would your little ones like a call from Santa Xmas eve? Call 09058094583 to book your time.,santa calling would little ones like call santa xmas eve call book time
ham,Just sent it. So what type of food do you like?,sent type food like
ham,Re your call; You didn't see my facebook huh?,call see facebook huh
ham,You will be in the place of that man,place man
spam,Guess what! Somebody you know secretly fancies you! Wanna find out who it is? Give us a call on 09065394973 from Landline DATEBox1282EssexCM61XN 150p/min 18,guess somebody know secretly fancies wan na find give us call landline datebox essexcm xn p min
ham,Don't necessarily expect it to be done before you get back though because I'm just now headin out,necessarily expect done get back though headin
ham,Ok... Sweet dreams...,ok sweet dreams
ham,Yo chad which gymnastics class do you wanna take? The site says Christians class is full..,yo chad gymnastics class wan na take site says christians class full
spam,"accordingly. I repeat, just text the word ok on your mobile phone and send",accordingly repeat text word ok mobile phone send
spam,"XXXMobileMovieClub: To use your credit, click the WAP link in the next txt message or click here>> http://wap. xxxmobilemovieclub.com?n=QJKGIGHJJGCBL",xxxmobilemovieclub use credit click wap link next txt message click xxxmobilemovieclub com n qjkgighjjgcbl
ham,Captain vijaykanth is doing comedy in captain tv..he is drunken :),captain vijaykanth comedy captain tv drunken
ham,"Sir, waiting for your letter.",sir waiting letter
ham,I havent lei.. Next mon can?,havent lei next mon
ham,Have you emigrated or something? Ok maybe 5.30 was a bit hopeful...,emigrated something ok maybe bit hopeful
ham,U guys never invite me anywhere :(,u guys never invite anywhere
ham,Mmm so yummy babe ... Nice jolt to the suzy,mmm yummy babe nice jolt suzy
ham,Aiyah sorry lor... I watch tv watch until i forgot 2 check my phone.,aiyah sorry lor watch tv watch forgot check phone
ham,Not thought bout it... || Drink in tap & spile at seven. || Is that pub on gas st off broad st by canal. || Ok?,thought bout drink tap spile seven pub gas st broad st canal ok
ham, gonna let me know cos comes bak from holiday that day.  is coming. Don't4get2text me  number. ,gon na let know cos comes bak holiday day coming get text number
ham,Do ü noe if ben is going?,noe ben going
ham,Gibbs unsold.mike hussey,gibbs unsold mike hussey
ham,ZOE IT JUST HIT ME 2 IM FUCKING SHITIN MYSELF IL DEFO TRY MY HARDEST 2 CUM 2MOROW LUV U MILLIONS LEKDOG,zoe hit im fucking shitin il defo try hardest cum morow luv u millions lekdog
ham,"Hi hope u r both ok, he said he would text and he hasn't, have u seen him, let me down gently please ",hi hope u r ok said would text u seen let gently please
ham,That would be great. We'll be at the Guild. Could meet on Bristol road or somewhere - will get in touch over weekend. Our plans take flight! Have a good week,would great guild could meet bristol road somewhere get touch weekend plans take flight good week
ham,I'll be at mu in like  &lt;#&gt;  seconds,mu like lt gt seconds
ham,Honestly i've just made a lovely cup of tea and promptly dropped my keys in it and then burnt my fingers getting them out!,honestly made lovely cup tea promptly dropped keys burnt fingers getting
ham,"Just so that you know,yetunde hasn't sent money yet. I just sent her a text not to bother sending. So its over, you dont have to involve yourself in anything. I shouldn't have imposed anything on you in the first place so for that, i apologise.",know yetunde sent money yet sent text bother sending dont involve anything imposed anything first place apologise
ham,"I'm outside islands, head towards hard rock and you'll run into me",outside islands head towards hard rock run
ham,Huh so fast... Dat means u havent finished painting?,huh fast dat means u havent finished painting
ham,"Goodmorning, today i am late for 2hrs. Because of back pain.",goodmorning today late hrs back pain
ham,Have you heard about that job? I'm going to that wildlife talk again tonight if u want2come. Its that2worzels and a wizzle or whatever it is?! ,heard job going wildlife talk tonight u want come worzels wizzle whatever
ham,No we sell it all so we'll have tons if coins. Then sell our coins to someone thru paypal. Voila! Money back in life pockets:),sell tons coins sell coins someone thru paypal voila money back life pockets
ham,But pls dont play in others life.,pls dont play others life
ham,"How are you, my Love ? Are you with your brother ? Time to talk english with him ? *grins* Say : Hey Muhommad, Penny says hello from across the sea",love brother time talk english grins say hey muhommad penny says hello across sea
ham,I sent you  &lt;#&gt;  bucks,sent lt gt bucks
ham,"Are you being good, baby? :)",good baby
ham,We're finally ready fyi,finally ready fyi
ham,How did you find out in a way that didn't include all of these details,find way include details
ham,So what about you. What do you remember,remember
ham,Ok.ok ok..then..whats ur todays plan,ok ok ok whats ur todays plan
ham,"Gumby's has a special where a  &lt;#&gt; "" cheese pizza is $2 so I know what we're doin tonight",gumby special lt gt cheese pizza know doin tonight
ham,"Rose for red,red for blood,blood for heart,heart for u. But u for me.... Send tis to all ur friends.. Including me.. If u like me.. If u get back, 1-u r poor in relation! 2-u need some 1 to support 3-u r frnd 2 many 4-some1 luvs u 5+- some1 is praying god to marry u.:-) try it....",rose red red blood blood heart heart u u send tis ur friends including u like u get back u r poor relation u need support u r frnd many luvs u praying god marry u try
spam,"Get 3 Lions England tone, reply lionm 4 mono or lionp 4 poly. 4 more go 2 www.ringtones.co.uk, the original n best. Tones 3GBP network operator rates apply",get lions england tone reply lionm mono lionp poly go original n best tones gbp network operator rates apply
ham,What's up my own oga. Left my phone at home and just saw ur messages. Hope you are good. Have a great weekend.,oga left phone home saw ur messages hope good great weekend
ham,"Hello, my love! How goes that day ? I wish your well and fine babe and hope that you find some job prospects. I miss you, boytoy ... *a teasing kiss*",hello love goes day wish well fine babe hope find job prospects miss boytoy teasing kiss
ham,Happy birthday... May all ur dreams come true...,happy birthday may ur dreams come true
ham,"Carlos is down but I have to pick it up from him, so I'll swing by usf in a little bit",carlos pick swing usf little bit
ham,"Don't Think About ""What u Have Got"" Think About ""How to Use It That You Have Got"" gooD ni8",think u got think use got good ni
ham,K:)all the best:)congrats...,k best congrats
ham,Pls give her prometazine syrup. 5mls then  &lt;#&gt; mins later feed.,pls give prometazine syrup mls lt gt mins later feed
ham,Wife.how she knew the time of murder exactly,wife knew time murder exactly
ham,I'm not driving... Raining! Then i'll get caught at e mrt station lor.,driving raining get caught e mrt station lor
spam,Had your mobile 11mths ? Update for FREE to Oranges latest colour camera mobiles & unlimited weekend calls. Call Mobile Upd8 on freefone 08000839402 or 2StopTxt,mobile mths update free oranges latest colour camera mobiles unlimited weekend calls call mobile upd freefone stoptxt
ham,Where you. What happen,happen
ham,"Wow. I never realized that you were so embarassed by your accomodations. I thought you liked it, since i was doing the best i could and you always seemed so happy about ""the cave"". I'm sorry I didn't and don't have more to give. I'm sorry i offered. I'm sorry your room was so embarassing.",wow never realized embarassed accomodations thought liked since best could always seemed happy cave sorry give sorry offered sorry room embarassing
ham,Excellent! Are you ready to moan and scream in ecstasy?,excellent ready moan scream ecstasy
ham,K..k..any special today?,k k special today
ham,"Hi Jon, Pete here, Ive bin 2 Spain recently & hav sum dinero left, Bill said u or ur rents mayb interested in it, I hav 12,000pes, so around £48, tb, James.",hi jon pete ive bin spain recently hav sum dinero left bill said u ur rents mayb interested hav pes around tb james
ham,K.k.this month kotees birthday know?,k k month kotees birthday know
ham,Ha! I wouldn't say that I just didn't read anything into way u seemed. I don't like 2 be judgemental....i save that for fridays in the pub!,ha say read anything way u seemed like judgemental save fridays pub
spam,Cashbin.co.uk (Get lots of cash this weekend!) www.cashbin.co.uk Dear Welcome to the weekend We have got our biggest and best EVER cash give away!! These..,cashbin co uk get lots cash weekend dear welcome weekend got biggest best ever cash give away
ham,"Sez, hows u & de arab boy? Hope u r all good give my love 2 evry1 love ya eshxxxxxxxxxxx",sez hows u de arab boy hope u r good give love evry love ya eshxxxxxxxxxxx
spam,FREE UNLIMITED HARDCORE PORN direct 2 your mobile Txt PORN to 69200 & get FREE access for 24 hrs then chrgd@50p per day txt Stop 2exit. This msg is free,free unlimited hardcore porn direct mobile txt porn get free access hrs per day txt stop exit msg free
ham,O shore are you takin the bus,shore takin bus
ham,"Ever green quote ever told by Jerry in cartoon ""A Person Who Irritates u Always Is the one Who Loves u Vry Much But Fails to Express It...!..!! :-) :-) gud nyt",ever green quote ever told jerry cartoon person irritates u always one loves u vry much fails express gud nyt
ham,Too late. I said i have the website. I didn't i have or dont have the slippers,late said website dont slippers
ham,"Tell you what, if you make a little spreadsheet and track whose idea it was to smoke to determine who ""smokes too much"" for the entire month of february, I'll come up",tell make little spreadsheet track whose idea smoke determine smokes much entire month february come
ham,Yup song bro. No creative. Neva test quality. He said check review online.,yup song bro creative neva test quality said check review online
ham,"Good afternoon, my love! How goes that day ? I hope maybe you got some leads on a job. I think of you, boytoy and send you a passionate kiss from across the sea",good afternoon love goes day hope maybe got leads job think boytoy send passionate kiss across sea
ham,"Life is nothing wen v get everything. But ""life is everything wen v miss something "". Real value of people wil be realized only in their absence.... gud mrng",life nothing wen v get everything life everything wen v miss something real value people wil realized absence gud mrng
ham,Huh but i cant go 2 ur house empty handed right?,huh cant go ur house empty handed right
ham,"Sorry,in meeting I'll call later",sorry meeting call later
ham,i cant talk to you now.i will call when i can.dont keep calling.,cant talk call dont keep calling
ham,Why did I wake up on my own &gt;:(,wake gt
spam,"URGENT. Important information for 02 user. Today is your lucky day! 2 find out why , log onto http://www.urawinner.com there is a fantastic surprise awaiting you !",urgent important information user today lucky day find log onto fantastic surprise awaiting
ham,I got it before the new year cos yetunde said she wanted to surprise you with it but when i didnt see money i returned it mid january before the  &lt;#&gt; day return period ended.,got new year cos yetunde said wanted surprise didnt see money returned mid january lt gt day return period ended
spam,Bored housewives! Chat n date now! 0871750.77.11! BT-national rate 10p/min only from landlines!,bored housewives chat n date bt national rate p min landlines
ham,Its worse if if uses half way then stops. Its better for him to complete it.,worse uses half way stops better complete
ham,Yes i think so. I am in office but my lap is in room i think thats on for the last few days. I didnt shut that down,yes think office lap room think thats last days didnt shut
ham,Ooooooh I forgot to tell u I can get on yoville on my phone,ooooooh forgot tell u get yoville phone
ham,Ü eatin later but i'm eatin wif my frens now lei... Ü going home first? ,eatin later eatin wif frens lei going home first
ham,No you'll just get a headache trying to figure it out. U can trust me to do the math. I promise. O:-),get headache trying figure u trust math promise
ham,I will reach office around  &lt;DECIMAL&gt; . &amp; my mobile have problem. You cann't get my voice. So call you asa i'll free,reach office around lt decimal gt amp mobile problem cann get voice call asa free
ham,"Cool breeze... Bright sun... Fresh flower... Twittering birds... All these waiting to wish u: ""GOODMORNING &amp; HAVE A NICE DAY"" :)",cool breeze bright sun fresh flower twittering birds waiting wish u goodmorning amp nice day
ham,Am in gobi arts college,gobi arts college
ham,Do u konw waht is rael FRIENDSHIP Im gving yuo an exmpel: Jsut ese tihs msg.. Evrey splleing of tihs msg is wrnog.. Bt sitll yuo can raed it wihtuot ayn mitsake.. GOODNIGHT &amp; HAVE A NICE SLEEP..SWEET DREAMS..,u konw waht rael friendship im gving yuo exmpel jsut ese tihs msg evrey splleing tihs msg wrnog bt sitll yuo raed wihtuot ayn mitsake goodnight amp nice sleep sweet dreams
ham,How are you. Just checking up on you,checking
spam,URGENT! We are trying to contact U. Todays draw shows that you have won a £800 prize GUARANTEED. Call 09050003091 from land line. Claim C52. Valid12hrs only,urgent trying contact u todays draw shows prize guaranteed call land line claim c valid hrs
ham,Was it something u ate?,something u ate
ham,Miles and smiles r made frm same letters but do u know d difference..? smile on ur face keeps me happy even though I am miles away from u.. :-)keep smiling.. Good nyt,miles smiles r made frm letters u know difference smile ur face keeps happy even though miles away u keep smiling good nyt
ham,U attend ur driving lesson how many times a wk n which day?,u attend ur driving lesson many times wk n day
ham,Enjoy ur life. . Good night,enjoy ur life good night
ham,"Its ok chikku, and its my 1 of favourite song..:-)",ok chikku favourite song
spam,"YOU VE WON! Your 4* Costa Del Sol Holiday or £5000 await collection. Call 09050090044 Now toClaim. SAE, TC s, POBox334, Stockport, SK38xh, Cost£1.50/pm, Max10mins",costa del sol holiday await collection call toclaim sae tc pobox stockport sk xh cost pm max mins
spam,"U can WIN £100 of Music Gift Vouchers every week starting NOW Txt the word DRAW to 87066 TsCs www.ldew.com SkillGame,1Winaweek, age16.150ppermessSubscription",u win music gift vouchers every week starting txt word draw tscs skillgame winaweek age ppermesssubscription
ham,Good Morning plz call me sir,good morning plz call sir
ham,"Why is that, princess? I bet the brothas are all chasing you!",princess bet brothas chasing
ham,I was up all night too worrying about this appt. It's a shame we missed a girls night out with quizzes popcorn and you doing my hair.,night worrying appt shame missed girls night quizzes popcorn hair
ham,Cool. So how come you havent been wined and dined before?,cool come havent wined dined
ham,I take it the post has come then! You must have 1000s of texts now! Happy reading. My one from wiv hello caroline at the end is my favourite. Bless him,take post come must texts happy reading one wiv hello caroline end favourite bless
ham,No chikku nt yet.. Ya i'm free,chikku nt yet ya free
ham,Lol yes. But it will add some spice to your day.,lol yes add spice day
ham,"New Theory: Argument wins d SITUATION, but loses the PERSON. So dont argue with ur friends just.. . . . kick them &amp; say, I'm always correct.!",new theory argument wins situation loses person dont argue ur friends kick amp say always correct
ham,What time. I‘m out until prob 3 or so,time prob
ham,What do u want when i come back?.a beautiful necklace as a token of my heart for you.thats what i will give but ONLY to MY WIFE OF MY LIKING.BE THAT AND SEE..NO ONE can give you that.dont call me.i will wait till i come.,u want come back beautiful necklace token heart thats give wife liking see one give dont call wait till come
ham,This pen thing is beyond a joke. Wont a Biro do? Don't do a masters as can't do this ever again! ,pen thing beyond joke wont biro masters ever
ham,Today is ACCEPT DAY..U Accept me as? Brother Sister Lover Dear1 Best1 Clos1 Lvblefrnd Jstfrnd Cutefrnd Lifpartnr Belovd Swtheart Bstfrnd No rply means enemy,today accept day u accept brother sister lover dear best clos lvblefrnd jstfrnd cutefrnd lifpartnr belovd swtheart bstfrnd rply means enemy
ham,"Living is very simple.. Loving is also simple.. Laughing is too simple.. Winning is tooo simple.. But, Being 'SIMPLE' is very difficult...;-) :-)",living simple loving also simple laughing simple winning tooo simple simple difficult
ham,Lol yeah at this point I guess not,lol yeah point guess
spam,You are a winner you have been specially selected to receive £1000 cash or a £2000 award. Speak to a live operator to claim call 087123002209am-7pm. Cost 10p,winner specially selected receive cash award speak live operator claim call pm cost p
ham,I love you both too :-),love
ham,No other Valentines huh? The proof is on your fb page. Ugh I'm so glad I really DIDN'T watch your rupaul show you TOOL!,valentines huh proof fb page ugh glad really watch rupaul show tool
ham,WHEN THE FIRST STRIKE IS A RED ONE. THE BIRD + ANTELOPE BEGIN TOPLAY IN THE FIELDOF SELFINDEPENDENCE BELIEVE THIS + THE FLOWER OF CONTENTION WILL GROW.RANDOM!,first strike red one bird antelope begin toplay fieldof selfindependence believe flower contention grow random
ham,aathi..where are you dear..,aathi dear
ham,Don't fret. I'll buy the ovulation test strips and send them to you. You wont get them til like march. Can you send me your postal address.u'll be alright.Okay.,fret buy ovulation test strips send wont get til like march send postal address u alright okay
ham,Is that what time you want me to come?,time want come
ham,Thanx but my birthday is over already.,thanx birthday already
ham,Pass dis to all ur contacts n see wat u get! Red;i'm in luv wid u. Blue;u put a smile on my face. Purple;u r realy hot. Pink;u r so swt. Orange;i thnk i lyk u. Green;i realy wana go out wid u. Yelow;i wnt u bck. Black;i'm jealous of u. Brown;i miss you Nw plz giv me one color,pass dis ur contacts n see wat u get red luv wid u blue u put smile face purple u r realy hot pink u r swt orange thnk lyk u green realy wana go wid u yelow wnt u bck black jealous u brown miss nw plz giv one color
ham,She left it very vague. She just said she would inform the person in accounting about the delayed rent and that i should discuss with the housing agency about my renting another place. But checking online now and all places around usc are  &lt;#&gt;  and up,left vague said would inform person accounting delayed rent discuss housing agency renting another place checking online places around usc lt gt
ham,Not..tel software name..,tel software name
ham,Moji just informed me that you saved our lives. Thanks.,moji informed saved lives thanks
ham,Even u dont get in trouble while convincing..just tel him once or twice and just tel neglect his msgs dont c and read it..just dont reply,even u dont get trouble convincing tel twice tel neglect msgs dont c read dont reply
ham,Ok,ok
ham,Gud ni8.swt drms.take care,gud ni swt drms take care
ham,Dear got bus directly to calicut,dear got bus directly calicut
ham,Hello darlin ive finished college now so txt me when u finish if u can love Kate xxx,hello darlin ive finished college txt u finish u love kate xxx
ham,Ok . . now i am in bus. . If i come soon i will come otherwise tomorrow,ok bus come soon come otherwise tomorrow
ham,Good Morning plz call me sir,good morning plz call sir
ham,Thanks chikku..:-) gud nyt:-*,thanks chikku gud nyt
ham,Prabha..i'm soryda..realy..frm heart i'm sory,prabha soryda realy frm heart sory
ham,Just woke up. Yeesh its late. But I didn't fall asleep til &lt;#&gt; am :/,woke yeesh late fall asleep til lt gt
ham,Oh god..taken the teeth?is it paining,oh god taken teeth paining
ham,I know girls always safe and selfish know i got it pa. Thank you. good night.,know girls always safe selfish know got pa thank good night
ham,Take some small dose tablet for fever,take small dose tablet fever
ham,If u sending her home first it's ok lor. I'm not ready yet.,u sending home first ok lor ready yet
ham,Are there TA jobs available? Let me know please cos i really need to start working,ta jobs available let know please cos really need start working
ham,No prob. I will send to your email.,prob send email
ham,Ü collecting ur laptop then going to configure da settings izzit?,collecting ur laptop going configure da settings izzit
ham,"Usf I guess, might as well take 1 car",usf guess might well take car
spam,FREE for 1st week! No1 Nokia tone 4 ur mob every week just txt NOKIA to 8007 Get txting and tell ur mates www.getzed.co.uk POBox 36504 W45WQ norm150p/tone 16+,free st week nokia tone ur mob every week txt nokia get txting tell ur mates pobox w wq norm p tone
ham,In that case I guess I'll see you at campus lodge,case guess see campus lodge
spam,"For ur chance to win a £250 cash every wk TXT: ACTION to 80608. T's&C's www.movietrivia.tv custcare 08712405022, 1x150p/wk",ur chance win cash every wk txt action c custcare x p wk
ham,"Got ur mail Dileep.thank you so muchand look forward to lots of support...very less contacts here,remember one venugopal you mentioned.tomorrow if not late,i shall try to come up till there.goodnight dear.",got ur mail dileep thank muchand look forward lots support less contacts remember one venugopal mentioned tomorrow late shall try come till goodnight dear
ham,"Good stuff, will do.",good stuff
ham,You all ready for * big day tomorrow?,ready big day tomorrow
ham,Ugh hopefully the asus ppl dont randomly do a reformat.,ugh hopefully asus ppl dont randomly reformat
ham,Good words.... But words may leave u in dismay many times.,good words words may leave u dismay many times
ham,"Ugh y can't u just apologize, admit u were wrong and ask me to take u back?",ugh u apologize admit u wrong ask take u back
ham,How dare you change my ring,dare change ring
ham,"I'm back, lemme know when you're ready",back lem know ready
ham,Don know..he is watching film in computer..,know watching film computer
ham,"Sorry, I'll call you  later. I am in meeting sir.",sorry call later meeting sir
ham,HI BABE IM AT HOME NOW WANNA DO SOMETHING? XX,hi babe im home wan na something xx
ham,I want to lick your pussy now...,want lick pussy
ham,Hey so whats the plan this sat? ,hey whats plan sat
ham,Oops. 4 got that bit.,oops got bit
ham,"Aight, lemme know what's up",aight lem know
ham,"So anyways, you can just go to your gym or whatever, my love *smiles* I hope your ok and having a good day babe ... I miss you so much already",anyways go gym whatever love smiles hope ok good day babe miss much already
ham,No..its ful of song lyrics..,ful song lyrics
ham,"Aight, I'll text you when I'm back",aight text back
ham,I just saw ron burgundy captaining a party boat so yeah,saw ron burgundy captaining party boat yeah
ham,"Yeah hopefully, if tyler can't do it I could maybe ask around a bit",yeah hopefully tyler could maybe ask around bit
ham,Baaaaabe! I misss youuuuu ! Where are you ? I have to go and teach my class at 5 ...,baaaaabe misss youuuuu go teach class
ham,&lt;#&gt; ISH MINUTES WAS 5 MINUTES AGO. WTF.,lt gt ish minutes minutes ago wtf
ham,"Yun ah.the ubi one say if ü wan call by tomorrow.call 67441233 look for irene.ere only got bus8,22,65,61,66,382. Ubi cres,ubi tech park.6ph for 1st 5wkg days.èn",yun ah ubi one say wan call tomorrow call look irene ere got bus ubi cres ubi tech park ph st wkg days n
ham,"* Was a nice day and, impressively, i was sensible, went home early and now feel fine. Or am i just boring?! When's yours, i can't remember.",nice day impressively sensible went home early feel fine boring remember
ham,"I prefer my free days... Tues, wed, fri oso can... Ü ask those workin lor...",prefer free days tues wed fri oso ask workin lor
ham,I got to video tape pple type in message lor. U so free wan 2 help me? Hee... Cos i noe u wan 2 watch infernal affairs so ask u along. Asking shuhui oso.,got video tape pple type message lor u free wan help hee cos noe u wan watch infernal affairs ask u along asking shuhui oso
ham,We will meet soon princess! Ttyl!,meet soon princess ttyl
ham,Nt yet chikku..simple habba..hw abt u?,nt yet chikku simple habba hw abt u
ham,Depends on where u going lor.,depends u going lor
ham,Thts god's gift for birds as humans hav some natural gift frm god..,thts god gift birds humans hav natural gift frm god
ham,Tell rob to mack his gf in the theater,tell rob mack gf theater
ham,"yeah, that's what I was thinking",yeah thinking
ham,Congrats. That's great. I wanted to tell you not to tell me your score cos it might make me relax. But its motivating me so thanks for sharing,congrats great wanted tell tell score cos might make relax motivating thanks sharing
ham,Well its not like you actually called someone a punto. That woulda been worse.,well like actually called someone punto woulda worse
spam,2/2 146tf150p,tf p
ham,I want to be inside you every night...,want inside every night
ham,All done? All handed in? Celebrations in full swing yet?,done handed celebrations full swing yet
ham,What * u wearing?,u wearing
spam,You'll not rcv any more msgs from the chat svc. For FREE Hardcore services text GO to: 69988 If u get nothing u must Age Verify with yr network & try again,rcv msgs chat svc free hardcore services text go u get nothing u must age verify yr network try
ham,I'll be in sch fr 4-6... I dun haf da book in sch... It's at home...,sch fr dun haf da book sch home
ham,Check wid corect speling i.e. Sarcasm,check wid corect speling e sarcasm
ham,"Hi Chikku, send some nice msgs",hi chikku send nice msgs
ham,Wat's my dear doing? Sleeping ah?,wat dear sleeping ah
spam,"1000's flirting NOW! Txt GIRL or BLOKE & ur NAME & AGE, eg GIRL ZOE 18 to 8007 to join and get chatting!",flirting txt girl bloke ur name age eg girl zoe join get chatting
ham,LMAO where's your fish memory when I need it?,lmao fish memory need
ham,"Cool, text me when you head out",cool text head
ham,Watching ajith film ah?,watching ajith film ah
ham,… and don‘t worry we‘ll have finished by march … ish!,worry finished march ish
ham,"Aight that'll work, thanks",aight work thanks
ham,Aight sorry I take ten years to shower. What's the plan?,aight sorry take ten years shower plan
ham,Well i know Z will take care of me. So no worries.,well know z take care worries
spam,"URGENT! Your Mobile No 07808726822 was awarded a £2,000 Bonus Caller Prize on 02/09/03! This is our 2nd attempt to contact YOU! Call 0871-872-9758 BOX95QU",urgent mobile awarded bonus caller prize nd attempt contact call box qu
ham,No problem baby. Is this is a good time to talk? I called and left a message.,problem baby good time talk called left message
ham,Studying. But i.ll be free next weekend.,studying free next weekend
ham,Thinkin about someone is all good. No drugs for that,thinkin someone good drugs
ham,Ok... But they said i've got wisdom teeth hidden inside n mayb need 2 remove.,ok said got wisdom teeth hidden inside n mayb need remove
ham,Uncle Abbey! Happy New Year. Abiola,uncle abbey happy new year abiola
ham,"Mon okie lor... Haha, best is cheap n gd food la, ex oso okie... Depends on whether wana eat western or chinese food... Den which u prefer... ",mon okie lor haha best cheap n gd food la ex oso okie depends whether wana eat western chinese food den u prefer
ham,"Sorry man my account's dry or I would, if you want we could trade back half or I could buy some shit with my credit card",sorry man account dry would want could trade back half could buy shit credit card
ham,I have had two more letters from . I will copy them for you cos one has a message for you. Speak soon,two letters copy cos one message speak soon
ham,"Hey...Great deal...Farm tour 9am to 5pm $95/pax, $50 deposit by 16 May",hey great deal farm tour pm pax deposit may
ham,Unfortunately i've just found out that we have to pick my sister up from the airport that evening so don't think i'll be going out at all. We should try to go out one of th,unfortunately found pick sister airport evening think going try go one th
ham,What not under standing.,standing
ham,En chikku nange bakra msg kalstiya..then had tea/coffee?,en chikku nange bakra msg kalstiya tea coffee
ham,Wait 2 min..stand at bus stop,wait min stand bus stop
ham,Yeah whatever lol,yeah whatever lol
spam,"For ur chance to win a £250 wkly shopping spree TXT: SHOP to 80878. T's&C's www.txt-2-shop.com custcare 08715705022, 1x150p/wk",ur chance win wkly shopping spree txt shop c custcare x p wk
ham,Lol they don't know about my awesome phone. I could click delete right now if I want.,lol know awesome phone could click delete right want
ham,how tall are you princess?,tall princess
ham,"Sorry light turned green, I meant another friend wanted  &lt;#&gt;  worth but he may not be around",sorry light turned green meant another friend wanted lt gt worth may around
ham,Is fujitsu s series lifebook good?,fujitsu series lifebook good
ham,Hi di is yijue we're meeting at 7 pm at esaplanade tonight.,hi di yijue meeting pm esaplanade tonight
ham,Have a good evening! Ttyl,good evening ttyl
spam,U 447801259231 have a secret admirer who is looking 2 make contact with U-find out who they R*reveal who thinks UR so special-call on 09058094597,u secret admirer looking make contact u find r reveal thinks ur special call
ham,Hey i will be really pretty late... You want to go for the lesson first? I will join you. I'm only reaching tp mrt,hey really pretty late want go lesson first join reaching tp mrt
ham,No go. No openings for that room 'til after thanksgiving without an upcharge.,go openings room til thanksgiving without upcharge
ham,Lil fever:) now fine:),lil fever fine
spam,URGENT! We are trying to contact you. Last weekends draw shows that you have won a £900 prize GUARANTEED. Call 09061701851. Claim code K61. Valid 12hours only,urgent trying contact last weekends draw shows prize guaranteed call claim code k valid hours
ham,We'll join the  &lt;#&gt;  bus,join lt gt bus
ham,"Haha yeah I see that now, be there in a sec",haha yeah see sec
ham,I'm in class. Did you get my text.,class get text
ham,I love you. You set my soul on fire. It is not just a spark. But it is a flame. A big rawring flame. XoXo,love set soul fire spark flame big rawring flame xoxo
ham,"Hmmm ... And imagine after you've come home from that having to rub my feet, make me dinner and help me get ready for my date ! Are you sure your ready for that kind of life ?",hmmm imagine come home rub feet make dinner help get ready date sure ready kind life
ham,Esplanade lor. Where else...,esplanade lor else
ham,Wat uniform? In where get?,wat uniform get
ham,Is ur paper in e morn or aft tmr?,ur paper e morn aft tmr
ham,"Doing nothing, then u not having dinner w us?",nothing u dinner w us
ham,Becoz its  &lt;#&gt;  jan whn al the post ofice is in holiday so she cn go fr the post ofice...got it duffer,becoz lt gt jan whn al post ofice holiday cn go fr post ofice got duffer
ham,"My fri ah... Okie lor,goin 4 my drivin den go shoppin after tt...",fri ah okie lor goin drivin den go shoppin tt
ham,Today my system sh get ready.all is well and i am also in the deep well,today system sh get ready well also deep well
ham,When u wana see it then,u wana see
ham,Shb b ok lor... Thanx...,shb b ok lor thanx
ham,Wife.how she knew the time of murder exactly,wife knew time murder exactly
ham,Id have to check but there's only like 1 bowls worth left,id check like bowls worth left
ham,K.then any other special?,k special
ham,"Nope, I'm still in the market",nope still market
spam,Someone U know has asked our dating service 2 contact you! Cant Guess who? CALL 09058091854 NOW all will be revealed. PO BOX385 M6 6WU,someone u know asked dating service contact cant guess call revealed po box wu
ham,Okie,okie
spam,"WELL DONE! Your 4* Costa Del Sol Holiday or £5000 await collection. Call 09050090044 Now toClaim. SAE, TCs, POBox334, Stockport, SK38xh, Cost£1.50/pm, Max10mins",well done costa del sol holiday await collection call toclaim sae tcs pobox stockport sk xh cost pm max mins
ham,"Ditto. And you won't have to worry about me saying ANYTHING to you anymore. Like i said last night, you do whatever you want and i'll do the same. Peace.",ditto worry saying anything anymore like said last night whatever want peace
ham,"Finally it has happened..! Aftr decades..! BEER is now cheaper than PETROL! The goverment expects us to ""DRINK"". . . But don't ""DRIVE """,finally happened aftr decades beer cheaper petrol goverment expects us drink drive
spam,As a Registered Subscriber yr draw 4 a £100 gift voucher will b entered on receipt of a correct ans. When are the next olympics. Txt ans to 80062,registered subscriber yr draw gift voucher b entered receipt correct ans next olympics txt ans
ham,"If you want to mapquest it or something look up ""usf dogwood drive"", that's the tiny street where the parking lot is",want mapquest something look usf dogwood drive tiny street parking lot
ham,"No idea, I guess we'll work that out an hour after we're supposed to leave since as usual nobody has any interest in figuring shit out before the last second",idea guess work hour supposed leave since usual nobody interest figuring shit last second
ham,"Can you pls pls send me a mail on all you know about relatives coming to deliver here? All you know about costs, risks, benefits and anything else. Thanks.",pls pls send mail know relatives coming deliver know costs risks benefits anything else thanks
ham,Have a safe trip to Nigeria. Wish you happiness and very soon company to share moments with,safe trip nigeria wish happiness soon company share moments
ham,The Xmas story is peace.. The Xmas msg is love.. The Xmas miracle is jesus.. Hav a blessed month ahead &amp; wish U Merry Xmas...,xmas story peace xmas msg love xmas miracle jesus hav blessed month ahead amp wish u merry xmas
ham,Left dessert. U wan me 2 go suntec look 4 u?,left dessert u wan go suntec look u
ham,"Hello, my love. What are you doing? Did you get to that interview today? Are you you happy? Are you being a good boy? Do you think of me?Are you missing me ?",hello love get interview today happy good boy think missing
ham,"Love isn't a decision, it's a feeling. If we could decide who to love, then, life would be much simpler, but then less magical",love decision feeling could decide love life would much simpler less magical
ham,"If e timing can, then i go w u lor...",e timing go w u lor
ham,Or remind me in a few hrs.,remind hrs
spam,Promotion Number: 8714714 - UR awarded a City Break and could WIN a £200 Summer Shopping spree every WK. Txt STORE to 88039 . SkilGme. TsCs087147403231Winawk!Age16 £1.50perWKsub,promotion number ur awarded city break could win summer shopping spree every wk txt store skilgme tscs winawk age perwksub
spam,Dear Subscriber ur draw 4 £100 gift voucher will b entered on receipt of a correct ans. When was Elvis Presleys Birthday? TXT answer to 80062,dear subscriber ur draw gift voucher b entered receipt correct ans elvis presleys birthday txt answer
spam,**FREE MESSAGE**Thanks for using the Auction Subscription Service. 18 . 150p/MSGRCVD 2 Skip an Auction txt OUT. 2 Unsubscribe txt STOP CustomerCare 08718726270,free message thanks using auction subscription service p msgrcvd skip auction txt unsubscribe txt stop customercare
ham,Ok.ok ok..then..whats ur todays plan,ok ok ok whats ur todays plan
ham,Im on gloucesterroad what are uup to later?,im gloucesterroad uup later
spam,Ever thought about living a good life with a perfect partner? Just txt back NAME and AGE to join the mobile community. (100p/SMS),ever thought living good life perfect partner txt back name age join mobile community p sms
ham,Can not use foreign stamps in this country.,use foreign stamps country
ham,"Just dropped em off, omw back now",dropped em omw back
spam,Double Mins & Double Txt & 1/2 price Linerental on Latest Orange Bluetooth mobiles. Call MobileUpd8 for the very latest offers. 08000839402 or call2optout/LF56,double mins double txt price linerental latest orange bluetooth mobiles call mobileupd latest offers call optout lf
ham,You call him and tell now infront of them. Call him now.,call tell infront call
ham,Oh ok.. Wat's ur email?,oh ok wat ur email
ham,Hey! There's veggie pizza... :/,hey veggie pizza
spam,You have WON a guaranteed £1000 cash or a £2000 prize. To claim yr prize call our customer service representative on 08714712412 between 10am-7pm Cost 10p,guaranteed cash prize claim yr prize call customer service representative pm cost p
ham,I've told him that i've returned it. That should i re order it.,told returned order
ham,I dunno until when... Lets go learn pilates...,dunno lets go learn pilates
ham,"aight we can pick some up, you open before tonight?",aight pick open tonight
ham,"Oh yes, why is it like torture watching england?",oh yes like torture watching england
ham,Sad story of a Man - Last week was my b'day. My Wife did'nt wish me. My Parents forgot n so did my Kids . I went to work. Even my Colleagues did not wish.,sad story man last week b day wife nt wish parents forgot n kids went work even colleagues wish
ham,I send the print  outs da.,send print outs da
ham,Kent vale lor... Ü wait 4 me there ar?,kent vale lor wait ar
spam,XMAS Prize draws! We are trying to contact U. Todays draw shows that you have won a £2000 prize GUARANTEED. Call 09058094565 from land line. Valid 12hrs only,xmas prize draws trying contact u todays draw shows prize guaranteed call land line valid hrs
ham,I am in escape theatre now. . Going to watch KAVALAN in a few minutes,escape theatre going watch kavalan minutes
ham,Sorry i cant take your call right now. It so happens that there r 2waxsto do wat you want. She can come and ill get her medical insurance. And she'll be able to deliver and have basic care. I'm currently shopping for the right medical insurance for her. So just give me til friday morning. Thats when i.ll see the major person that can guide me to the right insurance.,sorry cant take call right happens r waxsto wat want come ill get medical insurance able deliver basic care currently shopping right medical insurance give til friday morning thats see major person guide right insurance
spam,Dear U've been invited to XCHAT. This is our final attempt to contact u! Txt CHAT to 86688,dear u invited xchat final attempt contact u txt chat
ham,Oh baby of the house. How come you dont have any new pictures on facebook,oh baby house come dont new pictures facebook
ham,Where are you lover ? I need you ...,lover need
ham,I liked the new mobile,liked new mobile
ham,But i dint slept in afternoon.,dint slept afternoon
ham,My drive can only be read. I need to write,drive read need write
ham,"1) Go to write msg 2) Put on Dictionary mode 3)Cover the screen with hand, 4)Press  &lt;#&gt; . 5)Gently remove Ur hand.. Its interesting..:)",go write msg put dictionary mode cover screen hand press lt gt gently remove ur hand interesting
ham,Yavnt tried yet and never played original either,yavnt tried yet never played original either
ham,Hi its in durban are you still on this number,hi durban still number
ham,Hey loverboy! I love you !! I had to tell ... I look at your picture and ache to feel you between my legs ... Fuck I want you ... I need you ... I crave you .,hey loverboy love tell look picture ache feel legs fuck want need crave
ham,Sorry i din lock my keypad.,sorry din lock keypad
ham,"Er, hello, things didn‘t quite go to plan – is limping slowly home followed by aa and with exhaust hanging off",er hello things quite go plan limping slowly home followed aa exhaust hanging
ham,"Hey. What happened? U switch off ur cell d whole day. This isnt good. Now if u do care, give me a call tomorrow.",hey happened u switch ur cell whole day isnt good u care give call tomorrow
ham,Hi Princess! Thank you for the pics. You are very pretty. How are you?,hi princess thank pics pretty
ham,"Sir, I need AXIS BANK account no and bank address.",sir need axis bank account bank address
ham,"I get out of class in bsn in like  &lt;#&gt;  minutes, you know where advising is?",get class bsn like lt gt minutes know advising
ham,Sry da..jst nw only i came to home..,sry da jst nw came home
ham,I'm in school now n i'll be in da lab doing some stuff give me a call when ü r done.,school n da lab stuff give call r done
ham,Shopping? Eh ger i toking abt syd leh...Haha,shopping eh ger toking abt syd leh haha
ham,Ok lor. I'm in town now lei.,ok lor town lei
ham,"Babe, I'm answering you, can't you see me ? Maybe you'd better reboot YM ... I got the photo ... It's great !",babe answering see maybe better reboot ym got photo great
ham,You should know now. So how's anthony. Are you bringing money. I've school fees to pay and rent and stuff like that. Thats why i need your help. A friend in need....|,know anthony bringing money school fees pay rent stuff like thats need help friend need
ham,"Thanks again for your reply today. When is ur visa coming in. And r u still buying the gucci and bags. My sister things are not easy, uncle john also has his own bills so i really need to think about how to make my own money. Later sha.",thanks reply today ur visa coming r u still buying gucci bags sister things easy uncle john also bills really need think make money later sha
ham,"whatever, im pretty pissed off.",whatever im pretty pissed
ham,Stop knowing me so well!,stop knowing well
ham,But am going to college pa. What to do. are else ill come there it self. Pa.,going college pa else ill come self pa
ham,Xy trying smth now. U eat already? We havent...,xy trying smth u eat already havent
ham,No just send to you. Bec you in temple na.,send bec temple na
ham,"Party's at my place at usf, no charge (but if you can contribute in any way it is greatly appreciated) and yeah, we got room for one more",party place usf charge contribute way greatly appreciated yeah got room one
ham,Come to medical college at 7pm ......forward it da,come medical college pm forward da
ham,Are you free now?can i call now?,free call
spam,"Fantasy Football is back on your TV. Go to Sky Gamestar on Sky Active and play £250k Dream Team. Scoring starts on Saturday, so register now!SKY OPT OUT to 88088",fantasy football back tv go sky gamestar sky active play k dream team scoring starts saturday register sky opt
ham,That's good. Lets thank God. Please complete the drug. Have lots of water. And have a beautiful day.,good lets thank god please complete drug lots water beautiful day
ham,You have got tallent but you are wasting.,got tallent wasting
ham,I havent add ü yet right.. ,havent add yet right
ham,"Haha good to hear, I'm officially paid and on the market for an 8th",haha good hear officially paid market th
ham,And of course you should make a stink!,course make stink
ham,Hi.what you think about match?,hi think match
ham,You bad girl. I can still remember them,bad girl still remember
ham,Ya it came a while ago,ya came ago
ham,If i start sending blackberry torch to nigeria will you find buyer for me?like 4a month. And tell dad not to buy bb from anyone oh.,start sending blackberry torch nigeria find buyer like month tell dad buy bb anyone oh
ham,Gimme a few was  &lt;#&gt;  minutes ago,gim lt gt minutes ago
spam,"England v Macedonia - dont miss the goals/team news. Txt ur national team to 87077 eg ENGLAND to 87077 Try:WALES, SCOTLAND 4txt/ú1.20 POBOXox36504W45WQ 16+",england v macedonia dont miss goals team news txt ur national team eg england try wales scotland txt poboxox w wq
ham,Yes... I trust u to buy new stuff ASAP so I can try it out,yes trust u buy new stuff asap try
ham,Lol no. Just trying to make your day a little more interesting,lol trying make day little interesting
ham,Well good morning mr . Hows london treatin' ya treacle?,well good morning mr hows london treatin ya treacle
ham,"Haha awesome, be there in a minute",haha awesome minute
ham,No da. I am happy that we sit together na,da happy sit together na
ham,Rofl. Its true to its name,rofl true name
spam,Ur ringtone service has changed! 25 Free credits! Go to club4mobiles.com to choose content now! Stop? txt CLUB STOP to 87070. 150p/wk Club4 PO Box1146 MK45 2WT,ur ringtone service changed free credits go club mobiles com choose content stop txt club stop p wk club po box mk wt
spam,18 days to Euro2004 kickoff! U will be kept informed of all the latest news and results daily. Unsubscribe send GET EURO STOP to 83222.,days euro kickoff u kept informed latest news results daily unsubscribe send get euro stop
ham,Meet after lunch la...,meet lunch la
ham,Weightloss! No more girl friends. Make loads of money on ebay or something. And give thanks to God.,weightloss girl friends make loads money ebay something give thanks god
ham,I've been barred from all B and Q stores for life!?This twat in orange dungerees came up to me and asked if I wanted decking? So I got the first punch in!!,barred b q stores life twat orange dungerees came asked wanted decking got first punch
ham,What time you thinkin of goin?,time thinkin goin
ham,Yup... Ok i go home look at the timings then i msg ü again... Xuhui going to learn on 2nd may too but her lesson is at 8am,yup ok go home look timings msg xuhui going learn nd may lesson
ham,Sent me ur email id soon,sent ur email id soon
ham,K k pa Had your lunch aha.,k k pa lunch aha
ham,"Whats that coming over the hill..... Is it a monster! Hope you have a great day. Things r going fine here, busy though! ",whats coming hill monster hope great day things r going fine busy though
ham,How much it will cost approx . Per month.,much cost approx per month
ham,I can ask around but there's not a lot in terms of mids up here,ask around lot terms mids
ham,How. Its a little difficult but its a simple way to enter this place,little difficult simple way enter place
ham,Your opinion about me? 1. Over 2. Jada 3. Kusruthi 4. Lovable 5. Silent 6. Spl character 7. Not matured 8. Stylish 9. Simple Pls reply..,opinion jada kusruthi lovable silent spl character matured stylish simple pls reply
spam,PRIVATE! Your 2003 Account Statement for 07753741225 shows 800 un-redeemed S. I. M. points. Call 08715203677 Identifier Code: 42478 Expires 24/10/04,private account statement shows un redeemed points call identifier code expires
ham,You call times job today ok umma and ask them to speed up,call times job today ok umma ask speed
ham,Then. You are eldest know.,eldest know
ham,"Aiyo... Her lesson so early... I'm still sleepin, haha... Okie, u go home liao den confirm w me lor...",aiyo lesson early still sleepin haha okie u go home liao den confirm w lor
ham,Yup...,yup
ham,Those cocksuckers. If it makes you feel better ipads are worthless garbage novelty items and you should feel bad for even wanting one,cocksuckers makes feel better ipads worthless garbage novelty items feel bad even wanting one
ham,Your dad is back in ph?,dad back ph
ham,"Goodmorning, Today i am late for  &lt;#&gt; min.",goodmorning today late lt gt min
ham,I love to wine and dine my lady!,love wine dine lady
ham,Are you going to wipro interview today?,going wipro interview today
ham,How was txting and driving,txting driving
ham,I can't describe how lucky you are that I'm actually awake by noon,describe lucky actually awake noon
spam,Sunshine Quiz Wkly Q! Win a top Sony DVD player if u know which country the Algarve is in? Txt ansr to 82277. £1.50 SP:Tyrone,sunshine quiz wkly q win top sony dvd player u know country algarve txt ansr sp tyrone
ham,I think its far more than that but find out. Check google maps for a place from your dorm.,think far find check google maps place dorm
ham,Hi. Happy New Year. I dont mean to intrude but can you pls let me know how much tuition you paid last semester and how much this semester is. Thanks,hi happy new year dont mean intrude pls let know much tuition paid last semester much semester thanks
ham,You getting back any time soon?,getting back time soon
ham,Ard 4 lor...,ard lor
spam,Todays Vodafone numbers ending with 4882 are selected to a receive a £350 award. If your number matches call 09064019014 to receive your £350 award.,todays vodafone numbers ending selected receive award number matches call receive award
ham,I wonder if you'll get this text?,wonder get text
ham,All will come alive.better correct any good looking figure there itself..,come alive better correct good looking figure
ham,Smile in Pleasure Smile in Pain Smile when trouble pours like Rain Smile when sum1 Hurts U Smile becoz SOMEONE still Loves to see u Smiling!!,smile pleasure smile pain smile trouble pours like rain smile sum hurts u smile becoz someone still loves see u smiling
ham,Which is weird because I know I had it at one point,weird know one point
ham,"Theoretically yeah, he could be able to come",theoretically yeah could able come
ham,My superior telling that friday is leave for all other department except ours:)so it will be leave for you:)any way call waheed fathima hr and conform it:),superior telling friday leave department except leave way call waheed fathima hr conform
ham,Lmao. Take a pic and send it to me.,lmao take pic send
ham,"Better than bb. If he wont use it, his wife will or them doctor",better bb wont use wife doctor
ham,I've been searching for the right words to thank you for this breather. I promise i wont take your help for granted and will fulfil my promise. You have been wonderful and a blessing at all times.,searching right words thank breather promise wont take help granted fulfil promise wonderful blessing times
ham,"Solve d Case : A Man Was Found Murdered On  &lt;DECIMAL&gt; . &lt;#&gt;  AfterNoon. 1,His wife called Police. 2,Police questioned everyone. 3,Wife: Sir,I was sleeping, when the murder took place. 4.Cook: I was cooking. 5.Gardener: I was picking vegetables. 6.House-Maid: I went 2 d post office. 7.Children: We went 2 play. 8.Neighbour: We went 2 a marriage. Police arrested d murderer Immediately. Who's It? Reply With Reason, If U r Brilliant.",solve case man found murdered lt decimal gt lt gt afternoon wife called police police questioned everyone wife sir sleeping murder took place cook cooking gardener picking vegetables house maid went post office children went play neighbour went marriage police arrested murderer immediately reply reason u r brilliant
ham,Hi dude hw r u da realy mising u today,hi dude hw r u da realy mising u today
ham,Hey i've booked the 2 lessons on sun liao...,hey booked lessons sun liao
ham,"Fair enough, anything going on?",fair enough anything going
ham,I will once i get home,get home
ham,I think i am disturbing her da,think disturbing da
ham,Just wanted to say holy shit you guys weren't kidding about this bud,wanted say holy shit guys kidding bud
ham,K tell me anything about you.,k tell anything
ham,I tot u outside cos darren say u come shopping. Of course we nice wat. We jus went sim lim look at mp3 player.,tot u outside cos darren say u come shopping course nice wat jus went sim lim look mp player
ham,"Good morning, my boytoy! How's those yummy lips ? Where's my sexy buns now ? What do you do ? Do you think of me ? Do you crave me ? Do you need me ?",good morning boytoy yummy lips sexy buns think crave need
ham,"The LAY MAN! Just to let you know you are missed and thought off. Do have a great day. And if you can send me bimbo and ugo's numbers, ill appreciate. Safe",lay man let know missed thought great day send bimbo ugo numbers ill appreciate safe
ham,Send his number and give reply tomorrow morning for why you said that to him like that ok,send number give reply tomorrow morning said like ok
spam,PRIVATE! Your 2003 Account Statement for 07808247860 shows 800 un-redeemed S. I. M. points. Call 08719899229 Identifier Code: 40411 Expires 06/11/04,private account statement shows un redeemed points call identifier code expires
ham,"[…] anyway, many good evenings to u! s",anyway many good evenings u
ham,Hai dear friends... This is my new &amp; present number..:) By Rajitha Raj (Ranju),hai dear friends new amp present number rajitha raj ranju
ham,Anyway seriously hit me up when you're back because otherwise I have to light up with armand and he always has shit and/or is vomiting,anyway seriously hit back otherwise light armand always shit vomiting
ham,Nice.nice.how is it working?,nice nice working
ham,Huh i cant thk of more oredi how many pages do we have?,huh cant thk oredi many pages
ham,Sorry sent blank msg again. Yup but trying 2 do some serious studying now.,sorry sent blank msg yup trying serious studying
ham,Ok. I asked for money how far,ok asked money far
ham,He didn't see his shadow. We get an early spring yay,see shadow get early spring yay
ham,I think i've fixed it can you send a test message?,think fixed send test message
ham,HELLO U.CALL WEN U FINISH WRK.I FANCY MEETIN UP WIV U ALL TONITE AS I NEED A BREAK FROM DABOOKS. DID 4 HRS LAST NITE+2 TODAY OF WRK!,hello u call wen u finish wrk fancy meetin wiv u tonite need break dabooks hrs last nite today wrk
spam,Someone U know has asked our dating service 2 contact you! Cant Guess who? CALL 09058091854 NOW all will be revealed. PO BOX385 M6 6WU,someone u know asked dating service contact cant guess call revealed po box wu
ham,I love to cuddle! I want to hold you in my strong arms right now...,love cuddle want hold strong arms right
ham,Thank you baby! I cant wait to taste the real thing...,thank baby cant wait taste real thing
ham,"Sir, hope your day is going smoothly. i really hoped i wont have to bother you about this. I have some bills that i can't settle this month. I am out of all extra cash. I know this is a challenging time for you also but i have to let you know.",sir hope day going smoothly really hoped wont bother bills settle month extra cash know challenging time also let know
ham,Umma. Did she say anything,umma say anything
ham,Leave it wif me lar... Ü wan to carry meh so heavy... Is da num 98321561 familiar to ü?,leave wif lar wan carry meh heavy da num familiar
ham,In which place do you want da.,place want da
spam,important information 4 orange user 0789xxxxxxx. today is your lucky day!2find out why log onto http://www.urawinner.com THERE'S A FANTASTIC SURPRISE AWAITING YOU!,important information orange user xxxxxxx today lucky day find log onto fantastic surprise awaiting
ham,Where's my boytoy? I miss you ... What happened?,boytoy miss happened
ham,Wish i were with you now!,wish
ham,Am not interested to do like that.,interested like
ham,Don no da:)whats you plan?,da whats plan
ham,I will cme i want to go to hos 2morow. After that i wil cme. This what i got from her dear what to do. She didnt say any time,cme want go hos morow wil cme got dear didnt say time
spam,You have 1 new voicemail. Please call 08719181513.,new voicemail please call
ham,"Yes, princess. Are you going to make me moan?",yes princess going make moan
ham,"Wishing you and your family Merry ""X"" mas and HAPPY NEW Year in advance..",wishing family merry x mas happy new year advance
ham,Hi darlin im on helens fone im gonna b up the princes 2 nite please come up tb love Kate,hi darlin im helens fone im gon na b princes nite please come tb love kate
ham,"FRAN I DECIDED 2 GO N E WAY IM COMPLETELY BROKE AN KNACKERED I GOT UP BOUT 3 C U 2MRW LOVE JANX P.S THIS IS MY DADS FONE, -NO CREDIT",fran decided go n e way im completely broke knackered got bout c u mrw love janx p dads fone credit
ham,I luv u soo much u dont understand how special u r 2 me ring u 2morrow luv u xxx,luv u soo much u understand special u r ring u morrow luv u xxx
ham,"What's up bruv, hope you had a great break. Do have a rewarding semester.",bruv hope great break rewarding semester
ham,Good Morning plz call me sir,good morning plz call sir
ham,There are many company. Tell me the language.,many company tell language
ham,I thk u dun haf 2 hint in e forum already lor... Cos i told ron n darren is going 2 tell shuhui.,thk u dun haf hint e forum already lor cos told ron n darren going tell shuhui
ham,Infact happy new year. How are you where are you when are we seeing,infact happy new year seeing
ham,Doing my masters. When will you buy a bb cos i have for sale and how's bf,masters buy bb cos sale bf
spam,As a registered optin subscriber ur draw 4 £100 gift voucher will be entered on receipt of a correct ans to 80062 Whats No1 in the BBC charts,registered optin subscriber ur draw gift voucher entered receipt correct ans whats bbc charts
ham,When did i use soc... I use it only at home... Ü dunno how 2 type it in word ar...,use soc use home dunno type word ar
ham,"Aight, call me once you're close",aight call close
ham,"Did you say bold, then torch later. Or one torch and 2bold?",say bold torch later one torch bold
ham,We don call like  &lt;#&gt;  times oh. No give us hypertension oh.,call like lt gt times oh give us hypertension oh
ham,I am not sure about night menu. . . I know only about noon menu,sure night menu know noon menu
ham,Wishing you a wonderful week.,wishing wonderful week
ham,If you hear a loud scream in about &lt;#&gt; minutes its cause my Gyno will be shoving things up me that don't belong :/,hear loud scream lt gt minutes cause gyno shoving things belong
ham,Will you be here for food,food
ham,Hui xin is in da lib.,hui xin da lib
ham,After completed degree. There is no use in joining finance.,completed degree use joining finance
ham,I know! Grumpy old people. My mom was like you better not be lying. Then again I am always the one to play jokes...,know grumpy old people mom like better lying always one play jokes
spam,"You are being contacted by our dating service by someone you know! To find out who it is, call from a land line 09050000878. PoBox45W2TG150P",contacted dating service someone know find call land line pobox w tg p
ham,Hope ur head doesn't hurt 2 much ! Am ploughing my way through a pile of ironing ! Staying in with a chinky tonight come round if you like.,hope ur head hurt much ploughing way pile ironing staying chinky tonight come round like
ham,HEY DAS COOL... IKNOW ALL 2 WELLDA PERIL OF STUDENTFINANCIAL CRISIS!SPK 2 U L8R.,hey das cool iknow wellda peril studentfinancial crisis spk u l r
spam,Ur cash-balance is currently 500 pounds - to maximize ur cash-in now send GO to 86688 only 150p/msg. CC: 08718720201 PO BOX 114/14 TCR/W1,ur cash balance currently pounds maximize ur cash send go p msg cc po box tcr w
ham,Me too! Have a lovely night xxx,lovely night xxx
spam,"Welcome to Select, an O2 service with added benefits. You can now call our specially trained advisors FREE from your mobile by dialling 402.",welcome select service added benefits call specially trained advisors free mobile dialling
ham,Ok thanx... Take care then...,ok thanx take care
ham,Oh that was a forwarded message. I thought you send that to me,oh forwarded message thought send
spam,"Your free ringtone is waiting to be collected. Simply text the password ""MIX"" to 85069 to verify. Get Usher and Britney. FML, PO Box 5249, MK17 92H. 450Ppw 16",free ringtone waiting collected simply text password mix verify get usher britney fml po box mk h ppw
ham,Okey dokey swashbuckling stuff what oh.,okey dokey swashbuckling stuff oh
spam,Todays Voda numbers ending 5226 are selected to receive a ?350 award. If you hava a match please call 08712300220 quoting claim code 1131 standard rates app ,todays voda numbers ending selected receive award hava match please call quoting claim code standard rates app
ham,"no, i *didn't* mean to post it. I wrote it, and like so many other times i've ritten stuff to you, i let it sit there. it WAS what i was feeling at the time. I was angry. Before i left, i hit send, then stop. It wasn't there. I checked on my phone when i got to my car. It wasn't there. You said you didn't sleep, you were bored. So why wouldn't THAT be the time to clean, fold laundry, etc.? At least make the bed?",mean post wrote like many times ritten stuff let sit feeling time angry left hit send stop checked phone got car said sleep bored time clean fold laundry etc least make bed
ham,Are you still getting the goods.,still getting goods
ham,Both :) i shoot big loads so get ready!,shoot big loads get ready
ham,Do u konw waht is rael FRIENDSHIP Im gving yuo an exmpel: Jsut ese tihs msg.. Evrey splleing of tihs msg is wrnog.. Bt sitll yuo can raed it wihtuot ayn mitsake.. GOODNIGHT &amp; HAVE A NICE SLEEP..SWEET DREAMS..,u konw waht rael friendship im gving yuo exmpel jsut ese tihs msg evrey splleing tihs msg wrnog bt sitll yuo raed wihtuot ayn mitsake goodnight amp nice sleep sweet dreams
ham,Ü got wat to buy tell us then ü no need to come in again.,got wat buy tell us need come
spam,"Think ur smart ? Win £200 this week in our weekly quiz, text PLAY to 85222 now!T&Cs WinnersClub PO BOX 84, M26 3UZ. 16+. GBP1.50/week",think ur smart win week weekly quiz text play cs winnersclub po box uz gbp week
ham,Howz pain?hope u r fine..,howz pain hope u r fine
ham,"Dad wanted to talk about the apartment so I got a late start, omw now",dad wanted talk apartment got late start omw
spam,"Urgent -call 09066649731from Landline. Your complimentary 4* Ibiza Holiday or £10,000 cash await collection SAE T&Cs PO BOX 434 SK3 8WP 150ppm 18+",urgent call landline complimentary ibiza holiday cash await collection sae cs po box sk wp ppm
ham,Hey hun-onbus goin 2 meet him. He wants 2go out 4a meal but I donyt feel like it cuz have 2 get last bus home!But hes sweet latelyxxx,hey hun onbus goin meet wants go meal donyt feel like cuz get last bus home hes sweet latelyxxx
ham,Just trying to figure out when I'm suppose to see a couple different people this week. We said we'd get together but I didn't set dates,trying figure suppose see couple different people week said get together set dates
ham,PS U no ur a grown up now right?,ps u ur grown right
ham,Are you the cutest girl in the world or what,cutest girl world
ham,Hi msg me:)i'm in office..,hi msg office
spam,Please call our customer service representative on FREEPHONE 0808 145 4742 between 9am-11pm as you have WON a guaranteed £1000 cash or £5000 prize!,please call customer service representative freephone pm guaranteed cash prize
ham,"I can't speak, bcaz mobile have problem. I can listen you but you cann't listen my voice. So i calls you later.",speak bcaz mobile problem listen cann listen voice calls later
ham,I.ll post her out l8r. In class,post l r class
ham,Sorry da..today i wont come to play..i have driving clas..,sorry da today wont come play driving clas
ham,How come guoyang go n tell her? Then u told her?,come guoyang go n tell u told
ham,Do you like shaking your booty on the dance floor?,like shaking booty dance floor
ham,Oh k k:)but he is not a big hitter.anyway good,oh k k big hitter anyway good
ham,Yes.. now only saw your message..,yes saw message
ham,And several to you sir.,several sir
ham,Life spend with someone for a lifetime may be meaningless but a few moments spent with someone who really love you means more than life itself..,life spend someone lifetime may meaningless moments spent someone really love means life
ham,Its posible dnt live in  &lt;#&gt; century cm frwd n thnk different,posible dnt live lt gt century cm frwd n thnk different
ham,"Its Ur luck to Love someone. Its Ur fortune to Love the one who Loves U. But, its a miracle to Love a person who can't Love anyone except U... Gud nyt...",ur luck love someone ur fortune love one loves u miracle love person love anyone except u gud nyt
ham,Howz pain.it will come down today.do as i said ystrday.ice and medicine.,howz pain come today said ystrday ice medicine
ham,Guai... Ü shd haf seen him when he's naughty... Ü so free today? Can go jogging...,guai shd haf seen naughty free today go jogging
ham,Prakesh is there know.,prakesh know
ham,"When people see my msgs, They think Iam addicted to msging... They are wrong, Bcoz They don\'t know that Iam addicted to my sweet Friends..!! BSLVYL",people see msgs think iam addicted msging wrong bcoz know iam addicted sweet friends bslvyl
ham,U meet other fren dun wan meet me ah... Muz b a guy rite...,u meet fren dun wan meet ah muz b guy rite
ham,But i'm really really broke oh. No amount is too small even  &lt;#&gt; ,really really broke oh amount small even lt gt
spam,"We know someone who you know that fancies you. Call 09058097218 to find out who. POBox 6, LS15HB 150p",know someone know fancies call find pobox ls hb p
ham,Any way where are you and what doing.,way
ham,"Same, I'm at my great aunts anniversary party in tarpon springs",great aunts anniversary party tarpon springs
ham,"We're all getting worried over here, derek and taylor have already assumed the worst",getting worried derek taylor already assumed worst
spam,Free tones Hope you enjoyed your new content. text stop to 61610 to unsubscribe. help:08712400602450p Provided by tones2you.co.uk,free tones hope enjoyed new content text stop unsubscribe help p provided tones co uk
spam,"Congrats 2 mobile 3G Videophones R yours. call 09063458130 now! videochat wid ur mates, play java games, Dload polypH music, noline rentl. bx420. ip4. 5we. 150p",congrats mobile g videophones r call videochat wid ur mates play java games dload polyph music noline rentl bx ip p
ham,"Hi this is yijue, can i meet u at 11 tmr?",hi yijue meet u tmr
ham,No no. I will check all rooms befor activities,check rooms befor activities
ham,I walked an hour 2 c u! doesnt that show I care y wont u believe im serious?,walked hour c u show care wont u believe im serious
ham,Hi its Kate it was lovely to see you tonight and ill phone you tomorrow. I got to sing and a guy gave me his card! xxx,hi kate lovely see tonight ill phone tomorrow got sing guy gave card xxx
ham,No messages on her phone. I'm holding it now,messages phone holding
spam,"SMS. ac sun0819 posts HELLO:""You seem cool, wanted to say hi. HI!!!"" Stop? Send STOP to 62468",sms ac sun posts hello seem cool wanted say hi hi stop send stop
ham,Pls give her the food preferably pap very slowly with loads of sugar. You can take up to an hour to give it. And then some water. Very very slowly.,pls give food preferably pap slowly loads sugar take hour give water slowly
spam,URGENT! We are trying to contact you. Last weekends draw shows that you have won a £900 prize GUARANTEED. Call 09061701939. Claim code S89. Valid 12hrs only,urgent trying contact last weekends draw shows prize guaranteed call claim code valid hrs
spam,Enjoy the jamster videosound gold club with your credits for 2 new videosounds+2 logos+musicnews! get more fun from jamster.co.uk! 16+only Help? call: 09701213186 ,enjoy jamster videosound gold club credits new videosounds logos musicnews get fun jamster co uk help call
ham,I wont do anything de.,wont anything de
spam,Your B4U voucher w/c 27/03 is MARSMS. Log onto www.B4Utele.com for discount credit. To opt out reply stop. Customer care call 08717168528,b u voucher w c marsms log onto discount credit opt reply stop customer care call
ham,"Goodmorning, today i am late for  &lt;DECIMAL&gt; min.",goodmorning today late lt decimal gt min
ham,"Just arrived, see you in a couple days &lt;3",arrived see couple days lt
ham,"Guy, no flash me now. If you go call me, call me. How madam. Take care oh.",guy flash go call call madam take care oh
ham,"Yeah, we can probably swing by once my roommate finishes up with his girl",yeah probably swing roommate finishes girl
ham,So ü pay first lar... Then when is da stock comin...,pay first lar da stock comin
ham,"I jus hope its true that  missin me cos i'm really missin him! You haven't done anything to feel guilty about, yet.",jus hope true missin cos really missin done anything feel guilty yet
ham,"Mmmmm ... I loved waking to your words this morning ! I miss you too, my Love. I hope your day goes well and you are happy. I wait for us to be together again",mmmmm loved waking words morning miss love hope day goes well happy wait us together
ham,"Oh... I was thkin of goin yogasana at 10 den no nd to go at 3 den can rush to parco 4 nb... Okie lor, u call me when ready...",oh thkin goin yogasana den nd go den rush parco nb okie lor u call ready
ham,See? I thought it all through,see thought
ham,Hi here. have birth at on the  to  at 8lb 7oz. Mother and baby doing brilliantly.,hi birth lb oz mother baby brilliantly
ham,"My friend, she's studying at warwick, we've planned to go shopping and to concert tmw, but it may be canceled, havn't seen  for ages, yeah we should get together sometime!",friend studying warwick planned go shopping concert tmw may canceled havn seen ages yeah get together sometime
ham,"Tick, tick, tick .... Where are you ? I could die of loneliness you know ! *pouts* *stomps feet* I need you ...",tick tick tick could die loneliness know pouts stomps feet need
ham,"1) Go to write msg 2) Put on Dictionary mode 3)Cover the screen with hand, 4)Press  &lt;#&gt; . 5)Gently remove Ur hand.. Its interesting..:)",go write msg put dictionary mode cover screen hand press lt gt gently remove ur hand interesting
ham,"Nah it's straight, if you can just bring bud or drinks or something that's actually a little more useful than straight cash",nah straight bring bud drinks something actually little useful straight cash
ham,When ü login dat time... Dad fetching ü home now?,login dat time dad fetching home
ham,it's really getting me down just hanging around.,really getting hanging around
ham,I told that am coming on wednesday.,told coming wednesday
ham,"I can make it up there, squeezed  &lt;#&gt;  bucks out of my dad",make squeezed lt gt bucks dad
ham,Yep. I do like the pink furniture tho.,yep like pink furniture tho
ham,Yes just finished watching days of our lives. I love it.,yes finished watching days lives love
ham,In fact when do you leave? I think addie goes back to school tues or wed,fact leave think addie goes back school tues wed
ham,Are you coming to day for class.,coming day class
ham,No screaming means shouting..,screaming means shouting
ham,Lol you won't feel bad when I use her money to take you out to a steak dinner =D,lol feel bad use money take steak dinner
ham,"Say this slowly.? GOD,I LOVE YOU &amp; I NEED YOU,CLEAN MY HEART WITH YOUR BLOOD.Send this to Ten special people &amp; u c miracle tomorrow, do it,pls,pls do it...",say slowly god love amp need clean heart blood send ten special people amp u c miracle tomorrow pls pls
ham,No need lar i go engin? Cos my sis at arts today...,need lar go engin cos sis arts today
ham,"Friendship is not a game to play, It is not a word to say, It doesn\'t start on March and ends on May, It is tomorrow, yesterday, today and e",friendship game play word say start march ends may tomorrow yesterday today e
ham,Where wuld I be without my baby? The thought alone mite break me and I dont wanna go crazy but everyboy needs his lady xxxxxxxx,wuld without baby thought alone mite break wan na go crazy everyboy needs lady xxxxxxxx
spam,Camera - You are awarded a SiPix Digital Camera! call 09061221066 fromm landline. Delivery within 28 days,camera awarded sipix digital camera call fromm landline delivery within days
ham,I'm in inside office..still filling forms.don know when they leave me.,inside office still filling forms know leave
ham,Sindu got job in birla soft ..,sindu got job birla soft
spam,"SMS SERVICES. for your inclusive text credits, pls goto www.comuk.net login= ***** unsubscribe with STOP. no extra charge. help:08700469649. PO BOX420. IP4 5WE",sms services inclusive text credits pls goto login unsubscribe stop extra charge help po box ip
ham,"Si.como no?!listened2the plaid album-quite gd&the new air1 which is hilarious-also boughtbraindancea comp.ofstuff on aphexs ;abel,u hav2hear it!c u sn xxxx",si como listened plaid album quite gd new air hilarious also bought braindance comp ofstuff aphex abel u hav hear c u sn xxxx
spam,"Loan for any purpose £500 - £75,000. Homeowners + Tenants welcome. Have you been previously refused? We can still help. Call Free 0800 1956669 or text back 'help'",loan purpose homeowners tenants welcome previously refused still help call free text back help
ham,"SYMPTOMS when U are in love: ""1.U like listening songs 2.U get stopped where u see the name of your beloved 3.U won't get angry when your",symptoms u love u like listening songs u get stopped u see name beloved u get angry
ham,"It'll be tough, but I'll do what I have to",tough
ham,U say leh... Of course nothing happen lar. Not say v romantic jus a bit only lor. I thk e nite scenery not so nice leh.,u say leh course nothing happen lar say v romantic jus bit lor thk e nite scenery nice leh
ham,Or maybe my fat fingers just press all these buttons and it doesn't know what to do.,maybe fat fingers press buttons know
ham,Delhi and chennai still silent.,delhi chennai still silent
spam,"URGENT!! Your 4* Costa Del Sol Holiday or £5000 await collection. Call 09050090044 Now toClaim. SAE, TC s, POBox334, Stockport, SK38xh, Cost£1.50/pm, Max10mins",urgent costa del sol holiday await collection call toclaim sae tc pobox stockport sk xh cost pm max mins
ham,I surely dont forgot to come:)i will always be in touch in with you:-),surely dont forgot come always touch
ham,"Its so common hearin How r u? Wat r u doing? How was ur day? So let me ask u something different. Did u smile today? If not, do it now.... Gud evng.",common hearin r u wat r u ur day let ask u something different u smile today gud evng
ham,You also didnt get na hi hi hi hi hi,also didnt get na hi hi hi hi hi
ham,Yeah I can still give you a ride,yeah still give ride
ham,Hello boytoy ! Geeee ... I'm missing you today. I like to send you a tm and remind you I'm thinking of you ... And you are loved ... *loving kiss*,hello boytoy geeee missing today like send tm remind thinking loved loving kiss
spam,Boltblue tones for 150p Reply POLY# or MONO# eg POLY3 1. Cha Cha Slide 2. Yeah 3. Slow Jamz 6. Toxic 8. Come With Me or STOP 4 more tones txt MORE,boltblue tones p reply poly mono eg poly cha cha slide yeah slow jamz toxic come stop tones txt
ham,Ü neva tell me how i noe... I'm not at home in da aft wat... ,neva tell noe home da aft wat
ham,Hey what how about your project. Started aha da.,hey project started aha da
ham,Yup... How ü noe leh...,yup noe leh
ham,Me i'm not workin. Once i get job...,workin get job
ham,I will vote for wherever my heart guides me,vote wherever heart guides
ham,(You didn't hear it from me),hear
ham,Sorry i now then c ur msg... Yar lor so poor thing... But only 4 one night... Tmr u'll have a brand new room 2 sleep in...,sorry c ur msg yar lor poor thing one night tmr u brand new room sleep
ham,Was gr8 to see that message. So when r u leaving? Congrats dear. What school and wat r ur plans.,gr see message r u leaving congrats dear school wat r ur plans
spam,"Shop till u Drop, IS IT YOU, either 10K, 5K, £500 Cash or £100 Travel voucher, Call now, 09064011000. NTT PO Box CR01327BT fixedline Cost 150ppm mobile vary",shop till u drop either k k cash travel voucher call ntt po box cr bt fixedline cost ppm mobile vary
ham,Do you always celebrate NY's with your family ?,always celebrate ny family
ham,I to am looking forward to all the sex cuddling.. Only two more sleeps ,looking forward sex cuddling two sleeps
ham,Are you willing to go for aptitude class.,willing go aptitude class
ham,I'm vivek:)i got call from your number.,vivek got call number
ham,Yes. that will be fine. Love you. Be safe.,yes fine love safe
ham,Lol great now im getting hungry.,lol great im getting hungry
ham,Oh did you charge camera,oh charge camera
ham,*deep sigh* ... I miss you :-( ... I am really surprised you haven't gone to the net cafe yet to get to me ... Don't you miss me?,deep sigh miss really surprised gone net cafe yet get miss
ham,I ask if u meeting da ge tmr nite...,ask u meeting da ge tmr nite
ham,"Neither [in sterm voice] - i'm studying. All fine with me! Not sure the  thing will be resolved, tho. Anyway. Have a fab hols",neither sterm voice studying fine sure thing resolved tho anyway fab hols
ham,"Awesome, I remember the last time we got somebody high for the first time with diesel :V",awesome remember last time got somebody high first time diesel v
ham,Babes I think I got ur brolly I left it in English wil bring it in 2mrw 4 u luv Franxx,babes think got ur brolly left english wil bring mrw u luv franxx
ham,"Well am officially in a philosophical hole, so if u wanna call am at home ready to be saved!",well officially philosophical hole u wan na call home ready saved
ham,Hello- thanx for taking that call. I got a job! Starts on monday!,hello thanx taking call got job starts monday
ham,That means from february to april i'll be getting a place to stay down there so i don't have to hustle back and forth during audition season as i have since my sister moved away from harlem.,means february april getting place stay hustle back forth audition season since sister moved away harlem
ham,I cant pick the phone right now. Pls send a message,cant pick phone right pls send message
ham,Oh you got many responsibilities.,oh got many responsibilities
spam,"Free Msg: get Gnarls Barkleys ""Crazy"" ringtone TOTALLY FREE just reply GO to this message right now!",free msg get gnarls barkleys crazy ringtone totally free reply go message right
ham,"It's wylie, you in tampa or sarasota?",wylie tampa sarasota
ham,I wont touch you with out your permission.,wont touch permission
ham,K... Must book a not huh? so going for yoga basic on sunday?,k must book huh going yoga basic sunday
ham,So how's the weather over there?,weather
ham,"Geeee ... I miss you already, you know ? Your all I can think about. Fuck, I can't wait till next year when we will be together ... *loving kiss*",geeee miss already know think fuck wait till next year together loving kiss
ham,"Oh... Icic... K lor, den meet other day...",oh icic k lor den meet day
ham,I'm gonna say no. Sorry. I would but as normal am starting to panic about time. Sorry again! Are you seeing on Tuesday?,gon na say sorry would normal starting panic time sorry seeing tuesday
ham,I could ask carlos if we could get more if anybody else can chip in,could ask carlos could get anybody else chip
ham,For me the love should start with attraction.i should feel that I need her every time around me.she should be the first thing which comes in my thoughts.I would start the day and end it with her.she should be there every time I dream.love will be then when my every breath has her name.my life should happen around her.my life will be named to her.I would cry for her.will give all my happiness and take all her sorrows.I will be ready to fight with anyone for her.I will be in love when I will be doing the craziest things for her.love will be when I don't have to proove anyone that my girl is the most beautiful lady on the whole planet.I will always be singing praises for her.love will be when I start up making chicken curry and end up makiing sambar.life will be the most beautiful then.will get every morning and thank god for the day because she is with me.I would like to say a lot..will tell later..,love start attraction feel need every time around first thing comes thoughts would start day end every time dream love every breath name life happen around life named would cry give happiness take sorrows ready fight anyone love craziest things love proove anyone girl beautiful lady whole planet always singing praises love start making chicken curry end makiing sambar life beautiful get every morning thank god day would like say lot tell later
ham,"Good afternoon sexy buns! How goes the job search ? I wake and you are my first thought as always, my love. I wish your fine and happy and know I adore you!",good afternoon sexy buns goes job search wake first thought always love wish fine happy know adore
ham,So what do you guys do.,guys
ham,Ok lor thanx... Ü in school?,ok lor thanx school
ham,Yes..he is really great..bhaji told kallis best cricketer after sachin in world:).very tough to get out.,yes really great bhaji told kallis best cricketer sachin world tough get
ham,Yes..he is really great..bhaji told kallis best cricketer after sachin in world:).very tough to get out.,yes really great bhaji told kallis best cricketer sachin world tough get
ham,You still at grand prix?,still grand prix
spam,We have new local dates in your area - Lots of new people registered in YOUR AREA. Reply DATE to start now! 18 only www.flirtparty.us REPLYS150,new local dates area lots new people registered area reply date start replys
ham,"Somewhr someone is surely made 4 u. And God has decided a perfect time to make u meet dat person. . . . till den, . . . . . Enjoy ur crushes..!!!;-)",somewhr someone surely made u god decided perfect time make u meet dat person till den enjoy ur crushes
ham,If you have belive me. Come to my home.,belive come home
ham,thanks for the temales it was wonderful. Thank. Have a great week.,thanks temales wonderful thank great week
ham,"It doesnt make sense to take it there unless its free. If you need to know more, wikipedia.com",doesnt make sense take unless free need know wikipedia com
ham,R u saying i should re order the slippers cos i had to pay for returning it.,r u saying order slippers cos pay returning
ham,I was wondering if it would be okay for you to call uncle john and let him know that things are not the same in nigeria as they r here. That  &lt;#&gt;  dollars is 2years sent and that you know its a strain but i plan to pay back every dime he gives. Every dime so for me to expect anything from you is not practical. Something like that.,wondering would okay call uncle john let know things nigeria r lt gt dollars years sent know strain plan pay back every dime gives every dime expect anything practical something like
ham,Anytime...,anytime
ham,I'm freezing and craving ice. Fml,freezing craving ice fml
ham,Up to ü... Ü wan come then come lor... But i din c any stripes skirt...,wan come come lor din c stripes skirt
ham,HI DARLIN IVE JUST GOT BACK AND I HAD A REALLY NICE NIGHT AND THANKS SO MUCH FOR THE LIFT SEE U TOMORROW XXX,hi darlin ive got back really nice night thanks much lift see u tomorrow xxx
spam,"YOU VE WON! Your 4* Costa Del Sol Holiday or £5000 await collection. Call 09050090044 Now toClaim. SAE, TC s, POBox334, Stockport, SK38xh, Cost£1.50/pm, Max10mins",costa del sol holiday await collection call toclaim sae tc pobox stockport sk xh cost pm max mins
ham,Tomarrow final hearing on my laptop case so i cant.,tomarrow final hearing laptop case cant
ham,That's significant but dont worry.,significant dont worry
spam,You will recieve your tone within the next 24hrs. For Terms and conditions please see Channel U Teletext Pg 750,recieve tone within next hrs terms conditions please see channel u teletext pg
ham,Dunno y u ask me.,dunno u ask
ham,Do u knw dis no. &lt;#&gt; ?,u knw dis lt gt
ham,How to Make a girl Happy? It's not at all difficult to make girls happy. U only need to be... 1. A friend 2. Companion 3. Lover 4. Chef . . .  &lt;#&gt; . Good listener  &lt;#&gt; . Organizer  &lt;#&gt; . Good boyfriend  &lt;#&gt; . Very clean  &lt;#&gt; . Sympathetic  &lt;#&gt; . Athletic  &lt;#&gt; . Warm . . .  &lt;#&gt; . Courageous  &lt;#&gt; . Determined  &lt;#&gt; . True  &lt;#&gt; . Dependable  &lt;#&gt; . Intelligent . . .  &lt;#&gt; . Psychologist  &lt;#&gt; . Pest exterminator  &lt;#&gt; . Psychiatrist  &lt;#&gt; . Healer . .  &lt;#&gt; . Stylist  &lt;#&gt; . Driver . . Aaniye pudunga venaam..,make girl happy difficult make girls happy u need friend companion lover chef lt gt good listener lt gt organizer lt gt good boyfriend lt gt clean lt gt sympathetic lt gt athletic lt gt warm lt gt courageous lt gt determined lt gt true lt gt dependable lt gt intelligent lt gt psychologist lt gt pest exterminator lt gt psychiatrist lt gt healer lt gt stylist lt gt driver aaniye pudunga venaam
ham,You're gonna have to be way more specific than that,gon na way specific
ham,The battery is for mr adewale my uncle. Aka Egbon,battery mr adewale uncle aka egbon
ham,What you need. You have a person to give na.,need person give na
ham,Nooooooo I'm gonna be bored to death all day. Cable and internet outage.,nooooooo gon na bored death day cable internet outage
ham,I cant pick the phone right now. Pls send a message,cant pick phone right pls send message
ham,So lets make it saturday or monday as per convenience.,lets make saturday monday per convenience
spam,"Shop till u Drop, IS IT YOU, either 10K, 5K, £500 Cash or £100 Travel voucher, Call now, 09064011000. NTT PO Box CR01327BT fixedline Cost 150ppm mobile vary",shop till u drop either k k cash travel voucher call ntt po box cr bt fixedline cost ppm mobile vary
ham,* Will have two more cartons off u and is very pleased with shelves,two cartons u pleased shelves
ham,Also remember the beads don't come off. Ever.,also remember beads come ever
ham,May i call You later Pls,may call later pls
ham,I can make lasagna for you... vodka...,make lasagna vodka
ham,"It‘s reassuring, in this crazy world.",reassuring crazy world
ham,No da if you run that it activate the full version da.,da run activate full version da
ham,Sorry da thangam.it's my mistake.,sorry da thangam mistake
ham,Hey you can pay. With salary de. Only  &lt;#&gt; .,hey pay salary de lt gt
spam,Get a FREE mobile video player FREE movie. To collect text GO to 89105. Its free! Extra films can be ordered t's and c's apply. 18 yrs only,get free mobile video player free movie collect text go free extra films ordered c apply yrs
ham,"Sounds gd... Haha... Can... Wah, u yan jiu so fast liao...",sounds gd haha wah u yan jiu fast liao
ham,Lol! Nah wasn't too bad thanks. Its good to b home but its been quite a reality check. Hows ur day been? Did u do anything with website?,lol nah bad thanks good b home quite reality check hows ur day u anything website
ham,Fuck babe ... What happened to you ? How come you never came back?,fuck babe happened come never came back
spam,GSOH? Good with SPAM the ladies?U could b a male gigolo? 2 join the uk's fastest growing mens club reply ONCALL. mjzgroup. 08714342399.2stop reply STOP. msg@£1.50rcvd,gsoh good spam ladies u could b male gigolo join uk fastest growing mens club reply oncall mjzgroup stop reply stop
ham,Cos i want it to be your thing,cos want thing
ham,U can call now...,u call
ham,Lol I know! They're so dramatic. Schools already closed for tomorrow. Apparently we can't drive in the inch of snow were supposed to get.,lol know dramatic schools already closed tomorrow apparently drive inch snow supposed get
ham,Gain the rights of a wife.dont demand it.i am trying as husband too.Lets see,gain rights wife dont demand trying husband lets see
ham,Ok. No wahala. Just remember that a friend in need ...,ok wahala remember friend need
ham,Okay same with me. Well thanks for the clarification,okay well thanks clarification
ham,Thanks for understanding. I've been trying to tell sura that.,thanks understanding trying tell sura
spam,3. You have received your mobile content. Enjoy,received mobile content enjoy
ham,Yeah. I got a list with only u and Joanna if I'm feeling really anti social,yeah got list u joanna feeling really anti social
ham,K.k:)i'm going to tirunelvali this week to see my uncle ..i already spend the amount by taking dress .so only i want money.i will give it on feb 1,k k going tirunelvali week see uncle already spend amount taking dress want money give feb
ham,Or ill be a little closer like at the bus stop on the same street,ill little closer like bus stop street
ham,"The world is running and i am still.maybe all are feeling the same,so be it.or i have to admit,i am mad.then where is the correction?or let me call this is life.and keep running with the world,may be u r also running.lets run.",world running still maybe feeling admit mad correction let call life keep running world may u r also running lets run
ham,Doing project w frens lor. ,project w frens lor
ham,"That‘s the thing with apes, u can fight to the death to keep something, but the minute they have it when u let go, thats it!",thing apes u fight death keep something minute u let go thats
ham,But we havent got da topic yet rite?,havent got da topic yet rite
ham,Nice line said by a broken heart- Plz don't cum 1 more times infront of me... Other wise once again I ll trust U... Good 9t:),nice line said broken heart plz cum times infront wise trust u good
ham,Good morning princess! Happy New Year!,good morning princess happy new year
ham,"not that I know of, most people up here are still out of town",know people still town
ham,"Yup, no need. I'll jus wait 4 e rain 2 stop.",yup need jus wait e rain stop
spam,Your 2004 account for 07XXXXXXXXX shows 786 unredeemed points. To claim call 08719181259 Identifier code: XXXXX Expires 26.03.05,account xxxxxxxxx shows unredeemed points claim call identifier code xxxxx expires
ham,"Wen ur lovable bcums angry wid u, dnt take it seriously.. Coz being angry is d most childish n true way of showing deep affection, care n luv!.. kettoda manda... Have nice day da.",wen ur lovable bcums angry wid u dnt take seriously coz angry childish n true way showing deep affection care n luv kettoda manda nice day da
spam,RGENT! This is the 2nd attempt to contact U!U have WON £1250 CALL 09071512433 b4 050703 T&CsBCM4235WC1N3XX. callcost 150ppm mobilesvary. max£7. 50,rgent nd attempt contact u u call b csbcm wc n xx callcost ppm mobilesvary max
ham,K ill drink.pa then what doing. I need srs model pls send it to my mail id pa.,k ill drink pa need srs model pls send mail id pa
ham,Really good:)dhanush rocks once again:),really good dhanush rocks
ham,Good Morning my Dear........... Have a great &amp; successful day.,good morning dear great amp successful day
ham,"LOL .. *grins* .. I'm not babe, but thanks for thinking of me!",lol grins babe thanks thinking
spam,"You are guaranteed the latest Nokia Phone, a 40GB iPod MP3 player or a £500 prize! Txt word: COLLECT to No: 83355! IBHltd LdnW15H 150p/Mtmsgrcvd18+",guaranteed latest nokia phone gb ipod mp player prize txt word collect ibhltd ldnw h p mtmsgrcvd
ham,"By the way, make sure u get train to worc foregate street not shrub hill. Have fun night x",way make sure u get train worc foregate street shrub hill fun night x
ham,"They said if its gonna snow, it will start around 8 or 9 pm tonite! They are predicting an inch of accumulation.",said gon na snow start around pm tonite predicting inch accumulation
ham,I dont have any of your file in my bag..i was in work when you called me.i 'll tell you if i find anything in my room.,dont file bag work called tell find anything room
spam,What do U want for Xmas? How about 100 free text messages & a new video phone with half price line rental? Call free now on 0800 0721072 to find out more!,u want xmas free text messages new video phone half price line rental call free find
ham,R u over scratching it?,r u scratching
ham,Oops i thk i dun haf enuff... I go check then tell ü..,oops thk dun haf enuff go check tell
ham,Jay is snickering and tells me that x is totally fucking up the chords as we speak,jay snickering tells x totally fucking chords speak
ham,It didnt work again oh. Ok goodnight then. I.ll fix and have it ready by the time you wake up. You are very dearly missed have a good night sleep.,didnt work oh ok goodnight fix ready time wake dearly missed good night sleep
ham,"A famous quote : when you develop the ability to listen to 'anything' unconditionally without losing your temper or self confidence, it means you are ......... 'MARRIED'",famous quote develop ability listen anything unconditionally without losing temper self confidence means married
ham,Didn't you get hep b immunisation in nigeria.,get hep b immunisation nigeria
ham,"Not sure yet, still trying to get a hold of him",sure yet still trying get hold
ham,"Call me when you/carlos is/are here, my phone's vibrate is acting up and I might not hear texts",call carlos phone vibrate acting might hear texts
ham,I calls you later. Afternoon onwords mtnl service get problem in south mumbai. I can hear you but you cann't listen me.,calls later afternoon onwords mtnl service get problem south mumbai hear cann listen
ham,"Awesome, be there in a minute",awesome minute
ham,"Watching cartoon, listening music &amp; at eve had to go temple &amp; church.. What about u?",watching cartoon listening music amp eve go temple amp church u
spam,"Someone has contacted our dating service and entered your phone becausethey fancy you! To find out who it is call from a landline 09058098002. PoBox1, W14RG 150p",someone contacted dating service entered phone becausethey fancy find call landline pobox w rg p
ham,I didnt get anything da,didnt get anything da
ham,Only saturday and sunday holiday so its very difficult:),saturday sunday holiday difficult
ham,"Haha awesome, I've been to 4u a couple times. Who all's coming?",haha awesome u couple times coming
ham,"Lol, oh you got a friend for the dog ?",lol oh got friend dog
ham,I'm coming back on Thursday. Yay. Is it gonna be ok to get the money. Cheers. Oh yeah and how are you. Everything alright. Hows school. Or do you call it work now,coming back thursday yay gon na ok get money cheers oh yeah everything alright hows school call work
ham,cud u tell ppl im gona b a bit l8 cos 2 buses hav gon past cos they were full & im still waitin 4 1. Pete x,cud u tell ppl im gona b bit l cos buses hav gon past cos full im still waitin pete x
spam,Customer service annoncement. You have a New Years delivery waiting for you. Please call 07046744435 now to arrange delivery,customer service annoncement new years delivery waiting please call arrange delivery
ham,Just got up. have to be out of the room very soon. …. i hadn't put the clocks back til at 8 i shouted at everyone to get up and then realised it was 7. wahay. another hour in bed.,got room soon put clocks back til shouted everyone get realised wahay another hour bed
ham,"If we hit it off, you can move in with me :)",hit move
ham,She doesnt need any test.,doesnt need test
ham,Do you like Italian food?,like italian food
ham,Jokin only lar... :-) depends on which phone my father can get lor...,jokin lar depends phone father get lor
ham,Our Prashanthettan's mother passed away last night. pray for her and family.,prashanthettan mother passed away last night pray family
ham,Still i have not checked it da. . .,still checked da
ham,Tmrw. Im finishing 9 doors,tmrw im finishing doors
ham,have * good weekend.,good weekend
ham,"Haha yeah, 2 oz is kind of a shitload",haha yeah oz kind shitload
ham,Your pussy is perfect!,pussy perfect
ham,Reverse is cheating. That is not mathematics.,reverse cheating mathematics
ham,Nope thats fine. I might have a nap tho! ,nope thats fine might nap tho
ham,Me n him so funny...,n funny
spam,Had your mobile 11 months or more? U R entitled to Update to the latest colour mobiles with camera for Free! Call The Mobile Update Co FREE on 08002986030,mobile months u r entitled update latest colour mobiles camera free call mobile update co free
spam,Free Msg: Ringtone!From: http://tms. widelive.com/index. wml?id=1b6a5ecef91ff9*37819&first=true18:0430-JUL-05,free msg ringtone widelive com index wml id b ecef ff first true jul
ham,Is there coming friday is leave for pongal?do you get any news from your work place.,coming friday leave pongal get news work place
ham,"Painful words- ""I thought being Happy was the most toughest thing on Earth... But, the toughest is acting Happy with all unspoken pain inside..""",painful words thought happy toughest thing earth toughest acting happy unspoken pain inside
ham,Dont let studying stress you out. L8r.,dont let studying stress l r
ham,I taught that Ranjith sir called me. So only i sms like that. Becaus hes verifying about project. Prabu told today so only pa dont mistake me..,taught ranjith sir called sms like becaus hes verifying project prabu told today pa dont mistake
ham,"Hey sweet, I was wondering when you had a moment if you might come to me ? I want to send a file to someone but it won't go over yahoo for them because their connection sucks, remember when you set up that page for me to go to and download the format disc ? Could you tell me how to do that ? Or do you know some other way to download big files ? Because they can download stuff directly from the internet. Any help would be great, my prey ... *teasing kiss*",hey sweet wondering moment might come want send file someone go yahoo connection sucks remember set page go download format disc could tell know way download big files download stuff directly internet help would great prey teasing kiss
ham,Yeah my usual guy's out of town but there're definitely people around I know,yeah usual guy town definitely people around know
spam,Someonone you know is trying to contact you via our dating service! To find out who it could be call from your mobile or landline 09064015307 BOX334SK38ch ,someonone know trying contact via dating service find could call mobile landline box sk ch
ham,Missed your call cause I was yelling at scrappy. Miss u. Can't wait for u to come home. I'm so lonely today.,missed call cause yelling scrappy miss u wait u come home lonely today
spam,How about getting in touch with folks waiting for company? Just txt back your NAME and AGE to opt in! Enjoy the community (150p/SMS),getting touch folks waiting company txt back name age opt enjoy community p sms
ham,I can take you at like noon,take like noon
ham,"sorry brah, just finished the last of my exams, what up",sorry brah finished last exams
ham,Watch lor. I saw a few swatch one i thk quite ok. Ard 116 but i need 2nd opinion leh...,watch lor saw swatch one thk quite ok ard need nd opinion leh
ham,As per your request 'Maangalyam (Alaipayuthe)' has been set as your callertune for all Callers. Press *9 to copy your friends Callertune,per request maangalyam alaipayuthe set callertune callers press copy friends callertune
ham,U coming back 4 dinner rite? Dad ask me so i re confirm wif u...,u coming back dinner rite dad ask confirm wif u
spam,You will be receiving this week's Triple Echo ringtone shortly. Enjoy it!,receiving week triple echo ringtone shortly enjoy
ham,No. Did you multimedia message them or e-mail?,multimedia message e mail
ham,"K I'm ready,  &lt;#&gt; ?",k ready lt gt
ham,Carlos says we can pick up from him later so yeah we're set,carlos says pick later yeah set
ham,In the end she might still vomit but its okay. Not everything will come out.,end might still vomit okay everything come
ham,Got it. Seventeen pounds for seven hundred ml – hope ok.,got seventeen pounds seven hundred ml hope ok
ham,Yunny i'm walking in citylink now ü faster come down... Me very hungry...,yunny walking citylink faster come hungry
spam,Send a logo 2 ur lover - 2 names joined by a heart. Txt LOVE NAME1 NAME2 MOBNO eg LOVE ADAM EVE 07123456789 to 87077 Yahoo! POBox36504W45WQ TxtNO 4 no ads 150p.,send logo ur lover names joined heart txt love name name mobno eg love adam eve yahoo pobox w wq txtno ads p
ham,Do you hide anythiing or keeping distance from me,hide anythiing keeping distance
ham,Auntie huai juan never pick up her phone,auntie huai juan never pick phone
spam,todays vodafone numbers ending with 0089(my last four digits) are selected to received a £350 award. If your number matches please call 09063442151 to claim your £350 award,todays vodafone numbers ending last four digits selected received award number matches please call claim award
ham,I said its okay. Sorry,said okay sorry
ham,See the forwarding message for proof,see forwarding message proof
ham,I was slept that time.you there?,slept time
ham,Also remember to get dobby's bowl from your car,also remember get dobby bowl car
spam,You have WON a guaranteed £1000 cash or a £2000 prize.To claim yr prize call our customer service representative on,guaranteed cash prize claim yr prize call customer service representative
ham,"Dude u knw also telugu..thts gud..k, gud nyt..",dude u knw also telugu thts gud k gud nyt
ham,"Happy or sad , one thing about past is- ""Its no more"" GOOD MORNING :-):-).",happy sad one thing past good morning
spam,"Dear Voucher Holder, To claim this weeks offer, at you PC please go to http://www.e-tlp.co.uk/expressoffer Ts&Cs apply. To stop texts, txt STOP to 80062",dear voucher holder claim weeks offer pc please go ts cs apply stop texts txt stop
ham,So are you guys asking that i get that slippers again or its gone with last year,guys asking get slippers gone last year
ham,Hows that watch resizing,hows watch resizing
ham,Idk. I'm sitting here in a stop and shop parking lot right now bawling my eyes out because i feel like i'm a failure in everything. Nobody wants me and now i feel like i'm failing you.,idk sitting stop shop parking lot right bawling eyes feel like failure everything nobody wants feel like failing
ham,"Carlos took a while (again), we leave in a minute",carlos took leave minute
ham,"And that's fine, I got enough bud to last most of the night at least",fine got enough bud last night least
ham,I'm okay. Chasing the dream. What's good. What are you doing next.,okay chasing dream good next
ham,"Tonight? Yeah, I'd be down for that",tonight yeah
ham,"Alright if you're sure, let me know when you're leaving",alright sure let know leaving
ham,I bought the test yesterday. Its something that lets you know the exact day u ovulate.when will get 2u in about 2 to 3wks. But pls pls dont fret. I know u r worried. Pls relax. Also is there anything in ur past history u need to tell me?,bought test yesterday something lets know exact day u ovulate get u wks pls pls dont fret know u r worried pls relax also anything ur past history u need tell
ham,Already one guy loving you:-.,already one guy loving
ham,Oh shut it. Omg yesterday I had a dream that I had 2 kids both boys. I was so pissed. Not only about the kids but them being boys. I even told mark in my dream that he was changing diapers cause I'm not getting owed in the face.,oh shut omg yesterday dream kids boys pissed kids boys even told mark dream changing diapers cause getting owed face
ham,"I wonder how you got online, my love ? Had you gone to the net cafe ? Did you get your phone recharged ? Were you on a friends net ? I think of you, boytoy",wonder got online love gone net cafe get phone recharged friends net think boytoy
ham,"Haha, my friend tyler literally just asked if you could get him a dubsack",haha friend tyler literally asked could get dubsack
ham,No I'm in the same boat. Still here at my moms. Check me out on yo. I'm half naked.,boat still moms check yo half naked
ham,"Hurry up, I've been weed-deficient for like three days",hurry weed deficient like three days
ham,"that would be good … I'll phone you tomo lunchtime, shall I, to organise something?",would good phone tomo lunchtime shall organise something
ham,K.:)you are the only girl waiting in reception ah?,k girl waiting reception ah
ham,Then ü wait 4 me at bus stop aft ur lect lar. If i dun c ü then i go get my car then come back n pick ü.,wait bus stop aft ur lect lar dun c go get car come back n pick
ham,I am not having her number sir,number sir
spam,"Update_Now - Xmas Offer! Latest Motorola, SonyEricsson & Nokia & FREE Bluetooth! Double Mins & 1000 Txt on Orange. Call MobileUpd8 on 08000839402 or call2optout/F4Q=",update xmas offer latest motorola sonyericsson nokia free bluetooth double mins txt orange call mobileupd call optout f q
ham,So wat's da decision?,wat da decision
ham,Or I guess  &lt;#&gt;  min,guess lt gt min
ham,Wat r u doing now?,wat r u
ham,hows my favourite person today? r u workin hard? couldn't sleep again last nite nearly rang u at 4.30,hows favourite person today r u workin hard sleep last nite nearly rang u
ham,No..jst change tat only..,jst change tat
ham,Ok no prob,ok prob
ham,Hope this text meets you smiling. If not then let this text give you a reason to smile. Have a beautiful day.,hope text meets smiling let text give reason smile beautiful day
ham,Meeting u is my work. . . Tel me when shall i do my work tomorrow,meeting u work tel shall work tomorrow
ham,"Dont give a monkeys wot they think and i certainly don't mind. Any friend of mine&all that! Just don't sleep wiv , that wud be annoyin!",dont give monkeys wot think certainly mind friend mine sleep wiv wud annoyin
spam,"You are being contacted by our dating service by someone you know! To find out who it is, call from a land line 09050000928. PoBox45W2TG150P",contacted dating service someone know find call land line pobox w tg p
ham,Yo im right by yo work,yo im right yo work
ham,Just got outta class gonna go gym.,got outta class gon na go gym
ham,"Haha I heard that, text me when you're around",haha heard text around
spam,"Congratulations! Thanks to a good friend U have WON the £2,000 Xmas prize. 2 claim is easy, just call 08718726978 NOW! Only 10p per minute. BT-national-rate",congratulations thanks good friend u xmas prize claim easy call p per minute bt national rate
ham,Huh? 6 also cannot? Then only how many mistakes?,huh also many mistakes
ham,How do you guys go to see movies on your side.,guys go see movies side
ham,Did u got that persons story,u got persons story
ham,"No i'm not. I can't give you everything you want and need. You actually could do better for yourself on yor own--you've got more money than i do. I can't get work, i can't get a man, i can't pay the rent, i can't even fill my fucking gas tank. yes, i'm stressed and depressed. I didn't even call home for thanksgiving cuz i'll have to tell them i,m up to nothing.",give everything want need actually could better yor got money get work get man pay rent even fill fucking gas tank yes stressed depressed even call home thanksgiving cuz tell nothing
ham,Getting tickets 4 walsall tue 6 th march. My mate is getting me them on sat. ill pay my treat. Want 2 go. Txt bak .Terry,getting tickets walsall tue th march mate getting sat ill pay treat want go txt bak terry
ham,am up to my eyes in philosophy,eyes philosophy
ham,Hi. Hope you had a good day. Have a better night.,hi hope good day better night
ham,Im good! I have been thinking about you...,im good thinking
ham,"We know TAJ MAHAL as symbol of love. But the other lesser known facts 1. Mumtaz was Shahjahan's 4th wife, out of his 7 wifes. 2. Shahjahan killed Mumtaz's husband to marry her. 3. Mumtaz died in her  &lt;#&gt; th delivery. 4. He then married Mumtaz's sister. Question arises where the Hell is the LOVE?:-| -The Great Hari-",know taj mahal symbol love lesser known facts mumtaz shahjahan th wife wifes shahjahan killed mumtaz husband marry mumtaz died lt gt th delivery married mumtaz sister question arises hell love great hari
ham,I'm in town now so i'll jus take mrt down later.,town jus take mrt later
ham,Should i buy him a blackberry bold 2 or torch. Should i buy him new or used. Let me know. Plus are you saying i should buy the  &lt;#&gt; g wifi ipad. And what are you saying about the about the  &lt;#&gt; g?,buy blackberry bold torch buy new used let know plus saying buy lt gt g wifi ipad saying lt gt g
ham,"K I'm leaving soon, be there a little after 9",k leaving soon little
ham,hi my darlin im on my way to London and we have just been smashed into by another driver! and have a big dent! im really missing u what have u been up to? xxx,hi darlin im way london smashed another driver big dent im really missing u u xxx
ham,"Alright, see you in a bit",alright see bit
spam,You won't believe it but it's true. It's Incredible Txts! Reply G now to learn truly amazing things that will blow your mind. From O2FWD only 18p/txt,believe true incredible txts reply g learn truly amazing things blow mind fwd p txt
ham,At what time are you coming.,time coming
ham,S:)no competition for him.,competition
ham,happened here while you were adventuring,happened adventuring
ham,"The world suffers a lot... Not because of the violence of bad people. But because of the silence of good people!, Gud night....",world suffers lot violence bad people silence good people gud night
ham,Pls send me your address sir.,pls send address sir
spam,Your credits have been topped up for http://www.bubbletext.com Your renewal Pin is tgxxrz,credits topped renewal pin tgxxrz
ham,Thanks for ve lovely wisheds. You rock,thanks lovely wisheds rock
spam,GENT! We are trying to contact you. Last weekends draw shows that you won a £1000 prize GUARANTEED. Call 09064012160. Claim Code K52. Valid 12hrs only. 150ppm ,gent trying contact last weekends draw shows prize guaranteed call claim code k valid hrs ppm
spam,Sunshine Quiz Wkly Q! Win a top Sony DVD player if u know which country Liverpool played in mid week? Txt ansr to 82277. £1.50 SP:Tyrone,sunshine quiz wkly q win top sony dvd player u know country liverpool played mid week txt ansr sp tyrone
spam,Join the UK's horniest Dogging service and u can have sex 2nite!. Just sign up and follow the instructions. Txt ENTRY to 69888 now! Nyt.EC2A.3LP.msg@150p,join uk horniest dogging service u sex nite sign follow instructions txt entry
ham,Its like that hotel dusk game i think. You solve puzzles in a area thing,like hotel dusk game think solve puzzles area thing
ham,Dont know you bring some food,dont know bring food
ham,Wat happened to the cruise thing,wat happened cruise thing
ham,"Did he say how fantastic I am by any chance, or anything need a bigger life lift as losing the will 2 live, do you think I would be the first person 2 die from N V Q? ",say fantastic chance anything need bigger life lift losing live think would first person die n v q
ham,Yo do you know anyone  &lt;#&gt;  or otherwise able to buy liquor? Our guy flaked and right now if we don't get a hold of somebody its just 4 loko all night,yo know anyone lt gt otherwise able buy liquor guy flaked right get hold somebody loko night
ham,Yesterday its with me only . Now am going home.,yesterday going home
ham,You know there is. I shall speak to you in  &lt;#&gt;  minutes then,know shall speak lt gt minutes
ham,No. But we'll do medical missions to nigeria,medical missions nigeria
spam,Ur TONEXS subscription has been renewed and you have been charged £4.50. You can choose 10 more polys this month. www.clubzed.co.uk *BILLING MSG*,ur tonexs subscription renewed charged choose polys month billing msg
spam,"Had your contract mobile 11 Mnths? Latest Motorola, Nokia etc. all FREE! Double Mins & Text on Orange tariffs. TEXT YES for callback, no to remove from records",contract mobile mnths latest motorola nokia etc free double mins text orange tariffs text yes callback remove records
ham,We live in the next  &lt;#&gt; mins,live next lt gt mins
ham,I'm home.,home
ham,If you're thinking of lifting me one then no.,thinking lifting one
ham,I'm going 2 orchard now laready me reaching soon. U reaching?,going orchard laready reaching soon u reaching
ham,Hey. You got any mail?,hey got mail
spam,"Congrats! 1 year special cinema pass for 2 is yours. call 09061209465 now! C Suprman V, Matrix3, StarWars3, etc all 4 FREE! bx420-ip4-5we. 150pm. Dont miss out! ",congrats year special cinema pass call c suprman v matrix starwars etc free bx ip pm dont miss
spam,This message is free. Welcome to the new & improved Sex & Dogging club! To unsubscribe from this service reply STOP. msgs@150p 18 only,message free welcome new improved sex dogging club unsubscribe service reply stop
ham,Yo guess what I just dropped,yo guess dropped
ham,"I hope your alright babe? I worry that you might have felt a bit desparate when you learned the job was a fake ? I am here waiting when you come back, my love",hope alright babe worry might felt bit desparate learned job fake waiting come back love
ham,Where is that one day training:-),one day training
ham,"Hmmm... Guess we can go 4 kb n power yoga... Haha, dunno we can tahan power yoga anot... Thk got lo oso, forgot liao...",hmmm guess go kb n power yoga haha dunno tahan power yoga anot thk got lo oso forgot liao
ham,Kay... Since we are out already ,kay since already
ham,I'm also came to room.,also came room
ham,Ok lor...,ok lor
ham,My house here e sky quite dark liao... If raining then got excuse not 2 run already rite... Hee...,house e sky quite dark liao raining got excuse run already rite hee
ham,But really quite funny lor wat... Then u shd haf run shorter distance wat...,really quite funny lor wat u shd haf run shorter distance wat
ham,Gr8. So how do you handle the victoria island traffic. Plus when's the album due,gr handle victoria island traffic plus album due
spam,Ur cash-balance is currently 500 pounds - to maximize ur cash-in now send COLLECT to 83600 only 150p/msg. CC: 08718720201 PO BOX 114/14 TCR/W1,ur cash balance currently pounds maximize ur cash send collect p msg cc po box tcr w
ham,"No, I decided that only people who care about stuff vote and caring about stuff is for losers",decided people care stuff vote caring stuff losers
ham,"Sorry, I'll call later",sorry call later
ham,Have you had a good day? Mine was really busy are you up to much tomorrow night?,good day mine really busy much tomorrow night
ham,I cant wait for cornwall. Hope tonight isnt too bad as well but its rock night shite. Anyway im going for a kip now have a good night. Speak to you soon.,wait cornwall hope tonight bad well rock night shite anyway going kip good night speak soon
ham,Don't look back at the building because you have no coat and i don't want you to get more sick. Just hurry home and wear a coat to the gym!!!,look back building coat want get sick hurry home wear coat gym
ham,Dunno lei ü all decide lor. How abt leona? Oops i tot ben is going n i msg him.,dunno lei decide lor abt leona oops tot ben going n msg
ham,You didn't have to tell me that...now i'm thinking. Plus he's going to stop all your runs,tell thinking plus going stop runs
ham,Whens your radio show?,whens radio show
ham,"Easy mate, * guess the quick drink was bit ambitious.",easy mate guess quick drink bit ambitious
ham,Hi ....My engagement has been fixd on  &lt;#&gt; th of next month. I know its really shocking bt....hmm njan vilikkam....t ws al of a sudn;-(.,hi engagement fixd lt gt th next month know really shocking bt hmm njan vilikkam ws al sudn
ham,"Haha, my legs and neck are killing me and my amigos are hoping to end the night with a burn, think I could swing by in like an hour?",haha legs neck killing amigos hoping end night burn think could swing like hour
ham,K.k:)advance happy pongal.,k k advance happy pongal
ham,"Set a place for me in your heart and not in your mind, as the mind easily forgets but the heart will always remember. Wish you Happy Valentines Day!",set place heart mind mind easily forgets heart always remember wish happy valentines day
ham,Oh great. I.ll disturb him more so that we can talk.,oh great disturb talk
spam,74355 XMAS iscoming & ur awarded either £500 CD gift vouchers & free entry 2 r £100 weekly draw txt MUSIC to 87066 TnC,xmas iscoming ur awarded either cd gift vouchers free entry r weekly draw txt music tnc
ham,Dunno dat's wat he told me. Ok lor...,dunno dat wat told ok lor
ham,We got a divorce. Lol. She.s here,got divorce lol
ham,Hey mr  and I are going to the sea view and having a couple of gays I mean games! Give me a bell when ya finish ,hey mr going sea view couple gays mean games give bell ya finish
ham,Yun ah.now ü wkg where?btw if ü go nus sc. Ü wana specialise in wad?,yun ah wkg btw go nus sc wana specialise wad
ham,"Hmm well, night night ",hmm well night night
spam,Hi its LUCY Hubby at meetins all day Fri & I will B alone at hotel U fancy cumin over? Pls leave msg 2day 09099726395 Lucy x Calls£1/minMobsmoreLKPOBOX177HP51FL,hi lucy hubby meetins day fri b alone hotel u fancy cumin pls leave msg day lucy x calls minmobsmorelkpobox hp fl
ham,Sounds like there could be a lot of time spent in that chastity device boy ... *grins* ... Or take your beatings like a good dog. Going to lounge in a nice long bath now ?,sounds like could lot time spent chastity device boy grins take beatings like good dog going lounge nice long bath
ham,Dunno da next show aft 6 is 850. Toa payoh got 650.,dunno da next show aft toa payoh got
ham,When are you guys leaving?,guys leaving
ham,Then cant get da laptop? My matric card wif ü lei... ,cant get da laptop matric card wif lei
ham,Oi. Ami parchi na re. Kicchu kaaj korte iccha korche na. Phone ta tul na. Plz. Plz.,oi ami parchi na kicchu kaaj korte iccha korche na phone ta tul na plz plz
ham,I ain't answerin no phone at what is actually a pretty reasonable hour but I'm sleepy,answerin phone actually pretty reasonable hour sleepy
ham,"(No promises on when though, haven't even gotten dinner yet)",promises though even gotten dinner yet
ham,1's reach home call me.,reach home call
ham,"awesome, how do I deal with the gate? Charles told me last night but, uh, yeah",awesome deal gate charles told last night uh yeah
ham,"I guess that's why you re worried. You must know that there's a way the body repairs itself. And i'm quite sure you shouldn't worry. We'll take it slow. First the tests, they will guide when your ovulation is then just relax. Nothing you've said is a reason to worry but i.ll keep on followin you up.",guess worried must know way body repairs quite sure worry take slow first tests guide ovulation relax nothing said reason worry keep followin
ham,"K, wen ur free come to my home and also tel vikky i hav sent mail to him also.. Better come evening il be free today aftr 6pm..:-)",k wen ur free come home also tel vikky hav sent mail also better come evening il free today aftr pm
ham,"Machan you go to gym tomorrow,  i wil come late goodnight.",machan go gym tomorrow wil come late goodnight
ham,You've always been the brainy one.,always brainy one
ham,Hey so this sat are we going for the intro pilates only? Or the kickboxing too? ,hey sat going intro pilates kickboxing
ham,Here got lots of hair dresser fr china.,got lots hair dresser fr china
ham,"Gud gud..k, chikku tke care.. sleep well gud nyt",gud gud k chikku tke care sleep well gud nyt
ham,"Probably not, still going over some stuff here",probably still going stuff
ham,Yes I started to send requests to make it but pain came back so I'm back in bed. Double coins at the factory too. I gotta cash in all my nitros.,yes started send requests make pain came back back bed double coins factory got ta cash nitros
ham,Hi i won't b ard 4 christmas. But do enjoy n merry x'mas.,hi b ard christmas enjoy n merry x mas
ham,at bruce b downs &amp; fletcher now,bruce b downs amp fletcher
spam,EASTENDERS TV Quiz. What FLOWER does DOT compare herself to? D= VIOLET E= TULIP F= LILY txt D E or F to 84025 NOW 4 chance 2 WIN £100 Cash WKENT/150P16+,eastenders tv quiz flower dot compare violet e tulip f lily txt e f chance win cash wkent p
ham,Oh k :)why you got job then whats up?,oh k got job whats
ham,WHAT TIME U WRKIN?,time u wrkin
spam,"Got what it takes 2 take part in the WRC Rally in Oz? U can with Lucozade Energy! Text RALLY LE to 61200 (25p), see packs or lucozade.co.uk/wrc & itcould be u!",got takes take part wrc rally oz u lucozade energy text rally le p see packs lucozade co uk wrc itcould u
ham,"Hey, I missed you tm of last night as my phone was on the charge ... *smiles* ... I am meeting a friend shortly",hey missed tm last night phone charge smiles meeting friend shortly
spam,Great NEW Offer - DOUBLE Mins & DOUBLE Txt on best Orange tariffs AND get latest camera phones 4 FREE! Call MobileUpd8 free on 08000839402 NOW! or 2stoptxt T&Cs,great new offer double mins double txt best orange tariffs get latest camera phones free call mobileupd free stoptxt cs
ham,So that takes away some money worries,takes away money worries
spam,4mths half price Orange line rental & latest camera phones 4 FREE. Had your phone 11mths ? Call MobilesDirect free on 08000938767 to update now! or2stoptxt,mths half price orange line rental latest camera phones free phone mths call mobilesdirect free update stoptxt
ham,I tot it's my group mate... Lucky i havent reply... Wat time do ü need to leave... ,tot group mate lucky havent reply wat time need leave
ham,"Yep, at derek's house now, see you Sunday &lt;3",yep derek house see sunday lt
ham,One day a crab was running on the sea shore..The waves came n cleared the footprints of the crab.. Crab asked: being my frnd y r u clearing my beautiful footprints? Waves replied: A fox was following ur footprints to catch you! thats y i cleared it off:) frndsship never lets u dwn :-) GUD nyt..,one day crab running sea shore waves came n cleared footprints crab crab asked frnd r u clearing beautiful footprints waves replied fox following ur footprints catch thats cleared frndsship never lets u dwn gud nyt
ham,ARE YOU IN TOWN? THIS IS V. IMPORTANT,town v important
ham,Dip's cell dead. So i m coming with him. U better respond else we shall come back.,dip cell dead coming u better respond else shall come back
ham,Apo all other are mokka players only,apo mokka players
ham,I've been trying to reach him without success,trying reach without success
ham,We took hooch for a walk toaday and i fell over! Splat! Grazed my knees and everything! Should have stayed at home! See you tomorrow! ,took hooch walk toaday fell splat grazed knees everything stayed home see tomorrow
spam,Your next amazing xxx PICSFREE1 video will be sent to you enjoy! If one vid is not enough for 2day text back the keyword PICSFREE1 to get the next video.,next amazing xxx picsfree video sent enjoy one vid enough day text back keyword picsfree get next video
ham,"He said that he had a right giggle when he saw u again! You would possibly be the first person2die from NVQ, but think how much you could for! ",said right giggle saw u would possibly first person die nvq think much could
ham,... Are you in the pub?,pub
ham,When you are big..| God will bring success.,big god bring success
ham,1 in cbe. 2 in chennai.,cbe chennai
spam,"This is the 2nd time we have tried 2 contact u. U have won the 750 Pound prize. 2 claim is easy, call 08712101358 NOW! Only 10p per min. BT-national-rate",nd time tried contact u u pound prize claim easy call p per min bt national rate
ham,Oh oh... Wasted... Den muz chiong on sat n sun liao...,oh oh wasted den muz chiong sat n sun liao
ham,Did you stitch his trouser,stitch trouser
ham,"Come to me, slave. Your doing it again ... Going into your shell and unconsciously avoiding me ... You are making me unhappy :-(",come slave going shell unconsciously avoiding making unhappy
ham,V nice! Off 2 sheffield tom 2 air my opinions on categories 2 b used 2 measure ethnicity in next census. Busy transcribing. :-),v nice sheffield tom air opinions categories b used measure ethnicity next census busy transcribing
ham,"Gal n boy walking in d park. gal-can i hold ur hand? boy-y? do u think i would run away? gal-no, jst wana c how it feels walking in heaven with an prince..GN:-)",gal n boy walking park gal hold ur hand boy u think would run away gal jst wana c feels walking heaven prince gn
ham,"Kate jackson rec center before 7ish, right?",kate jackson rec center ish right
ham,How much u trying to get?,much u trying get
spam,"Urgent UR awarded a complimentary trip to EuroDisinc Trav, Aco&Entry41 Or £1000. To claim txt DIS to 87121 18+6*£1.50(moreFrmMob. ShrAcomOrSglSuplt)10, LS1 3AJ",urgent ur awarded complimentary trip eurodisinc trav aco entry claim txt dis morefrmmob shracomorsglsuplt ls aj
ham,"Haven't seen my facebook, huh? Lol!",seen facebook huh lol
ham,* Am on my way,way
ham,"Well, I was about to give up cos they all said no they didn‘t do one nighters. I persevered and found one but it is very cheap so i apologise in advance. It is just somewhere to sleep isnt it?",well give cos said one nighters persevered found one cheap apologise advance somewhere sleep isnt
spam,TBS/PERSOLVO. been chasing us since Sept for£38 definitely not paying now thanks to your information. We will ignore them. Kath. Manchester.,tbs persolvo chasing us since sept definitely paying thanks information ignore kath manchester
ham,"CHA QUITEAMUZING THATSCOOL BABE,PROBPOP IN & CU SATTHEN HUNNY 4BREKKIE! LOVE JEN XXX. PSXTRA LRG PORTIONS 4 ME PLEASE ",cha quiteamuzing scool babe probpop cu satthen hunny brekkie love jen xxx psxtra lrg portions please
spam,LORD OF THE RINGS:RETURN OF THE KING in store NOW!REPLY LOTR by 2 June 4 Chance 2 WIN LOTR soundtrack CDs StdTxtRate. Reply STOP to end txts,lord rings return king store reply lotr june chance win lotr soundtrack cds stdtxtrate reply stop end txts
ham,"Dear all, as we know  &lt;#&gt; th is the  &lt;#&gt; th birthday of our loving Gopalettan. We are planning to give a small gift on that day. Those who like to participate in that you are welcome. Please contact our admin team for more details",dear know lt gt th lt gt th birthday loving gopalettan planning give small gift day like participate welcome please contact admin team details
ham,I am back. Good journey! Let me know if you need any of the receipts. Shall i tell you like the pendent?,back good journey let know need receipts shall tell like pendent
ham,To day class is there are no class.,day class class
ham,"Okey doke. I'm at home, but not dressed cos laying around ill! Speak to you later bout times and stuff. ",okey doke home dressed cos laying around ill speak later bout times stuff
ham,Were somewhere on Fredericksburg,somewhere fredericksburg
ham,And stop being an old man. You get to build snowman snow angels and snowball fights.,stop old man get build snowman snow angels snowball fights
ham,Where r we meeting?,r meeting
ham,"Alright, I'll head out in a few minutes, text me where to meet you",alright head minutes text meet
ham,"Sorry about earlier. Putting out fires.Are you around to talk after 9? Or do you actually have a life, lol!",sorry earlier putting fires around talk actually life lol
ham,"Not really dude, have no friends i'm afraid :(",really dude friends afraid
ham,Many more happy returns of the day. I wish you happy birthday.,many happy returns day wish happy birthday
ham,How much is torch in 9ja.,much torch ja
spam,Do you want a New Nokia 3510i Colour Phone Delivered Tomorrow? With 200 FREE minutes to any mobile + 100 FREE text + FREE camcorder Reply or Call 08000930705,want new nokia colour phone delivered tomorrow free minutes mobile free text free camcorder reply call
ham,Huh so early.. Then ü having dinner outside izzit?,huh early dinner outside izzit
ham,"Solve d Case : A Man Was Found Murdered On  &lt;DECIMAL&gt; . &lt;#&gt;  AfterNoon. 1,His wife called Police. 2,Police questioned everyone. 3,Wife: Sir,I was sleeping, when the murder took place. 4.Cook: I was cooking. 5.Gardener: I was picking vegetables. 6.House-Maid: I went 2 d post office. 7.Children: We went 2 play. 8.Neighbour: We went 2 a marriage. Police arrested d murderer Immediately. Who's It? Reply With Reason, If U r Brilliant.",solve case man found murdered lt decimal gt lt gt afternoon wife called police police questioned everyone wife sir sleeping murder took place cook cooking gardener picking vegetables house maid went post office children went play neighbour went marriage police arrested murderer immediately reply reason u r brilliant
ham,K do I need a login or anything,k need login anything
spam,"Hey Boys. Want hot XXX pics sent direct 2 ur phone? Txt PORN to 69855, 24Hrs free and then just 50p per day. To stop text STOPBCM SF WC1N3XX",hey boys want hot xxx pics sent direct ur phone txt porn hrs free p per day stop text stopbcm sf wc n xx
ham,Joy's father is John. Then John is the NAME of Joy's father. Mandan,joy father john john name joy father mandan
ham,Thanks. Fills me with complete calm and reassurance! ,thanks fills complete calm reassurance
spam,8007 FREE for 1st week! No1 Nokia tone 4 ur mob every week just txt NOKIA to 8007 Get txting and tell ur mates www.getzed.co.uk POBox 36504 W4 5WQ norm 150p/tone 16+,free st week nokia tone ur mob every week txt nokia get txting tell ur mates pobox w wq norm p tone
ham,Yes! I am a one woman man! Please tell me your likes and dislikes in bed...,yes one woman man please tell likes dislikes bed
ham,Me hungry buy some food good lei... But mum n yun dun wan juz buy a little bit... ,hungry buy food good lei mum n yun dun wan juz buy little bit
ham,"Y cant u try new invention to fly..i'm not joking.,",cant u try new invention fly joking
ham,Get down in gandhipuram and walk to cross cut road. Right side &lt;#&gt; street road and turn at first right.,get gandhipuram walk cross cut road right side lt gt street road turn first right
ham,"Especially since i talk about boston all up in my personal statement, lol! I woulda changed that if i had realized it said nyc! It says boston now.",especially since talk boston personal statement lol woulda changed realized said nyc says boston
ham,"Cool, we shall go and see, have to go to tip anyway. Are you at home, got something to drop in later? So lets go to town tonight! Maybe mum can take us in.",cool shall go see go tip anyway home got something drop later lets go town tonight maybe mum take us
ham,U can call me now...,u call
ham,I told her I had a Dr appt next week. She thinks I'm gonna die. I told her its just a check. Nothing to be worried about. But she didn't listen.,told dr appt next week thinks gon na die told check nothing worried listen
ham,"Don't worry though, I understand how important it is that I be put in my place with a poorly thought out punishment in the face of the worst thing that has ever happened to me. Brb gonna go kill myself",worry though understand important put place poorly thought punishment face worst thing ever happened brb gon na go kill
ham,Ok... U enjoy ur shows...,ok u enjoy ur shows
ham,An excellent thought by a misundrstud frnd: I knw u hate me bt the day wen u'll knw the truth u'll hate urself:-( Gn:-),excellent thought misundrstud frnd knw u hate bt day wen u knw truth u hate urself gn
ham,Ok. I.ll do you right later.,ok right later
ham,I wont get concentration dear you know you are my mind and everything :-),wont get concentration dear know mind everything
ham,Ok how you dear. Did you call chechi,ok dear call chechi
ham,Gettin rdy to ship comp,gettin rdy ship comp
ham,Good. do you think you could send me some pix? I would love to see your top and bottom...,good think could send pix would love see top bottom
ham,The guy did some bitching but I acted like i'd be interested in buying something else next week and he gave it to us for free,guy bitching acted like interested buying something else next week gave us free
ham,Lol I have to take it. member how I said my aunt flow didn't visit for 6 months? It's cause I developed ovarian cysts. Bc is the only way to shrink them.,lol take member said aunt flow visit months cause developed ovarian cysts bc way shrink
ham,"Tee hee. Off to lecture, cheery bye bye.",tee hee lecture cheery bye bye
ham,And popping &lt;#&gt; ibuprofens was no help.,popping lt gt ibuprofens help
ham,Nah dub but je still buff,nah dub je still buff
spam,"Thanks for your ringtone order, reference number X49.Your mobile will be charged 4.50. Should your tone not arrive please call customer services 09065989182",thanks ringtone order reference number x mobile charged tone arrive please call customer services
spam,"URGENT! Last weekend's draw shows that you have won £1000 cash or a Spanish holiday! CALL NOW 09050000332 to claim. T&C: RSTM, SW7 3SS. 150ppm",urgent last weekend draw shows cash spanish holiday call claim c rstm sw ss ppm
ham,I am in bus on the way to calicut,bus way calicut
ham,"Awesome, text me when you're restocked",awesome text restocked
ham,"Cool, what time you think you can get here?",cool time think get
ham,Good. No swimsuit allowed :),good swimsuit allowed
ham,I know a few people I can hit up and fuck to the yes,know people hit fuck yes
ham,"Yo my trip got postponed, you still stocked up?",yo trip got postponed still stocked
ham,"House-Maid is the murderer, coz the man was murdered on  &lt;#&gt; th January.. As public holiday all govt.instituitions are closed,including post office..",house maid murderer coz man murdered lt gt th january public holiday govt instituitions closed including post office
ham,K.k.how is your business now?,k k business
ham,"So many people seems to be special at first sight, But only very few will remain special to you till your last sight.. Maintain them till life ends.. Sh!jas",many people seems special first sight remain special till last sight maintain till life ends sh jas
ham,Haven't eaten all day. I'm sitting here staring at this juicy pizza and I can't eat it. These meds are ruining my life.,eaten day sitting staring juicy pizza eat meds ruining life
ham,Do you think i can move  &lt;#&gt;  in a week,think move lt gt week
ham,"Had the money issue weigh me down but thanks to you, I can breathe easier now. I.ll make sure you dont regret it. Thanks.",money issue weigh thanks breathe easier make sure dont regret thanks
ham,Ranjith cal drpd Deeraj and deepak 5min hold,ranjith cal drpd deeraj deepak min hold
ham,Yes i will be there. Glad you made it.,yes glad made
ham,"Night has ended for another day, morning has come in a special way. May you smile like the sunny rays and leaves your worries at the blue blue bay.",night ended another day morning come special way may smile like sunny rays leaves worries blue blue bay
ham,"Enjoy the showers of possessiveness poured on u by ur loved ones, bcoz in this world of lies, it is a golden gift to be loved truly..",enjoy showers possessiveness poured u ur loved ones bcoz world lies golden gift loved truly
spam,"Dear Matthew please call 09063440451 from a landline, your complimentary 4*Lux Tenerife holiday or £1000 CASH await collection. ppm150 SAE T&Cs Box334 SK38XH.",dear matthew please call landline complimentary lux tenerife holiday cash await collection ppm sae cs box sk xh
ham,Nope... Juz off from work...,nope juz work
ham,Okie but i scared u say i fat... Then u dun wan me already...,okie scared u say fat u dun wan already
spam,WOW! The Boys R Back. TAKE THAT 2007 UK Tour. Win VIP Tickets & pre-book with VIP Club. Txt CLUB to 81303. Trackmarque Ltd info@vipclub4u.,wow boys r back take uk tour win vip tickets pre book vip club txt club trackmarque ltd
ham,Hi. I'm always online on yahoo and would like to chat with you someday,hi always online yahoo would like chat someday
ham,Hi its Kate how is your evening? I hope i can see you tomorrow for a bit but i have to bloody babyjontet! Txt back if u can. :) xxx,hi kate evening hope see tomorrow bit bloody babyjontet txt back u xxx
ham,Welp apparently he retired,welp apparently retired
ham,"Hmmm ... I thought we said 2 hours slave, not 3 ... You are late ... How should I punish you ?",hmmm thought said hours slave late punish
ham,"Mmmmm ... It was sooooo good to wake to your words this morning, my Love!! Mmmm fuck ... I love you too, my Lion ... *devouring kiss from across the sea*",mmmmm sooooo good wake words morning love mmmm fuck love lion devouring kiss across sea
ham,"Hello.How u doing?What u been up 2?When will u b moving out of the flat, cos I will need to arrange to pick up the lamp, etc. Take care. Hello caroline!",hello u u u b moving flat cos need arrange pick lamp etc take care hello caroline
ham,Aiyar u so poor thing... I give u my support k... Jia you! I'll think of u...,aiyar u poor thing give u support k jia think u
ham,Yeah you should. I think you can use your gt atm now to register. Not sure but if there's anyway i can help let me know. But when you do be sure you are ready.,yeah think use gt atm register sure anyway help let know sure ready
spam,ree entry in 2 a weekly comp for a chance to win an ipod. Txt POD to 80182 to get entry (std txt rate) T&C's apply 08452810073 for details 18+,ree entry weekly comp chance win ipod txt pod get entry std txt rate c apply details
spam,87077: Kick off a new season with 2wks FREE goals & news to ur mobile! Txt ur club name to 87077 eg VILLA to 87077,kick new season wks free goals news ur mobile txt ur club name eg villa
ham,"Hey ! I want you ! I crave you ! I miss you ! I need you ! I love you, Ahmad Saeed al Hallaq ...",hey want crave miss need love ahmad saeed al hallaq
ham,"Yes obviously, but you are the eggs-pert and the potato head… Speak soon! ",yes obviously eggs pert potato head speak soon
ham,Hey mate. Spoke to the mag people. We‘re on.  the is deliver by the end of the month. Deliver on the 24th sept. Talk later. ,hey mate spoke mag people deliver end month deliver th sept talk later
ham,S.s:)i thinl role is like sachin.just standing. Others have to hit.,thinl role like sachin standing others hit
ham,Ugh just got outta class,ugh got outta class
ham,Ok lar... Joking wif u oni...,ok lar joking wif u oni
ham,I cant pick the phone right now. Pls send a message,cant pick phone right pls send message
ham,They don't put that stuff on the roads to keep it from getting slippery over there?,put stuff roads keep getting slippery
ham,"Playin space poker, u?",playin space poker u
ham,Just wait till end of march when el nino gets himself. Oh.,wait till end march el nino gets oh
ham,Hi im having the most relaxing time ever! we have to get up at 7am every day! was the party good the other night? I get home tomorrow at 5ish.,hi im relaxing time ever get every day party good night get home tomorrow ish
ham,Yes see ya not on the dot,yes see ya dot
ham,"Omw back to tampa from west palm, you hear what happened?",omw back tampa west palm hear happened
ham,Well she's in for a big surprise!,well big surprise
ham,I love your ass! Do you enjoy doggy style? :),love ass enjoy doggy style
ham,"Mostly sports type..lyk footbl,crckt..",mostly sports type lyk footbl crckt
ham,Go fool dont cheat others ok,go fool dont cheat others ok
ham,No i'm not gonna be able to. || too late notice. || i'll be home in a few weeks anyway. || what are the plans,gon na able late notice home weeks anyway plans
ham,Oh k.i think most of wi and nz players unsold.,oh k think wi nz players unsold
ham,That was random saw my old roomate on campus. He graduated,random saw old roomate campus graduated
ham," said kiss, kiss, i can't do the sound effects! He is a gorgeous man isn't he! Kind of person who needs a smile to brighten his day! ",said kiss kiss sound effects gorgeous man kind person needs smile brighten day
ham,"A cute thought for friendship: ""Its not necessary to share every secret with ur close Frnd, but watever u shared should be true""....",cute thought friendship necessary share every secret ur close frnd watever u shared true
ham,Pls what's the full name of joke's school cos fees in university of florida seem to actually be  &lt;#&gt; k. Pls holla back,pls full name joke school cos fees university florida seem actually lt gt k pls holla back
spam,FREE for 1st week! No1 Nokia tone 4 ur mobile every week just txt NOKIA to 8077 Get txting and tell ur mates. www.getzed.co.uk POBox 36504 W45WQ 16+ norm150p/tone,free st week nokia tone ur mobile every week txt nokia get txting tell ur mates pobox w wq norm p tone
spam,"U were outbid by simonwatson5120 on the Shinco DVD Plyr. 2 bid again, visit sms. ac/smsrewards 2 end bid notifications, reply END OUT",u outbid simonwatson shinco dvd plyr bid visit sms ac smsrewards end bid notifications reply end
ham,"Okies... I'll go yan jiu too... We can skip ard oso, go cine den go mrt one, blah blah blah... ",okies go yan jiu skip ard oso go cine den go mrt one blah blah blah
ham,Good sleep is about rhythm. The person has to establish a rhythm that the body will learn and use. If you want to know more :-),good sleep rhythm person establish rhythm body learn use want know
ham,Mum ask ü to buy food home...,mum ask buy food home
ham,"OH YEAH,AND HAV A GREAT TIME IN NEWQUAY-SEND ME A POSTCARD !1 LOOK AFTER ALL THE GIRLS WHILE IM GONE(U KNOW THE 1IM TALKIN BOUT!)xx",oh yeah hav great time newquay send postcard look girls im gone u know im talkin bout xx
ham,"'Wnevr i wana fal in luv vth my books, My bed fals in luv vth me..!'' . Yen madodu, nav pretsorginta, nammanna pretsovru important alwa....!!:) Gud eveB-).",wnevr wana fal luv vth books bed fals luv vth yen madodu nav pretsorginta nammanna pretsovru important alwa gud eveb
ham,Do you mind if I ask what happened? You dont have to say if it is uncomfortable.,mind ask happened dont say uncomfortable
ham,Still at west coast... Haiz... Ü'll take forever to come back...,still west coast haiz take forever come back
spam,No 1 POLYPHONIC tone 4 ur mob every week! Just txt PT2 to 87575. 1st Tone FREE ! so get txtin now and tell ur friends. 150p/tone. 16 reply HL 4info,polyphonic tone ur mob every week txt pt st tone free get txtin tell ur friends p tone reply hl info
ham,What year. And how many miles.,year many miles
ham,"Not much, just some textin'. How bout you?",much textin bout
ham,What's your room number again? Wanna make sure I'm knocking on the right door,room number wan na make sure knocking right door
ham,So u gonna get deus ex?,u gon na get deus ex
ham,No dear i do have free messages without any recharge. Hi hi hi,dear free messages without recharge hi hi hi
spam,Dont forget you can place as many FREE Requests with 1stchoice.co.uk as you wish. For more Information call 08707808226.,dont forget place many free requests stchoice co uk wish information call
ham,Dear are you angry i was busy dear,dear angry busy dear
ham,It's é only $140 ard...É rest all ard $180 at least...Which is é price 4 é 2 bedrm ($900),ard rest ard least price bedrm
spam,"Orange customer, you may now claim your FREE CAMERA PHONE upgrade for your loyalty. Call now on 0207 153 9996. Offer ends 14thMarch. T&C's apply. Opt-out availa",orange customer may claim free camera phone upgrade loyalty call offer ends thmarch c apply opt availa
spam,"Free entry to the gr8prizes wkly comp 4 a chance to win the latest Nokia 8800, PSP or £250 cash every wk.TXT GREAT to 80878 http//www.gr8prizes.com 08715705022",free entry gr prizes wkly comp chance win latest nokia psp cash every wk txt great http
spam,Todays Voda numbers ending 1225 are selected to receive a £50award. If you have a match please call 08712300220 quoting claim code 3100 standard rates app ,todays voda numbers ending selected receive award match please call quoting claim code standard rates app
ham,Hi! You just spoke to MANEESHA V. We'd like to know if you were satisfied with the experience. Reply Toll Free with Yes or No.,hi spoke maneesha v like know satisfied experience reply toll free yes
ham,"Nope. Since ayo travelled, he has forgotten his guy",nope since ayo travelled forgotten guy
ham,Okay... I booked all already... Including the one at bugis.,okay booked already including one bugis
ham,"No shit, but I wasn't that surprised, so I went and spent the evening with that french guy I met in town here and we fooled around a bit but I didn't let him fuck me",shit surprised went spent evening french guy met town fooled around bit let fuck
ham,How come i din c ü... Yup i cut my hair...,come din c yup cut hair
ham,Hey come online! Use msn... We are all there,hey come online use msn
ham,"Nothing much, chillin at home. Any super bowl plan?",nothing much chillin home super bowl plan
ham,So ü'll be submitting da project tmr rite?,submitting da project tmr rite
ham,Hey morning what you come to ask:-) pa...,hey morning come ask pa
ham,Hello! Good week? Fancy a drink or something later?,hello good week fancy drink something later
ham,I want snow. It's just freezing and windy.,want snow freezing windy
ham,"Mah b, I'll pick it up tomorrow",mah b pick tomorrow
ham,Jay says that you're a double-faggot,jay says double faggot
ham,Ee msg na poortiyagi odalebeku: Hanumanji 7 name 1-Hanuman 2-Bajarangabali 3-Maruti 4-Pavanaputra 5-Sankatmochan 6-Ramaduth 7-Mahaveer ee 7 name  &lt;#&gt;  janarige ivatte kalisidare next saturday olage ondu good news keluviri...! Maretare inde 1 dodda problum nalli siguviri idu matra  &lt;#&gt; % true.. Don't neglet.,ee msg na poortiyagi odalebeku hanumanji name hanuman bajarangabali maruti pavanaputra sankatmochan ramaduth mahaveer ee name lt gt janarige ivatte kalisidare next saturday olage ondu good news keluviri maretare inde dodda problum nalli siguviri idu matra lt gt true neglet
ham,O. Guess they both got screwd,guess got screwd
ham,Ho ho - big belly laugh! See ya tomo,ho ho big belly laugh see ya tomo
ham,Argh why the fuck is nobody in town ;_;,argh fuck nobody town
ham,Hi! You just spoke to MANEESHA V. We'd like to know if you were satisfied with the experience. Reply Toll Free with Yes or No.,hi spoke maneesha v like know satisfied experience reply toll free yes
ham,Havent planning to buy later. I check already lido only got 530 show in e afternoon. U finish work already?,havent planning buy later check already lido got show e afternoon u finish work already
ham,Wat time u finish ur lect today?,wat time u finish ur lect today
ham,Hope you are feeling great. Pls fill me in. Abiola,hope feeling great pls fill abiola
ham,"Forgot it takes me 3 years to shower, sorry. Where you at/your phone dead yet?",forgot takes years shower sorry phone dead yet
ham,"Sorry, I'll call later",sorry call later
spam,"Twinks, bears, scallies, skins and jocks are calling now. Don't miss the weekend's fun. Call 08712466669 at 10p/min. 2 stop texts call 08712460324(nat rate)",twinks bears scallies skins jocks calling miss weekend fun call p min stop texts call nat rate
ham,Which channel:-):-):):-).,channel
ham,No probably  &lt;#&gt; %.,probably lt gt
ham,Where u been hiding stranger?,u hiding stranger
ham,Send me your resume:-),send resume
ham,Shopping lor. Them raining mah hard 2 leave orchard.,shopping lor raining mah hard leave orchard
ham,Ya just telling abt tht incident..,ya telling abt tht incident
spam,"Will u meet ur dream partner soon? Is ur career off 2 a flyng start? 2 find out free, txt HORO followed by ur star sign, e. g. HORO ARIES",u meet ur dream partner soon ur career flyng start find free txt horo followed ur star sign e g horo aries
ham,"Sorry, I'll call later",sorry call later
ham,"Thanx. Yup we coming back on sun. Finish dinner going back 2 hotel now. Time flies, we're tog 4 exactly a mth today. Hope we'll haf many more mths to come...",thanx yup coming back sun finish dinner going back hotel time flies tog exactly mth today hope haf many mths come
ham,"Yo, the game almost over? Want to go to walmart soon",yo game almost want go walmart soon
spam,Great News! Call FREEFONE 08006344447 to claim your guaranteed £1000 CASH or £2000 gift. Speak to a live operator NOW!,great news call freefone claim guaranteed cash gift speak live operator
ham,ITS A LAPTOP TAKE IT WITH YOU.,laptop take
ham,"A bit of Ur smile is my hppnss, a drop of Ur tear is my sorrow, a part of Ur heart is my life, a heart like mine wil care for U, forevr as my GOODFRIEND",bit ur smile hppnss drop ur tear sorrow part ur heart life heart like mine wil care u forevr goodfriend
spam,You have won a Nokia 7250i. This is what you get when you win our FREE auction. To take part send Nokia to 86021 now. HG/Suite342/2Lands Row/W1JHL 16+ ,nokia get win free auction take part send nokia hg suite lands row w jhl
ham,Good night my dear.. Sleepwell&amp;Take care,good night dear sleepwell amp take care
ham,Where are you ? You said you would be here when I woke ... :-(,said would woke
ham,Lmao!nice 1,lmao nice
ham,"To the wonderful Okors, have a great month. We cherish you guys and wish you well each day. MojiBiola",wonderful okors great month cherish guys wish well day mojibiola
ham,"Babe, I need your advice",babe need advice
ham,I've reached home finally...,reached home finally
ham,I am in your office na.,office na
ham,"As in missionary hook up, doggy hook up, standing...|",missionary hook doggy hook standing
spam,Do you want a new Video handset? 750 any time any network mins? UNLIMITED TEXT? Camcorder? Reply or Call now 08000930705 for del Sat AM,want new video handset time network mins unlimited text camcorder reply call del sat
ham,Boy you best get yo ass out here quick,boy best get yo ass quick
ham,If he started searching he will get job in few days.he have great potential and talent.,started searching get job days great potential talent
ham,Ofcourse I also upload some songs,ofcourse also upload songs
ham,Oh ok no prob..,oh ok prob
ham,Dai  &lt;#&gt;  naal eruku.,dai lt gt naal eruku
ham,Height of recycling: Read twice- People spend time for earning money and the same money is spent for spending time!;-) Good morning.. keep smiling:-),height recycling read twice people spend time earning money money spent spending time good morning keep smiling
ham,I'm awake oh. What's up.,awake oh
ham,Did you catch the bus ? Are you frying an egg ? Did you make a tea? Are you eating your mom's left over dinner ? Do you feel my Love ?,catch bus frying egg make tea eating mom left dinner feel love
ham,She just broke down a list of reasons why nobody's in town and I can't tell if she's being sarcastic or just faggy,broke list reasons nobody town tell sarcastic faggy
spam,We tried to contact you re our offer of New Video Phone 750 anytime any network mins HALF PRICE Rental camcorder call 08000930705 or reply for delivery Wed,tried contact offer new video phone anytime network mins half price rental camcorder call reply delivery wed
ham,Carlos'll be here in a minute if you still need to buy,carlos minute still need buy
spam,Dear U've been invited to XCHAT. This is our final attempt to contact u! Txt CHAT to 86688 150p/MsgrcvdHG/Suite342/2Lands/Row/W1J6HL LDN 18 yrs,dear u invited xchat final attempt contact u txt chat p msgrcvdhg suite lands row w j hl ldn yrs
ham,Nothing will ever be easy. But don't be looking for a reason not to take a risk on life and love,nothing ever easy looking reason take risk life love
spam,"Dear Voucher Holder, 2 claim this weeks offer, at your PC go to http://www.e-tlp.co.uk/expressoffer Ts&Cs apply.2 stop texts txt STOP to 80062.",dear voucher holder claim weeks offer pc go ts cs apply stop texts txt stop
ham,We still on for tonight?,still tonight
ham,Ok no prob... I'll come after lunch then...,ok prob come lunch
ham,"Well, i'm gonna finish my bath now. Have a good...fine night.",well gon na finish bath good fine night
ham,Lol ... I really need to remember to eat when I'm drinking but I do appreciate you keeping me company that night babe *smiles*,lol really need remember eat drinking appreciate keeping company night babe smiles
ham,LOOK AT THE FUCKIN TIME. WHAT THE FUCK YOU THINK IS UP,look fuckin time fuck think
ham,"Bill, as in: Are there any letters for me. i’m expecting one from orange that isn’t a bill but may still say orange on it.",bill letters expecting one orange bill may still say orange
ham,"Its ok., i just askd did u knw tht no?",ok askd u knw tht
ham,I hope you know I'm still mad at you.,hope know still mad
ham,Printer is cool. I mean groovy. Wine is groovying,printer cool mean groovy wine groovying
ham,Yup but not studying surfing lor. I'm in e lazy mode today.,yup studying surfing lor e lazy mode today
ham,Alex says he's not ok with you not being ok with it,alex says ok ok
ham,I always chat with you. In fact i need money can you raise me?,always chat fact need money raise
spam,"500 New Mobiles from 2004, MUST GO! Txt: NOKIA to No: 89545 & collect yours today!From ONLY £1 www.4-tc.biz 2optout 087187262701.50gbp/mtmsg18",new mobiles must go txt nokia collect today optout gbp mtmsg
ham,"Den only weekdays got special price... Haiz... Cant eat liao... Cut nails oso muz wait until i finish drivin wat, lunch still muz eat wat... ",den weekdays got special price haiz cant eat liao cut nails oso muz wait finish drivin wat lunch still muz eat wat
ham,Yes..gauti and sehwag out of odi series.,yes gauti sehwag odi series
ham,R u in this continent?,r u continent
ham,Aslamalaikkum....insha allah tohar beeen muht albi mufti mahfuuz...meaning same here....,aslamalaikkum insha allah tohar beeen muht albi mufti mahfuuz meaning
ham,HI DARLIN IM MISSIN U HOPE YOU ARE HAVING A GOOD TIME. WHEN ARE U BACK AND WHAT TIME IF U CAN GIVE ME A CALL AT HOME. JESS XX,hi darlin im missin u hope good time u back time u give call home jess xx
ham,It is a good thing I'm now getting the connection to bw,good thing getting connection bw
spam,Natalja (25/F) is inviting you to be her friend. Reply YES-440 or NO-440 See her: www.SMS.ac/u/nat27081980 STOP? Send STOP FRND to 62468,natalja f inviting friend reply yes see stop send stop frnd
ham,Er yep sure. Props?,er yep sure props
ham,That's y we haf to combine n c how lor...,haf combine n c lor
ham,Petey boy whereare you me and all your friendsare in theKingshead come down if you canlove Nic,petey boy whereare friendsare thekingshead come canlove nic
ham,"Hi, Mobile no.  &lt;#&gt;  has added you in their contact list on www.fullonsms.com It s a great place to send free sms to people For more visit fullonsms.com",hi mobile lt gt added contact list great place send free sms people visit fullonsms com
ham,I'm really not up to it still tonight babe,really still tonight babe
ham,Old Orchard near univ. How about you?,old orchard near univ
ham,Hey gals...U all wanna meet 4 dinner at nìte? ,hey gals u wan na meet dinner n te
ham,"It wont b until 2.15 as trying 2 sort house out, is that ok?",wont b trying sort house ok
ham,Dunno he jus say go lido. Same time 930.,dunno jus say go lido time
ham,"Yeah why not, is the gang all ready",yeah gang ready
ham,Hello-/@drivby-:0quit edrunk sorry iff pthis makes no senrd-dnot no how ^ dancce 2 drum n basq!ihave fun 2nhite x ros xxxxxxx,edrunk sorry iff pthis makes senrd dnot dancce drum n basq ihave fun nhite x ros xxxxxxx
ham,"Do whatever you want. You know what the rules are. We had a talk earlier this week about what had to start happening, you showing responsibility. Yet, every week it's can i bend the rule this way? What about that way? Do whatever. I'm tired of having thia same argument with you every week. And a  &lt;#&gt;  movie DOESNT inlude the previews. You're still getting in after 1.",whatever want know rules talk earlier week start happening showing responsibility yet every week bend rule way way whatever tired thia argument every week lt gt movie doesnt inlude previews still getting
ham,"Jolly good! By the way,  will give u tickets for sat eve 7.30. Speak before then x",jolly good way give u tickets sat eve speak x
ham,I'm on da bus going home...,da bus going home
ham,Just glad to be talking to you.,glad talking
ham,"Good FRIENDS CaRE for each Other.. CLoSE Friends UNDERSTaND each Other... and TRUE Friends STaY forever beyond words, beyond time. Gud ni8",good friends care close friends understand true friends stay forever beyond words beyond time gud ni
ham,Doc prescribed me morphine cause the other pain meds aren't enough. Waiting for my mom to bring it. That med should kick in fast so I'm gonna try to be on later,doc prescribed morphine cause pain meds enough waiting mom bring med kick fast gon na try later
ham,I tot u reach liao. He said t-shirt.,tot u reach liao said shirt
ham,it's still not working. And this time i also tried adding zeros. That was the savings. The checking is  &lt;#&gt; ,still working time also tried adding zeros savings checking lt gt
ham,hi baby im cruisin with my girl friend what r u up 2? give me a call in and hour at home if thats alright or fone me on this fone now love jenny xxx,hi baby im cruisin girl friend r u give call hour home thats alright fone fone love jenny xxx
ham,I accidentally brought em home in the box,accidentally brought em home box
ham,How's it feel? Mr. Your not my real Valentine just my yo Valentine even tho u hardly play!!,feel mr real valentine yo valentine even tho u hardly play
ham,"Nt only for driving even for many reasons she is called BBD..thts it chikku, then hw abt dvg cold..heard tht vinobanagar violence hw is the condition..and hw ru ? Any problem?",nt driving even many reasons called bbd thts chikku hw abt dvg cold heard tht vinobanagar violence hw condition hw ru problem
ham,Aiyah then i wait lor. Then u entertain me. Hee...,aiyah wait lor u entertain hee
ham,Thank you princess! I want to see your nice juicy booty...,thank princess want see nice juicy booty
ham,Not yet had..ya sapna aunty manege y'day hogidhe..chinnu full weak and swalpa black agidhane..,yet ya sapna aunty manege day hogidhe chinnu full weak swalpa black agidhane
spam,U have a secret admirer. REVEAL who thinks U R So special. Call 09065174042. To opt out Reply REVEAL STOP. 1.50 per msg recd. Cust care 07821230901,u secret admirer reveal thinks u r special call opt reply reveal stop per msg recd cust care
spam,Congratulations ur awarded either £500 of CD gift vouchers & Free entry 2 our £100 weekly draw txt MUSIC to 87066 TnCs www.Ldew.com 1 win150ppmx3age16,congratulations ur awarded either cd gift vouchers free entry weekly draw txt music tncs win ppmx age
spam,"0A$NETWORKS allow companies to bill for SMS, so they are responsible for their ""suppliers"", just as a shop has to give a guarantee on what they sell. B. G.",networks allow companies bill sms responsible suppliers shop give guarantee sell b g
ham,Sure! I am driving but will reach my destination soon.,sure driving reach destination soon
ham,Haven't left yet so probably gonna be here til dinner,left yet probably gon na til dinner
ham,Are you this much buzy,much buzy
ham,Is ur paper today in e morn or aft?,ur paper today e morn aft
ham,Yes da. Any plm at ur office,yes da plm ur office
spam,Buy Space Invaders 4 a chance 2 win orig Arcade Game console. Press 0 for Games Arcade (std WAP charge) See o2.co.uk/games 4 Terms + settings. No purchase,buy space invaders chance win orig arcade game console press games arcade std wap charge see co uk games terms settings purchase
spam,we tried to contact you re your response to our offer of a new nokia fone and camcorder hit reply or call 08000930705 for delivery,tried contact response offer new nokia fone camcorder hit reply call delivery
ham,Stop calling everyone saying I might have cancer. My throat hurts to talk. I can't be answering everyones calls. If I get one more call I'm not babysitting on Monday,stop calling everyone saying might cancer throat hurts talk answering everyones calls get one call babysitting monday
ham,Just hopeing that wasn‘t too pissed up to remember and has gone off to his sisters or something!,hopeing pissed remember gone sisters something
ham,Designation is software developer and may be she get chennai:),designation software developer may get chennai
ham,ALRITE,alrite
spam,"Last Chance! Claim ur £150 worth of discount vouchers today! Text SHOP to 85023 now! SavaMob, offers mobile! T Cs SavaMob POBOX84, M263UZ. £3.00 Sub. 16",last chance claim ur worth discount vouchers today text shop savamob offers mobile cs savamob pobox uz sub
spam,You have an important customer service announcement from PREMIER.,important customer service announcement premier
ham,"Love isn't a decision, it's a feeling. If we could decide who to love, then, life would be much simpler, but then less magical",love decision feeling could decide love life would much simpler less magical
ham,She went to attend another two rounds today..but still did't reach home..,went attend another two rounds today still reach home
ham,Then mum's repent how?,mum repent
spam,"BangBabes Ur order is on the way. U SHOULD receive a Service Msg 2 download UR content. If U do not, GoTo wap. bangb. tv on UR mobile internet/service menu",bangbabes ur order way u receive service msg download ur content u goto wap bangb tv ur mobile internet service menu
ham,Easy ah?sen got selected means its good..,easy ah sen got selected means good
ham,Is there coming friday is leave for pongal?do you get any news from your work place.,coming friday leave pongal get news work place
ham,I want to tell you how bad I feel that basically the only times I text you lately are when I need drugs,want tell bad feel basically times text lately need drugs
ham,"Ya ok, vikky vl c witin  &lt;#&gt; mins and il reply u..",ya ok vikky vl c witin lt gt mins il reply u
ham,Ha ha - had popped down to the loo when you hello-ed me. Hello!,ha ha popped loo hello ed hello
ham,Hey... What time is your driving on fri? We go for evaluation on fri?,hey time driving fri go evaluation fri
spam,HMV BONUS SPECIAL 500 pounds of genuine HMV vouchers to be won. Just answer 4 easy questions. Play Now! Send HMV to 86688 More info:www.100percent-real.com,hmv bonus special pounds genuine hmv vouchers answer easy questions play send hmv info
ham,No. Its not specialisation. Can work but its slave labor. Will look for it this month sha cos no shakara 4 beggar.,specialisation work slave labor look month sha cos shakara beggar
ham,G.W.R,g w r
ham,K.k:)when are you going?,k k going
ham,What should i eat fo lunch senor,eat fo lunch senor
ham,He's an adult and would learn from the experience. There's no real danger. I just dont like peeps using drugs they dont need. But no comment,adult would learn experience real danger dont like peeps using drugs dont need comment
ham,"I thought i'd get him a watch, just cos thats the kind of thing u get4an18th. And he loves so much!",thought get watch cos thats kind thing u get th loves much
ham,"Tunde, how are you doing. This is just wishing you a great day. Abiola.",tunde wishing great day abiola
ham,Ok lor. Msg me b4 u call.,ok lor msg b u call
spam,Free entry in 2 a weekly comp for a chance to win an ipod. Txt POD to 80182 to get entry (std txt rate) T&C's apply 08452810073 for details 18+,free entry weekly comp chance win ipod txt pod get entry std txt rate c apply details
ham,"Merry Christmas to you too babe, i love ya *kisses*",merry christmas babe love ya kisses
spam,For taking part in our mobile survey yesterday! You can now have 500 texts 2 use however you wish. 2 get txts just send TXT to 80160 T&C www.txt43.com 1.50p,taking part mobile survey yesterday texts use however wish get txts send txt c p
ham,I can't believe how attached I am to seeing you every day. I know you will do the best you can to get to me babe. I will go to teach my class at your midnight,believe attached seeing every day know best get babe go teach class midnight
ham,"Yo, any way we could pick something up tonight?",yo way could pick something tonight
ham,Am on a train back from northampton so i'm afraid not! I'm staying skyving off today ho ho! Will be around wednesday though. Do you fancy the comedy club this week by the way?,train back northampton afraid staying skyving today ho ho around wednesday though fancy comedy club week way
ham,Raji..pls do me a favour. Pls convey my Birthday wishes to Nimya. Pls. Today is her birthday.,raji pls favour pls convey birthday wishes nimya pls today birthday
spam,You are a winner U have been specially selected 2 receive £1000 cash or a 4* holiday (flights inc) speak to a live operator 2 claim 0871277810810,winner u specially selected receive cash holiday flights inc speak live operator claim
ham,hanks lotsly!,hanks lotsly
ham,Ok.. Ü finishing soon?,ok finishing soon
ham,"Well the general price is  &lt;#&gt; /oz, let me know if/when/how much you want",well general price lt gt oz let know much want
ham,Send me yetty's number pls.,send yetty number pls
ham, &lt;#&gt;  in mca. But not conform.,lt gt mca conform
ham,"Night has ended for another day, morning has come in a special way. May you smile like the sunny rays and leaves your worries at the blue blue bay. Gud mrng",night ended another day morning come special way may smile like sunny rays leaves worries blue blue bay gud mrng
spam,Free entry in 2 a wkly comp to win FA Cup final tkts 21st May 2005. Text FA to 87121 to receive entry question(std txt rate)T&C's apply 08452810075over18's,free entry wkly comp win fa cup final tkts st may text fa receive entry question std txt rate c apply
ham,Also that chat was awesome but don't make it regular unless you can see her in person,also chat awesome make regular unless see person
ham,Wishing you a beautiful day. Each moment revealing even more things to keep you smiling. Do enjoy it.,wishing beautiful day moment revealing even things keep smiling enjoy
ham,"If you're still up, maybe leave the credit card so I can get gas when I get back like he told me to",still maybe leave credit card get gas get back like told
ham,DO NOT B LATE LOVE MUM,b late love mum
ham,Am in film ill call you later.,film ill call later
ham,Yeah we do totes. When u wanna?,yeah totes u wan na
ham,I wait 4 ü inside da car park...,wait inside da car park
ham,This pay is  &lt;DECIMAL&gt;  lakhs:),pay lt decimal gt lakhs
ham,Hey gorgeous man. My work mobile number is. Have a good one babe. Squishy Mwahs.,hey gorgeous man work mobile number good one babe squishy mwahs
ham,"ER, ENJOYIN INDIANS AT THE MO..yeP. SaLL gOoD HehE ;> hows bout u shexy? Pete Xx",er enjoyin indians mo yep sall good hehe hows bout u shexy pete xx
ham,Well done and ! luv ya all ,well done luv ya
ham,Is xy in ur car when u picking me up?,xy ur car u picking
ham,Be sure to check your yahoo email. We sent photos yesterday,sure check yahoo email sent photos yesterday
ham,Should I have picked up a receipt or something earlier,picked receipt something earlier
ham,"Fighting with the world is easy, u either win or lose bt fightng with some1 who is close to u is dificult if u lose - u lose if u win - u still lose.",fighting world easy u either win lose bt fightng close u dificult u lose u lose u win u still lose
ham,Uncle boye. I need movies oh. Guide me. Plus you know torrents are not particularly legal here. And the system is slowing down. What should i do. Have a gr8 day. Plus have you started cos i dont meet you online. How was the honey moon.,uncle boye need movies oh guide plus know torrents particularly legal system slowing gr day plus started cos dont meet online honey moon
ham,Gud ni8 dear..slp well..take care..swt dreams..Muah..,gud ni dear slp well take care swt dreams muah
ham,"Just checked out, heading out to drop off my stuff now",checked heading drop stuff
ham,Sometimes Heart Remembrs someone Very much... Forgets someone soon... Bcoz Heart will not like everyone. But liked ones will be Remembered Everytime... BSLVYL,sometimes heart remembrs someone much forgets someone soon bcoz heart like everyone liked ones remembered everytime bslvyl
ham,Ü still got lessons?  Ü in sch?,still got lessons sch
spam,Want 2 get laid tonight? Want real Dogging locations sent direct 2 ur mob? Join the UK's largest Dogging Network bt Txting GRAVEL to 69888! Nt. ec2a. 31p.msg@150p,want get laid tonight want real dogging locations sent direct ur mob join uk largest dogging network bt txting gravel nt ec
ham,"Edison has rightly said, ""A fool can ask more questions than a wise man can answer"" Now you know why all of us are speechless during ViVa.. GM,GN,GE,GNT:-)",edison rightly said fool ask questions wise man answer know us speechless viva gm gn ge gnt
ham,Going to join tomorrow.,going join tomorrow
ham,"Goodmorning,my grandfather expired..so am on leave today.",goodmorning grandfather expired leave today
ham,Please give it 2  or i will pick it up on Tuesday evening about 8 if that is ok.,please give pick tuesday evening ok
ham,"Watching cartoon, listening music &amp; at eve had to go temple &amp; church.. What about u?",watching cartoon listening music amp eve go temple amp church u
ham,Have a good trip. Watch out for . Remember when you get back we must decide about easter.,good trip watch remember get back must decide easter
ham,Ok i am on the way to home hi hi,ok way home hi hi
ham,A pure hearted person can have a wonderful smile that makes even his/her enemies to feel guilty for being an enemy.. So catch the world with your smile..:) GOODMORNING &amp; HAVE A SMILEY SUNDAY..:),pure hearted person wonderful smile makes even enemies feel guilty enemy catch world smile goodmorning amp smiley sunday
ham,"Sorry, I'll call later",sorry call later
ham,Now am free call me pa.,free call pa
ham,Tessy..pls do me a favor. Pls convey my birthday wishes to Nimya..pls dnt forget it. Today is her birthday Shijas,tessy pls favor pls convey birthday wishes nimya pls dnt forget today birthday shijas
ham,"Sorry, I'll call later In meeting.",sorry call later meeting
ham,"Sorry, I'll call later",sorry call later
ham,Probably earlier than that if the station's where I think it is,probably earlier station think
ham,"Helloooo... Wake up..! ""Sweet"" ""morning"" ""welcomes"" ""You"" ""Enjoy"" ""This Day"" ""with full of joy"".. ""GUD MRNG"".",helloooo wake sweet morning welcomes enjoy day full joy gud mrng
ham,Dear how is chechi. Did you talk to her,dear chechi talk
ham,"Shit that is really shocking and scary, cant imagine for a second. Def up for night out. Do u think there is somewhere i could crash for night, save on taxi?",shit really shocking scary cant imagine second def night u think somewhere could crash night save taxi
ham,Its good to hear from you,good hear
ham,K.k..how is your sister kids?,k k sister kids
ham,"Sad story of a Man - Last week was my b'day. My Wife did'nt wish me. My Parents forgot n so did my Kids . I went to work. Even my Colleagues did not wish. As I entered my cabin my PA said, '' Happy B'day Boss !!''. I felt special. She askd me 4 lunch. After lunch she invited me to her apartment. We went there. She said,'' do u mind if I go into the bedroom for a minute ? '' ''OK'', I sed in a sexy mood. She came out 5 minuts latr wid a cake...n My Wife, My Parents, My Kidz, My Friends n My Colleagues. All screaming.. SURPRISE !! and I was waiting on the sofa.. ... ..... ' NAKED...!",sad story man last week b day wife nt wish parents forgot n kids went work even colleagues wish entered cabin pa said happy b day boss felt special askd lunch lunch invited apartment went said u mind go bedroom minute ok sed sexy mood came minuts latr wid cake n wife parents kidz friends n colleagues screaming surprise waiting sofa naked
spam,"FreeMsg: Claim ur 250 SMS messages-Text OK to 84025 now!Use web2mobile 2 ur mates etc. Join Txt250.com for 1.50p/wk. T&C BOX139, LA32WU. 16 . Remove txtX or stop",freemsg claim ur sms messages text ok use web mobile ur mates etc join txt com p wk c box la wu remove txtx stop
ham,Yes we are chatting too.,yes chatting
ham,When are you going to ride your bike?,going ride bike
ham,Haha... Hope ü can hear the receipt sound... Gd luck!,haha hope hear receipt sound gd luck
ham,Reading gud habit.. Nan bari hudgi yorge pataistha ertini kano:-),reading gud habit nan bari hudgi yorge pataistha ertini kano
ham,"Hi, Mobile no.  &lt;#&gt;  has added you in their contact list on www.fullonsms.com It s a great place to send free sms to people For more visit fullonsms.com",hi mobile lt gt added contact list great place send free sms people visit fullonsms com
ham,Not yet chikku..wat abt u?,yet chikku wat abt u
ham,Are you angry with me. What happen dear,angry happen dear
ham,"Ill call u 2mrw at ninish, with my address that icky American freek wont stop callin me 2 bad Jen k eh?",ill call u mrw ninish address icky american freek wont stop callin bad jen k eh
ham,I keep ten rs in my shelf:) buy two egg.,keep ten rs shelf buy two egg
spam,Save money on wedding lingerie at www.bridal.petticoatdreams.co.uk Choose from a superb selection with national delivery. Brought to you by WeddingFriend,save money wedding lingerie choose superb selection national delivery brought weddingfriend
ham,Take something for pain. If it moves however to any side in the next 6hrs see a doctor.,take something pain moves however side next hrs see doctor
spam,PRIVATE! Your 2004 Account Statement for 07742676969 shows 786 unredeemed Bonus Points. To claim call 08719180248 Identifier Code: 45239 Expires,private account statement shows unredeemed bonus points claim call identifier code expires
ham,You are a very very very very bad girl. Or lady.,bad girl lady
ham,When did you get to the library,get library
ham,"Me, i dont know again oh",dont know oh
spam,"This is the 2nd time we have tried 2 contact u. U have won the 750 Pound prize. 2 claim is easy, call 08712101358 NOW! Only 10p per min. BT-national-rate",nd time tried contact u u pound prize claim easy call p per min bt national rate
ham,Now that you have started dont stop. Just pray for more good ideas and anything i see that can help you guys i.ll forward you a link.,started dont stop pray good ideas anything see help guys forward link
ham,I have to take exam with in march 3,take exam march
ham,In da car park ,da car park
ham,on hen night. Going with a swing,hen night going swing
ham,Have you finished work yet? :),finished work yet
ham,I cant pick the phone right now. Pls send a message,cant pick phone right pls send message
ham,"Pete,is this your phone still? Its Jenny from college and Leanne.what are you up to now?:)",pete phone still jenny college leanne
ham,Never blame a day in ur life. Good days give u happiness. Bad days give u experience. Both are essential in life! All are Gods blessings! good morning.:,never blame day ur life good days give u happiness bad days give u experience essential life gods blessings good morning
ham,I.ll get there tomorrow and send it to you,get tomorrow send
ham,Yunny... I'm goin to be late,yunny goin late
ham,"Miss ya, need ya, want ya, love ya.",miss ya need ya want ya love ya
ham,"I think we're going to finn's now, come",think going finn come
ham,Ok thanx...,ok thanx
ham,"Sorry, I'll call later",sorry call later
ham,I sent them. Do you like?,sent like
ham,"Honeybee Said: *I'm d Sweetest in d World* God Laughed &amp; Said: *Wait,U Havnt Met d Person Reading This Msg* MORAL: Even GOD Can Crack Jokes! GM+GN+GE+GN:)",honeybee said sweetest world god laughed amp said wait u havnt met person reading msg moral even god crack jokes gm gn ge gn
ham,"Sorry, I'll call later  &lt;#&gt; mins",sorry call later lt gt mins
ham,Chk in ur belovd ms dict,chk ur belovd ms dict
ham,Just seeing your missed call my dear brother. Do have a gr8 day.,seeing missed call dear brother gr day
ham,"Sorry chikku, my cell got some problem thts y i was nt able to reply u or msg u..",sorry chikku cell got problem thts nt able reply u msg u
ham,Hey they r not watching movie tonight so i'll prob b home early...,hey r watching movie tonight prob b home early
ham,Dont put your phone on silent mode ok,dont put phone silent mode ok
spam,"Spook up your mob with a Halloween collection of a logo & pic message plus a free eerie tone, txt CARD SPOOK to 8007 zed 08701417012150p per logo/pic",spook mob halloween collection logo pic message plus free eerie tone txt card spook zed p per logo pic
spam,"Urgent! call 09061749602 from Landline. Your complimentary 4* Tenerife Holiday or £10,000 cash await collection SAE T&Cs BOX 528 HP20 1YF 150ppm 18+",urgent call landline complimentary tenerife holiday cash await collection sae cs box hp yf ppm
ham,"Aight, tomorrow around  &lt;#&gt;  it is",aight tomorrow around lt gt
ham,I have gone into get info bt dont know what to do,gone get info bt dont know
spam,Urgent! Please call 09061213237 from landline. £5000 cash or a luxury 4* Canary Islands Holiday await collection. T&Cs SAE PO Box 177. M227XY. 150ppm. 16+,urgent please call landline cash luxury canary islands holiday await collection cs sae po box xy ppm
ham,Was playng 9 doors game and gt racing on phone lol,playng doors game gt racing phone lol
spam,Valentines Day Special! Win over £1000 in our quiz and take your partner on the trip of a lifetime! Send GO to 83600 now. 150p/msg rcvd. CustCare:08718720201,valentines day special win quiz take partner trip lifetime send go p msg rcvd custcare
ham,Sent me de webadres for geting salary slip,sent de webadres geting salary slip
ham,Your gonna have to pick up a $1 burger for yourself on your way home. I can't even move. Pain is killing me.,gon na pick burger way home even move pain killing
ham,I will be gentle princess! We will make sweet gentle love...,gentle princess make sweet gentle love
spam,Reply to win £100 weekly! Where will the 2006 FIFA World Cup be held? Send STOP to 87239 to end service,reply win weekly fifa world cup held send stop end service
ham,U come n search tat vid..not finishd..,u come n search tat vid finishd
ham,Ü still attending da talks?,still attending da talks
ham,Hasn't that been the pattern recently crap weekends?,pattern recently crap weekends
ham,if you aren't here in the next  &lt;#&gt;  hours imma flip my shit,next lt gt hours imma flip shit
ham,How u doin baby girl ?? hope u are okay every time I call ure phone is off! I miss u get in touch,u doin baby girl hope u okay every time call ure phone miss u get touch
ham,Pls speak to that customer machan.,pls speak customer machan
ham,"Wow ... I love you sooo much, you know ? I can barely stand it ! I wonder how your day goes and if you are well, my love ... I think of you and miss you",wow love sooo much know barely stand wonder day goes well love think miss
ham,U sure u can't take any sick time?,u sure u take sick time
ham,Huh but i got lesson at 4 lei n i was thinkin of going to sch earlier n i tot of parkin at kent vale...  ,huh got lesson lei n thinkin going sch earlier n tot parkin kent vale
ham,"Oh right, ok. I'll make sure that i do loads of work during the day!  got a really nasty cough today and is dry n shot so that should really help it!",oh right ok make sure loads work day got really nasty cough today dry n shot really help
spam,"YOUR CHANCE TO BE ON A REALITY FANTASY SHOW call now = 08707509020 Just 20p per min NTT Ltd, PO Box 1327 Croydon CR9 5WB 0870 is a national = rate call.",chance reality fantasy show call p per min ntt ltd po box croydon cr wb national rate call
ham,You still around? I could use a half-8th,still around could use half th
spam,"Got what it takes 2 take part in the WRC Rally in Oz? U can with Lucozade Energy! Text RALLY LE to 61200 (25p), see packs or lucozade.co.uk/wrc & itcould be u!",got takes take part wrc rally oz u lucozade energy text rally le p see packs lucozade co uk wrc itcould u
ham,One small prestige problem now.,one small prestige problem
ham,"I hav almost reached. Call, i m unable to connect u.",hav almost reached call unable connect u
ham,Where is it. Is there any opening for mca.,opening mca
spam,Text PASS to 69669 to collect your polyphonic ringtones. Normal gprs charges apply only. Enjoy your tones,text pass collect polyphonic ringtones normal gprs charges apply enjoy tones
ham,"Yo, you at jp and hungry like a mofo?",yo jp hungry like mofo
ham,Can you let me know details of fri when u find out cos I'm not in tom or fri. mentionned chinese. Thanks,let know details fri u find cos tom fri mentionned chinese thanks
ham,"Babe ! How goes that day ? What are you doing ? Where are you ? I sip my cappuccino and think of you, my love ... I send a kiss to you from across the sea",babe goes day sip cappuccino think love send kiss across sea
ham,"The fact that you're cleaning shows you know why i'm upset. Your priority is constantly ""what i want to do,"" not ""what i need to do.""",fact cleaning shows know upset priority constantly want need
ham,"That's cool, I'll come by like  &lt;#&gt; ish",cool come like lt gt ish
ham,"Good afternoon sunshine! How dawns that day ? Are we refreshed and happy to be alive? Do we breathe in the air and smile ? I think of you, my love ... As always",good afternoon sunshine dawns day refreshed happy alive breathe air smile think love always
ham,Where at were hungry too,hungry
ham,What about this one then.,one
ham,Tell me they're female :V how're you throwing in? We're deciding what all to get now,tell female v throwing deciding get
ham,Yup ok...,yup ok
spam,"Congratulations! Thanks to a good friend U have WON the £2,000 Xmas prize. 2 claim is easy, just call 08718726971 NOW! Only 10p per minute. BT-national-rate.",congratulations thanks good friend u xmas prize claim easy call p per minute bt national rate
ham,Ok lor... But buy wat?,ok lor buy wat
ham,"No I'm good for the movie, is it ok if I leave in an hourish?",good movie ok leave hourish
ham,Just send a text. We'll skype later.,send text skype later
spam,"New Mobiles from 2004, MUST GO! Txt: NOKIA to No: 89545 & collect yours today! From ONLY £1. www.4-tc.biz 2optout 087187262701.50gbp/mtmsg18 TXTAUCTION.",new mobiles must go txt nokia collect today optout gbp mtmsg txtauction
ham,Tessy..pls do me a favor. Pls convey my birthday wishes to Nimya..pls dnt forget it. Today is her birthday Shijas,tessy pls favor pls convey birthday wishes nimya pls dnt forget today birthday shijas
ham,"Nah, I'm a perpetual DD",nah perpetual dd
spam,Send a logo 2 ur lover - 2 names joined by a heart. Txt LOVE NAME1 NAME2 MOBNO eg LOVE ADAM EVE 07123456789 to 87077 Yahoo! POBox36504W45WQ TxtNO 4 no ads 150p,send logo ur lover names joined heart txt love name name mobno eg love adam eve yahoo pobox w wq txtno ads p
ham,But that's on ebay it might be less elsewhere.,ebay might less elsewhere
ham,"wow. You're right! I didn't mean to do that. I guess once i gave up on boston men and changed my search location to nyc, something changed. Cuz on my signin page it still says boston.",wow right mean guess gave boston men changed search location nyc something changed cuz signin page still says boston
ham,IM GONNAMISSU SO MUCH!!I WOULD SAY IL SEND U A POSTCARD BUTTHERES ABOUTAS MUCH CHANCE OF MEREMEMBERIN ASTHERE IS OFSI NOT BREAKIN HIS CONTRACT!! LUV Yaxx,im gonnamissu much would say il send u postcard buttheres aboutas much chance merememberin asthere ofsi breakin contract luv yaxx
ham,"You aren't coming home between class, right? I need to work out and shower!",coming home class right need work shower
spam,I don't know u and u don't know me. Send CHAT to 86688 now and let's find each other! Only 150p/Msg rcvd. HG/Suite342/2Lands/Row/W1J6HL LDN. 18 years or over.,know u u know send chat let find p msg rcvd hg suite lands row w j hl ldn years
ham,I will treasure every moment we spend together...,treasure every moment spend together
ham,Reverse is cheating. That is not mathematics.,reverse cheating mathematics
ham,Dear i have reache room,dear reache room
ham,Oh. U must have taken your REAL Valentine out shopping first.,oh u must taken real valentine shopping first
ham,Once free call me sir.,free call sir
ham,JADE ITS PAUL. Y DIDNT U TXT ME? DO U REMEMBER ME FROM BARMED? I WANT 2 TALK 2 U! TXT ME,jade paul u txt u remember barmed want talk u txt
ham,"Call me da, i am waiting for your call.",call da waiting call
ham,Joy's father is John. Then John is the ____ of Joy's father. If u ans ths you hav  &lt;#&gt;  IQ. Tis s IAS question try to answer.,joy father john john joy father u ans ths hav lt gt iq tis ias question try answer
ham,"Sorry I missed you babe. I was up late and slept in. I hope you enjoy your driving lesson, boytoy. I miss you too ... *teasing kiss*",sorry missed babe late slept hope enjoy driving lesson boytoy miss teasing kiss
ham,"Aight text me when you're back at mu and I'll swing by, need somebody to get the door for me",aight text back mu swing need somebody get door
ham,Hey r ü still online? I've finished the formatting...,hey r still online finished formatting
ham,God created gap btwn ur fingers so dat sum1 vry special will fill those gaps by holding ur hands.. Now plz dont ask y he created so much gap between legs !!!,god created gap btwn ur fingers dat sum vry special fill gaps holding ur hands plz dont ask created much gap legs
ham,I'm good. Have you registered to vote?,good registered vote
ham,"Received, understood n acted upon!",received understood n acted upon
ham,"Short But Cute: ""Be a good person, but dont try to prove it.."" .Gud noon....",short cute good person dont try prove gud noon
ham,"chile, please! It's only a  &lt;DECIMAL&gt;  hour drive for me. I come down all the time and will be subletting feb-april for audition season.",chile please lt decimal gt hour drive come time subletting feb april audition season
ham,U havent lost me ill always b here 4u.i didnt intend 2 hurt u but I never knew how u felt about me when Iwas+marine&thats what itried2tell urmom.i careabout u,u lost ill always b u intend hurt u never knew u felt iwas marine itried tell urmom careabout u
ham,Yes I know the cheesy songs from frosty the snowman :),yes know cheesy songs frosty snowman
ham,ok. I am a gentleman and will treat you with dignity and respect.,ok gentleman treat dignity respect
ham,Kindly send some one to our flat before  &lt;DECIMAL&gt;  today.,kindly send one flat lt decimal gt today
ham,"Sorry, I'll call later",sorry call later
ham,I am great! How are you?,great
ham,Fuck cedar key and fuck her (come over anyway tho),fuck cedar key fuck come anyway tho
ham,Mmm thats better now i got a roast down me! id b better if i had a few drinks down me 2! Good indian?,mmm thats better got roast b better drinks good indian
ham,I'm at home. Please call,home please call
spam,FREE camera phones with linerental from 4.49/month with 750 cross ntwk mins. 1/2 price txt bundle deals also avble. Call 08001950382 or call2optout/J MF,free camera phones linerental month cross ntwk mins price txt bundle deals also avble call call optout j mf
spam,URGENT! We are trying to contact U Todays draw shows that you have won a £800 prize GUARANTEED. Call 09050000460 from land line. Claim J89. po box245c2150pm,urgent trying contact u todays draw shows prize guaranteed call land line claim j po box c pm
ham,No de.am seeing in online shop so that i asked.,de seeing online shop asked
ham,"K, my roommate also wants a dubsack and another friend may also want some so plan on bringing extra, I'll tell you when they know for sure",k roommate also wants dubsack another friend may also want plan bringing extra tell know sure
ham,"Wait that's still not all that clear, were you not sure about me being sarcastic or that that's why x doesn't want to live with us",wait still clear sure sarcastic x want live us
ham,Now only i reached home. . . I am very tired now. . I will come tomorro,reached home tired come tomorro
ham,Thanks for yesterday sir. You have been wonderful. Hope you enjoyed the burial. MojiBiola,thanks yesterday sir wonderful hope enjoyed burial mojibiola
ham,Oh k. . I will come tomorrow,oh k come tomorrow
ham,Am I the only one who doesn't stalk profiles?,one stalk profiles
ham,I want to see your pretty pussy...,want see pretty pussy
spam,Do you want a New Nokia 3510i colour phone DeliveredTomorrow? With 300 free minutes to any mobile + 100 free texts + Free Camcorder reply or call 08000930705.,want new nokia colour phone deliveredtomorrow free minutes mobile free texts free camcorder reply call
ham,I gotta collect da car at 6 lei.,got ta collect da car lei
ham,Actually I decided I was too hungry so I haven't left yet :V,actually decided hungry left yet v
ham,Wat r u doing?,wat r u
spam,"You have been specially selected to receive a ""3000 award! Call 08712402050 BEFORE the lines close. Cost 10ppm. 16+. T&Cs apply. AG Promo",specially selected receive award call lines close cost ppm cs apply ag promo
ham,"Arms fine, how's Cardiff and uni? ",arms fine cardiff uni
spam,Thanks for your subscription to Ringtone UK your mobile will be charged £5/month Please confirm by replying YES or NO. If you reply NO you will not be charged,thanks subscription ringtone uk mobile charged month please confirm replying yes reply charged
ham,Pls dont forget to study,pls dont forget study
spam,FREE for 1st week! No1 Nokia tone 4 ur mob every week just txt NOKIA to 8007 Get txting and tell ur mates www.getzed.co.uk POBox 36504 W45WQ norm150p/tone 16+,free st week nokia tone ur mob every week txt nokia get txting tell ur mates pobox w wq norm p tone
spam,"Gr8 Poly tones 4 ALL mobs direct 2u rply with POLY TITLE to 8007 eg POLY BREATHE1 Titles: CRAZYIN, SLEEPINGWITH, FINEST, YMCA :getzed.co.uk POBox365O4W45WQ 300p",gr poly tones mobs direct u rply poly title eg poly breathe titles crazyin sleepingwith finest ymca getzed co uk pobox w wq p
ham,Our ride equally uneventful - not too many of those pesky cyclists around at that time of night ;).,ride equally uneventful many pesky cyclists around time night
ham,I'm on my way home. Went to change batt 4 my watch then go shop a bit lor.,way home went change batt watch go shop bit lor
ham,Sounds great! Are you home now?,sounds great home
ham,Ladies first and genus second k .,ladies first genus second k
ham,Lol wtf random. Btw is that your lunch break,lol wtf random btw lunch break
ham,"Haha awesome, omw back now then",haha awesome omw back
ham,At home also.,home also
ham,Come by our room at some point so we can iron out the plan for this weekend,come room point iron plan weekend
ham,Customer place i will call you,customer place call
ham,Lol yep did that yesterday. Already got my fireplace. Now its just another icon sitting there for me.,lol yep yesterday already got fireplace another icon sitting
ham,Nutter. Cutter. Ctter. Cttergg. Cttargg. Ctargg. Ctagg. ie you,nutter cutter ctter cttergg cttargg ctargg ctagg ie
spam,"Someone U know has asked our dating service 2 contact you! Cant guess who? CALL 09058095107 NOW all will be revealed. POBox 7, S3XY 150p ",someone u know asked dating service contact cant guess call revealed pobox xy p
ham,When you guys planning on coming over?,guys planning coming
ham,Try to do something dear. You read something for exams,try something dear read something exams
ham,U still havent got urself a jacket ah?,u still havent got urself jacket ah
ham,"Dear,regret i cudnt pick call.drove down frm ctla now at cochin home.left mobile in car..ente style ishtamayoo?happy bakrid!",dear regret cudnt pick call drove frm ctla cochin home left mobile car ente style ishtamayoo happy bakrid
ham,No da. . Vijay going to talk in jaya tv,da vijay going talk jaya tv
ham,PICK UR FONE UP NOW U DUMB?,pick ur fone u dumb
ham,So there's a ring that comes with the guys costumes. It's there so they can gift their future yowifes. Hint hint,ring comes guys costumes gift future yowifes hint hint
spam,"Oh my god! I've found your number again! I'm so glad, text me back xafter this msgs cst std ntwk chg £1.50",oh god found number glad text back xafter msgs cst std ntwk chg
ham,"And how you will do that, princess? :)",princess
spam,Welcome! Please reply with your AGE and GENDER to begin. e.g 24M,welcome please reply age gender begin e g
ham,You please give us connection today itself before  &lt;DECIMAL&gt;  or refund the bill,please give us connection today lt decimal gt refund bill
ham,Good night. Am going to sleep.,good night going sleep
ham,"New Theory: Argument wins d SITUATION, but loses the PERSON. So dont argue with ur friends just.. . . . kick them &amp; say, I'm always correct.!",new theory argument wins situation loses person dont argue ur friends kick amp say always correct
ham,For The First Time In The History 'Need' 'Comfort' And 'Luxury' Are Sold At Same Price In India..!! Onion-Rs. &lt;#&gt;  Petrol-Rs. &lt;#&gt;  Beer-Rs. &lt;#&gt;  SHESIL  &lt;#&gt;,first time history need comfort luxury sold price india onion rs lt gt petrol rs lt gt beer rs lt gt shesil lt gt
ham,Hey are we going for the lo lesson or gym? ,hey going lo lesson gym
ham,What time is ur flight tmr?,time ur flight tmr
ham,As if i wasn't having enough trouble sleeping.,enough trouble sleeping
ham,Dear how you. Are you ok?,dear ok
ham,"Go until jurong point, crazy.. Available only in bugis n great world la e buffet... Cine there got amore wat...",go jurong point crazy available bugis n great world la e buffet cine got amore wat
ham,I cant pick the phone right now. Pls send a message,cant pick phone right pls send message
spam,from www.Applausestore.com MonthlySubscription@50p/msg max6/month T&CsC web age16 2stop txt stop,max month csc web age stop txt stop
spam,"URGENT! You have won a 1 week FREE membership in our £100,000 Prize Jackpot! Txt the word: CLAIM to No: 81010 T&C www.dbuk.net LCCLTD POBOX 4403LDNW1A7RW18",urgent week free membership prize jackpot txt word claim c lccltd pobox ldnw rw
ham,Tomorrow i am not going to theatre. . . So i can come wherever u call me. . . Tell me where and when to come tomorrow,tomorrow going theatre come wherever u call tell come tomorrow
ham,Ya very nice. . .be ready on thursday,ya nice ready thursday
ham,"Ah, well that confuses things, doesnt it? I thought was friends with now. Maybe i did the wrong thing but i already sort of invited -tho he may not come cos of money.",ah well confuses things doesnt thought friends maybe wrong thing already sort invited tho may come cos money
ham,Hope you are not scared!,hope scared
ham,Ok cool. See ya then.,ok cool see ya
ham,Your brother is a genius,brother genius
ham,"I promise to take good care of you, princess. I have to run now. Please send pics when you get a chance. Ttyl!",promise take good care princess run please send pics get chance ttyl
ham,And is there a way you can send shade's stuff to her. And she has been wonderful too.,way send shade stuff wonderful
spam,important information 4 orange user . today is your lucky day!2find out why log onto http://www.urawinner.com THERE'S A FANTASTIC SURPRISE AWAITING YOU!,important information orange user today lucky day find log onto fantastic surprise awaiting
ham,"Yeah probably, I still gotta check out with leo",yeah probably still got ta check leo
ham,Dhoni have luck to win some big title.so we will win:),dhoni luck win big title win
ham,"No! But we found a diff farm shop to buy some cheese. On way back now, can i call in?",found diff farm shop buy cheese way back call
ham,Am slow in using biola's fne,slow using biola fne
ham,At the funeral home with Audrey and dad,funeral home audrey dad
ham,She.s find. I sent you an offline message to know how anjola's now.,find sent offline message know anjola
ham,Wylie update: my weed dealer carlos went to freedom and had a class with lunsford,wylie update weed dealer carlos went freedom class lunsford
ham,Oh sorry please its over,oh sorry please
ham,What happen to her tell the truth,happen tell truth
ham,Is there any training tomorrow?,training tomorrow
ham,I cant pick the phone right now. Pls send a message,cant pick phone right pls send message
ham,Sorry da. I gone mad so many pending works what to do.,sorry da gone mad many pending works
ham,Buy one egg for me da..please:),buy one egg da please
spam,URGENT We are trying to contact you Last weekends draw shows u have won a £1000 prize GUARANTEED Call 09064017295 Claim code K52 Valid 12hrs 150p pm,urgent trying contact last weekends draw shows u prize guaranteed call claim code k valid hrs p pm
ham,Dear reached railway. What happen to you,dear reached railway happen
ham,Purity of friendship between two is not about smiling after reading the forwarded message..Its about smiling just by seeing the name. Gud evng musthu,purity friendship two smiling reading forwarded message smiling seeing name gud evng musthu
spam,"UpgrdCentre Orange customer, you may now claim your FREE CAMERA PHONE upgrade for your loyalty. Call now on 0207 153 9153. Offer ends 26th July. T&C's apply. Opt-out available",upgrdcentre orange customer may claim free camera phone upgrade loyalty call offer ends th july c apply opt available
ham,I need... Coz i never go before ,need coz never go
ham,"House-Maid is the murderer, coz the man was murdered on  &lt;#&gt; th January.. As public holiday all govt.instituitions are closed,including post office..understand?",house maid murderer coz man murdered lt gt th january public holiday govt instituitions closed including post office understand
ham,Ok i msg u b4 i leave my house.,ok msg u b leave house
ham,Ok. How many should i buy.,ok many buy
ham,Where to get those?,get
ham,"As usual..iam fine, happy &amp; doing well..:)",usual iam fine happy amp well
spam,"You've won tkts to the EURO2004 CUP FINAL or £800 CASH, to collect CALL 09058099801 b4190604, POBOX 7876150ppm",tkts euro cup final cash collect call b pobox ppm
ham,I dont thnk its a wrong calling between us,dont thnk wrong calling us
ham,Ok i'm coming home now.,ok coming home
spam,"Win the newest “Harry Potter and the Order of the Phoenix (Book 5) reply HARRY, answer 5 questions - chance to be the first among readers!",win newest harry potter order phoenix book reply harry answer questions chance first among readers
ham,"Sorry, I'll call later",sorry call later
ham,"Hey , is * rite u put »10 evey mnth is that all?",hey rite u put evey mnth
ham,What class of  &lt;#&gt;  reunion?,class lt gt reunion
ham,"Once a fishrman woke early in d mrng. It was very dark. He waited a while &amp; found a sack ful of stones. He strtd throwin thm in2 d sea 2 pass time. Atlast he had jus 1stone, sun rose up &amp; he found out tht those r nt stones, those were diamonds. Moral:""Dont wake up early in d mrng'' GOOD night",fishrman woke early mrng dark waited amp found sack ful stones strtd throwin thm sea pass time atlast jus stone sun rose amp found tht r nt stones diamonds moral dont wake early mrng good night
ham,I am taking you for italian food. How about a pretty dress with no panties? :),taking italian food pretty dress panties
ham,I went to ur hon lab but no one is there.,went ur hon lab one
ham,Nan sonathaya soladha. Why boss?,nan sonathaya soladha boss
ham,Siva is in hostel aha:-.,siva hostel aha
ham,U wake up already? Thanx 4 e tau sar piah it's quite nice.,u wake already thanx e tau sar piah quite nice
ham,Po de :-):):-):-):-). No need job aha.,po de need job aha
ham,I've reached already.,reached already
spam,Text BANNEDUK to 89555 to see! cost 150p textoperator g696ga 18+ XXX,text banneduk see cost p textoperator g ga xxx
ham,How are you enjoying this semester? Take care brother.,enjoying semester take care brother
ham,Lol please do. Actually send a pic of yourself right now. I wanna see. Pose with a comb and hair dryer or something.,lol please actually send pic right wan na see pose comb hair dryer something
ham,We walked from my moms. Right on stagwood pass right on winterstone left on victors hill. Address is &lt;#&gt;,walked moms right stagwood pass right winterstone left victors hill address lt gt
spam,"FREE MESSAGE Activate your 500 FREE Text Messages by replying to this message with the word FREE For terms & conditions, visit www.07781482378.com",free message activate free text messages replying message word free terms conditions visit
spam,You have won a Nokia 7250i. This is what you get when you win our FREE auction. To take part send Nokia to 86021 now. HG/Suite342/2Lands Row/W1JHL 16+,nokia get win free auction take part send nokia hg suite lands row w jhl
ham,Honey boo I'm missing u.,honey boo missing u
ham,Lolnice. I went from a fish to ..water.?,lolnice went fish water
ham,I am not at all happy with what you saying or doing,happy saying
ham,R u meeting da ge at nite tmr?,r u meeting da ge nite tmr
ham,How stupid to say that i challenge god.You dont think at all on what i write instead you respond immed.,stupid say challenge god dont think write instead respond immed
ham,Shall I bring us a bottle of wine to keep us amused? Only joking! I‘ll bring one anyway,shall bring us bottle wine keep us amused joking bring one anyway
ham,By monday next week. Give me the full gist,monday next week give full gist
ham,"Buzz! Hey, my Love ! I think of you and hope your day goes well. Did you sleep in ? I miss you babe. I long for the moment we are together again*loving smile*",buzz hey love think hope day goes well sleep miss babe long moment together loving smile
ham,Happy birthday to you....dear.with lots of love.rakhesh NRI,happy birthday dear lots love rakhesh nri
ham,"I'm gonna be home soon and i don't want to talk about this stuff anymore tonight, k? I've cried enough today.",gon na home soon want talk stuff anymore tonight k cried enough today
ham,Let there be snow. Let there be snow. This kind of weather brings ppl together so friendships can grow.,let snow let snow kind weather brings ppl together friendships grow
ham,"(I should add that I don't really care and if you can't I can at least get this dude to fuck off but hey, your money if you want it)",add really care least get dude fuck hey money want
ham,S:)8 min to go for lunch:),min go lunch
ham,"You know, wot people wear. T shirts, jumpers, hat, belt, is all we know. We r at Cribbs",know wot people wear shirts jumpers hat belt know r cribbs
ham,K...k...when will you give treat?,k k give treat
ham,"Just gettin a bit arty with my collages at the mo, well tryin 2 ne way! Got a roast in a min lovely i shall enjoy that!",gettin bit arty collages mo well tryin ne way got roast min lovely shall enjoy
ham,Am surfing online store. For offers do you want to buy any thing.,surfing online store offers want buy thing
ham,You want to go? ,want go
ham,Then we gotta do it after that,got ta
ham,Prabha..i'm soryda..realy..frm heart i'm sory,prabha soryda realy frm heart sory
ham,S....s...india going to draw the series after many years in south african soil..,india going draw series many years south african soil
ham,Ok i vl..do u know i got adsense approved..,ok vl u know got adsense approved
ham,Ok but tell me half an hr b4 u come i need 2 prepare.,ok tell half hr b u come need prepare
ham,Just now saw your message.it k da:),saw message k da
spam,FREE for 1st week! No1 Nokia tone 4 ur mobile every week just txt NOKIA to 8077 Get txting and tell ur mates. www.getzed.co.uk POBox 36504 W45WQ 16+ norm150p/tone,free st week nokia tone ur mobile every week txt nokia get txting tell ur mates pobox w wq norm p tone
ham,My love ... I hope your not doing anything drastic. Don't you dare sell your pc or your phone ...,love hope anything drastic dare sell pc phone
ham,COME BACK TO TAMPA FFFFUUUUUUU,come back tampa ffffuuuuuuu
ham,Well there's a pattern emerging of my friends telling me to drive up and come smoke with them and then telling me that I'm a weed fiend/make them smoke too much/impede their doing other things so you see how I'm hesitant,well pattern emerging friends telling drive come smoke telling weed fiend make smoke much impede things see hesitant
ham,Cos daddy arranging time c wat time fetch ü mah...,cos daddy arranging time c wat time fetch mah
ham,In other news after hassling me to get him weed for a week andres has no money. HAUGHAIGHGTUJHYGUJ,news hassling get weed week andres money haughaighgtujhyguj
ham,Just normal only here :),normal
ham,Cant think of anyone with * spare room off * top of my head,cant think anyone spare room top head
ham,Please reserve ticket on saturday eve from chennai to thirunelvali and again from tirunelvali to chennai on sunday eve...i already see in net..no ticket available..i want to book ticket through tackle ..,please reserve ticket saturday eve chennai thirunelvali tirunelvali chennai sunday eve already see net ticket available want book ticket tackle
ham,Stupid.its not possible,stupid possible
ham,Are u coming to the funeral home,u coming funeral home
spam,Summers finally here! Fancy a chat or flirt with sexy singles in yr area? To get MATCHED up just reply SUMMER now. Free 2 Join. OptOut txt STOP Help08714742804,summers finally fancy chat flirt sexy singles yr area get matched reply summer free join optout txt stop help
ham,I'm really sorry I lit your hair on fire,really sorry lit hair fire
ham,Is she replying. Has boye changed his phone number,replying boye changed phone number
spam,Sunshine Quiz Wkly Q! Win a top Sony DVD player if u know which country Liverpool played in mid week? Txt ansr to 82277. £1.50 SP:Tyrone,sunshine quiz wkly q win top sony dvd player u know country liverpool played mid week txt ansr sp tyrone
spam,"Urgent! call 09066350750 from your landline. Your complimentary 4* Ibiza Holiday or 10,000 cash await collection SAE T&Cs PO BOX 434 SK3 8WP 150 ppm 18+ ",urgent call landline complimentary ibiza holiday cash await collection sae cs po box sk wp ppm
ham,"How's my loverboy doing ? What does he do that keeps him from coming to his Queen, hmmm ? Doesn't he ache to speak to me ? Miss me desparately ?",loverboy keeps coming queen hmmm ache speak miss desparately
ham,"alright, I'll make sure the car is back tonight",alright make sure car back tonight
ham,Ummmmmaah Many many happy returns of d day my dear sweet heart.. HAPPY BIRTHDAY dear,ummmmmaah many many happy returns day dear sweet heart happy birthday dear
ham,Are you available for soiree on June 3rd?,available soiree june rd
spam,Well done ENGLAND! Get the official poly ringtone or colour flag on yer mobile! text TONE or FLAG to 84199 NOW! Opt-out txt ENG STOP. Box39822 W111WX £1.50,well done england get official poly ringtone colour flag yer mobile text tone flag opt txt eng stop box w wx
ham,Aiyah ok wat as long as got improve can already wat...,aiyah ok wat long got improve already wat
spam,YOU ARE CHOSEN TO RECEIVE A £350 AWARD! Pls call claim number 09066364311 to collect your award which you are selected to receive as a valued mobile customer.,chosen receive award pls call claim number collect award selected receive valued mobile customer
ham,Watching tv now. I got new job :),watching tv got new job
ham,Ü v ma fan...,v fan
ham,Crucify is c not s. You should have told me earlier.,crucify c told earlier
ham,Your opinion about me? 1. Over 2. Jada 3. Kusruthi 4. Lovable 5. Silent 6. Spl character 7. Not matured 8. Stylish 9. Simple Pls reply..,opinion jada kusruthi lovable silent spl character matured stylish simple pls reply
ham,"Remember all those whom i hurt during days of satanic imposter in me.need to pay a price,so be it.may destiny keep me going and as u said pray that i get the mind to get over the same.",remember hurt days satanic imposter need pay price may destiny keep going u said pray get mind get
ham,Hey what are you doing. Y no reply pa..,hey reply pa
spam,Want explicit SEX in 30 secs? Ring 02073162414 now! Costs 20p/min,want explicit sex secs ring costs p min
ham,Lol they were mad at first but then they woke up and gave in.,lol mad first woke gave
ham,Will be office around 4 pm. Now i am going hospital.,office around pm going hospital
ham,Babe ? I lost you ... Will you try rebooting ?,babe lost try rebooting
ham,Rofl betta invest in some  anti aging products,rofl betta invest anti aging products
ham,Let me know how it changes in the next 6hrs. It can even be appendix but you are out of that age range. However its not impossible. So just chill and let me know in 6hrs,let know changes next hrs even appendix age range however impossible chill let know hrs
ham,Am okay. Will soon be over. All the best,okay soon best
ham,Lmao ok I wont be needing u to do my hair anymore.,lmao ok wont needing u hair anymore
ham,"Sorry battery died, yeah I'm here",sorry battery died yeah
ham,I meant middle left or right?,meant middle left right
ham,"Sorry, I can't text &amp; drive coherently, see you in twenty",sorry text amp drive coherently see twenty
ham,Mm umma ask vava also to come tell him can play later together,mm umma ask vava also come tell play later together
ham,Tell my  bad character which u Dnt lik in me. I'll try to change in  &lt;#&gt; . I ll add tat 2 my new year resolution. Waiting for ur reply.Be frank...good morning.,tell bad character u dnt lik try change lt gt add tat new year resolution waiting ur reply frank good morning
spam,PRIVATE! Your 2003 Account Statement for 078,private account statement
spam,Congrats! Nokia 3650 video camera phone is your Call 09066382422 Calls cost 150ppm Ave call 3mins vary from mobiles 16+ Close 300603 post BCM4284 Ldn WC1N3XX,congrats nokia video camera phone call calls cost ppm ave call mins vary mobiles close post bcm ldn wc n xx
ham,Lol that's different. I don't go trying to find every real life photo you ever took.,lol different go trying find every real life photo ever took
ham,"Living is very simple.. Loving is also simple.. Laughing is too simple.. Winning is tooo simple.. But, being 'SIMPLE' is very difficult.. Gud nte.:-",living simple loving also simple laughing simple winning tooo simple simple difficult gud nte
ham,What's happening with you. Have you gotten a job and have you begun registration for permanent residency,happening gotten job begun registration permanent residency
ham,Sending you greetings of joy and happiness. Do have a gr8 evening,sending greetings joy happiness gr evening
ham,Poor girl can't go one day lmao,poor girl go one day lmao
ham," came to look at the flat, seems ok, in his 50s? * Is away alot wiv work. Got woman coming at 6.30 too.",came look flat seems ok away alot wiv work got woman coming
spam,Great News! Call FREEFONE 08006344447 to claim your guaranteed £1000 CASH or £2000 gift. Speak to a live operator NOW!,great news call freefone claim guaranteed cash gift speak live operator
spam,"URGENT! Your mobile No 077xxx WON a £2,000 Bonus Caller Prize on 02/06/03! This is the 2nd attempt to reach YOU! Call 09066362206 ASAP! BOX97N7QP, 150ppm",urgent mobile xxx bonus caller prize nd attempt reach call asap box n qp ppm
ham,Y so late but i need to go n get da laptop...,late need go n get da laptop
spam,FROM 88066 LOST £12 HELP,lost help
ham,Can you use foreign stamps for whatever you send them off for? ,use foreign stamps whatever send
ham,"Right on brah, see you later",right brah see later
ham,I know that my friend already told that.,know friend already told
ham,"Are you sure you don't mean ""get here, we made you hold all the weed""",sure mean get made hold weed
ham,You should get more chicken broth if you want ramen unless there's some I don't know about,get chicken broth want ramen unless know
ham,"Cool, text me when you're ready",cool text ready
ham,You made my day. Do have a great day too.,made day great day
ham,I thank you so much for all you do with selflessness. I love you plenty.,thank much selflessness love plenty
ham,aathi..where are you dear..,aathi dear
ham,Enjoy urself tmr...,enjoy urself tmr
ham,Minimum walk is 3miles a day.,minimum walk miles day
ham,Well. Balls. Time to make calls,well balls time make calls
ham,Anyway holla at me whenever you're around because I need an excuse to go creep on people in sarasota,anyway holla whenever around need excuse go creep people sarasota
ham,"Dear relieved of westonzoyland, all going to plan this end too!",dear relieved westonzoyland going plan end
ham,Jason says it's cool if we pick some up from his place in like an hour,jason says cool pick place like hour
spam,A £400 XMAS REWARD IS WAITING FOR YOU! Our computer has randomly picked you from our loyal mobile customers to receive a £400 reward. Just call 09066380611 ,xmas reward waiting computer randomly picked loyal mobile customers receive reward call
ham,Hey you still want to go for yogasana? Coz if we end at cine then can go bathe and hav the steam bath,hey still want go yogasana coz end cine go bathe hav steam bath
ham,"Two fundamentals of cool life: ""Walk, like you are the KING""...! OR ""Walk like you Dont care,whoever is the KING""!... Gud nyt",two fundamentals cool life walk like king walk like dont care whoever king gud nyt
ham,"A bit of Ur smile is my hppnss, a drop of Ur tear is my sorrow, a part of Ur heart is my life, a heart like mine wil care for U, forevr as my GOODFRIEND",bit ur smile hppnss drop ur tear sorrow part ur heart life heart like mine wil care u forevr goodfriend
ham,Ok... Take ur time n enjoy ur dinner...,ok take ur time n enjoy ur dinner
ham,I wanna watch that movie,wan na watch movie
ham,I don't know jack shit about anything or i'd say/ask something helpful but if you want you can pretend that I did and just text me whatever in response to the hypotheticalhuagauahahuagahyuhagga,know jack shit anything say ask something helpful want pretend text whatever response hypotheticalhuagauahahuagahyuhagga
ham,Haha... Yup hopefully  we will lose a few kg by mon. after hip hop can go orchard and weigh again,haha yup hopefully lose kg mon hip hop go orchard weigh
ham,So do you have samus shoulders yet,samus shoulders yet
ham,O was not into fps then.,fps
ham,"Actually, my mobile is full of msg. And i m doing a work online, where i need to send them  &lt;#&gt;  sent msg i wil explain u later.",actually mobile full msg work online need send lt gt sent msg wil explain u later
ham,Oh ya ya. I remember da. .,oh ya ya remember da
ham,HARD BUT TRUE: How much you show &amp;  express your love to someone....that much it will hurt when they leave you or you get seperated...!鈥┾??〨ud evening...,hard true much show amp express love someone much hurt leave get seperated ud evening
ham,"Can you please ask macho what his price range is, does he want something new or used plus it he only interfued in the blackberry bold  &lt;#&gt;  or any bb",please ask macho price range want something new used plus interfued blackberry bold lt gt bb
ham,Nothing but we jus tot u would ask cos u ba gua... But we went mt faber yest... Yest jus went out already mah so today not going out... Jus call lor...,nothing jus tot u would ask cos u ba gua went mt faber yest yest jus went already mah today going jus call lor
spam,SMS AUCTION You have won a Nokia 7250i. This is what you get when you win our FREE auction. To take part send Nokia to 86021 now. HG/Suite342/2Lands Row/W1JHL 16+,sms auction nokia get win free auction take part send nokia hg suite lands row w jhl
spam,U are subscribed to the best Mobile Content Service in the UK for £3 per ten days until you send STOP to 83435. Helpline 08706091795.,u subscribed best mobile content service uk per ten days send stop helpline
ham,"No worries, hope photo shoot went well. have a spiffing fun at workage. ",worries hope photo shoot went well spiffing fun workage
ham,Yes:)here tv is always available in work place..,yes tv always available work place
ham,"Hmm, too many of them unfortunately... Pics obviously arent hot cakes. Its kinda fun tho",hmm many unfortunately pics obviously arent hot cakes kinda fun tho
ham,Imagine Life WITHOUT ME... see.. How fast u are searching me?Don't worry.. l'm always there To disturb U.. Goodnoon..:),imagine life without see fast u searching worry l always disturb u goodnoon
ham,Ok.,ok
ham,"House-Maid is the murderer, coz the man was murdered on  &lt;#&gt; th January.. As public holiday all govt.instituitions are closed,including post office..understand?",house maid murderer coz man murdered lt gt th january public holiday govt instituitions closed including post office understand
ham,"sure, but make sure he knows we ain't smokin yet",sure make sure knows smokin yet
ham,You can jot down things you want to remember later.,jot things want remember later
ham,Yar lor... How u noe? U used dat route too?,yar lor u noe u used dat route
ham,I will come with karnan car. Please wait till 6pm will directly goto doctor.,come karnan car please wait till pm directly goto doctor
ham,Ay wana meet on sat?ü wkg on sat?,ay wana meet sat wkg sat
ham,Ill be at yours in about 3 mins but look out for me,ill mins look
ham,Sorry that was my uncle. I.ll keep in touch,sorry uncle keep touch
ham,Are we doing the norm tomorrow? I finish just a 4.15 cos of st tests. Need to sort library stuff out at some point tomo - got letter from today - access til end march so i better get move on!,norm tomorrow finish cos st tests need sort library stuff point tomo got letter today access til end march better get move
ham,Hey whats up? U sleeping all morning?,hey whats u sleeping morning
ham,hope things went well at 'doctors' ;) reminds me i still need 2go.did u c d little thing i left in the lounge?,hope things went well doctors reminds still need go u c little thing left lounge
ham,Wherre's my boytoy ? :-(,wherre boytoy
ham,BABE !!! I miiiiiiissssssssss you ! I need you !!! I crave you !!! :-( ... Geeee ... I'm so sad without you babe ... I love you ...,babe miiiiiiissssssssss need crave geeee sad without babe love
ham,Wrong phone! This phone! I answer this one but assume the other is people i don't well,wrong phone phone answer one assume people well
ham,Goodmorning sleeping ga.,goodmorning sleeping ga
ham,Oh and by the way you do have more food in your fridge! Want to go out for a meal tonight? ,oh way food fridge want go meal tonight
ham,4 oclock at mine. Just to bash out a flat plan.,oclock mine bash flat plan
ham,Yup... From what i remb... I think should be can book... ,yup remb think book
ham,Great! I shoot big loads so get ready!,great shoot big loads get ready
ham,"Cool, want me to go to kappa or should I meet you outside mu",cool want go kappa meet outside mu
spam,Good Luck! Draw takes place 28th Feb 06. Good Luck! For removal send STOP to 87239 customer services 08708034412,good luck draw takes place th feb good luck removal send stop customer services
ham,S but mostly not like that.,mostly like
ham,No * am working on the ringing u thing but have whole houseful of screaming brats so * am pulling my hair out! Loving u,working ringing u thing whole houseful screaming brats pulling hair loving u
ham,Im done. Just studyn in library,im done studyn library
ham,"Haha... Where got so fast lose weight, thk muz go 4 a month den got effect... Gee,later we go aust put bk e weight.",haha got fast lose weight thk muz go month den got effect gee later go aust put bk e weight
ham,Lol boo I was hoping for a laugh,lol boo hoping laugh
ham,Wewa is 130. Iriver 255. All 128 mb.,wewa iriver mb
ham,Pansy! You've been living in a jungle for two years! Its my driving you should be more worried about!,pansy living jungle two years driving worried
ham,I am joining today formally.Pls keep praying.will talk later.,joining today formally pls keep praying talk later
ham,Sun ah... Thk mayb can if dun have anythin on... Thk have to book e lesson... E pilates is at orchard mrt u noe hor...  ,sun ah thk mayb dun anythin thk book e lesson e pilates orchard mrt u noe hor
ham,Olol i printed out a forum post by a guy with the exact same  prob which was fixed with a gpu replacement. Hopefully they dont ignore that.,olol printed forum post guy exact prob fixed gpu replacement hopefully dont ignore
ham,Have a good evening! Ttyl,good evening ttyl
ham,Hi' Test on  &lt;#&gt; rd ....,hi test lt gt rd
ham,Must come later.. I normally bathe him in da afternoon mah..,must come later normally bathe da afternoon mah
ham,But i'll b going 2 sch on mon. My sis need 2 take smth.,b going sch mon sis need take smth
ham,Oops I was in the shower when u called. Hey a parking garage collapsed at university hospital. See I'm not crazy. Stuff like that DOES happen.,oops shower u called hey parking garage collapsed university hospital see crazy stuff like happen
ham,I wnt to buy a BMW car urgently..its vry urgent.but hv a shortage of  &lt;#&gt; Lacs.there is no source to arng dis amt. &lt;#&gt; lacs..thats my prob,wnt buy bmw car urgently vry urgent hv shortage lt gt lacs source arng dis amt lt gt lacs thats prob
spam,IMPORTANT MESSAGE. This is a final contact attempt. You have important messages waiting out our customer claims dept. Expires 13/4/04. Call 08717507382 NOW!,important message final contact attempt important messages waiting customer claims dept expires call
ham,Black shirt n blue jeans... I thk i c ü...,black shirt n blue jeans thk c
ham,"Awesome question with a cute answer: Someone asked a boy ""how is ur life?"" . . He smiled &amp; answered: . . ""She is fine!"" Gudnite",awesome question cute answer someone asked boy ur life smiled amp answered fine gudnite
ham,What are youdoing later? Sar xxx,youdoing later sar xxx
ham,Keep my payasam there if rinu brings,keep payasam rinu brings
ham,Are you plans with your family set in stone ?,plans family set stone
ham,"Ok., is any problem to u frm him? Wats matter?",ok problem u frm wats matter
ham,Nice talking to you! please dont forget my pix :) i want to see all of you...,nice talking please dont forget pix want see
ham,I am in a marriage function,marriage function
ham,I am not having her number sir,number sir
spam,"Sunshine Hols. To claim ur med holiday send a stamped self address envelope to Drinks on Us UK, PO Box 113, Bray, Wicklow, Eire. Quiz Starts Saturday! Unsub Stop",sunshine hols claim ur med holiday send stamped self address envelope drinks us uk po box bray wicklow eire quiz starts saturday unsub stop
ham,Aiyah e rain like quite big leh. If drizzling i can at least run home.,aiyah e rain like quite big leh drizzling least run home
spam,88800 and 89034 are premium phone services call 08718711108,premium phone services call
ham,So is there anything specific I should be doing with regards to jaklin or what because idk what the fuck,anything specific regards jaklin idk fuck
ham, and  picking them up from various points,picking various points
ham,Mark works tomorrow. He gets out at 5. His work is by your house so he can meet u afterwards.,mark works tomorrow gets work house meet u afterwards
ham,Yup i've finished c ü there...,yup finished c
ham,"That's what I love to hear :V see you sundayish, then",love hear v see sundayish
spam,Urgent Please call 09066612661 from landline. £5000 cash or a luxury 4* Canary Islands Holiday await collection. T&Cs SAE award. 20M12AQ. 150ppm. 16+ “,urgent please call landline cash luxury canary islands holiday await collection cs sae award aq ppm
ham,Y ü wan to go there? C doctor?,wan go c doctor
ham,"Today is ""song dedicated day.."" Which song will u dedicate for me? Send this to all ur valuable frnds but first rply me...",today song dedicated day song u dedicate send ur valuable frnds first rply
ham,Not a drop in the tank,drop tank
spam,PRIVATE! Your 2003 Account Statement for shows 800 un-redeemed S.I.M. points. Call 08715203685 Identifier Code:4xx26 Expires 13/10/04,private account statement shows un redeemed points call identifier code xx expires
ham,I thk ü gotta go home by urself. Cos i'll b going out shopping 4 my frens present. ,thk got ta go home urself cos b going shopping frens present
ham,Why nothing. Ok anyway give me treat,nothing ok anyway give treat
ham,Where @,
spam,Panasonic & BluetoothHdset FREE. Nokia FREE. Motorola FREE & DoubleMins & DoubleTxt on Orange contract. Call MobileUpd8 on 08000839402 or call 2optout,panasonic bluetoothhdset free nokia free motorola free doublemins doubletxt orange contract call mobileupd call optout
ham,HMM yeah if your not too grooved out! And im looking forward to my pound special :),hmm yeah grooved im looking forward pound special
ham,My trip was ok but quite tiring lor. Uni starts today but it's ok 4 me cos i'm not taking any modules but jus concentrating on my final yr project.,trip ok quite tiring lor uni starts today ok cos taking modules jus concentrating final yr project
ham,"Sorry man, accidentally left my phone on silent last night and didn't check it til I got up",sorry man accidentally left phone silent last night check til got
ham,Does daddy have a bb now.,daddy bb
ham,Tmr then ü brin lar... Aiya later i come n c lar... Mayb ü neva set properly ü got da help sheet wif ü...,tmr brin lar aiya later come n c lar mayb neva set properly got da help sheet wif
ham,Thats cool! I am a gentleman and will treat you with dignity and respect.,thats cool gentleman treat dignity respect
spam,"FREE GAME. Get Rayman Golf 4 FREE from the O2 Games Arcade. 1st get UR games settings. Reply POST, then save & activ8. Press 0 key for Arcade. Termsapply",free game get rayman golf free games arcade st get ur games settings reply post save activ press key arcade termsapply
ham,Ok...,ok
ham,Ü dun wan to watch infernal affair?,dun wan watch infernal affair
ham,Sorry. You never hear unless you book it. One was kinda a joke--thet were really looking for skinny white girls. The other was one line--you can only do so much on camera with that. Something like that they're casting on the look.,sorry never hear unless book one kinda joke thet really looking skinny white girls one line much camera something like casting look
ham,Hurt me... Tease me... Make me cry... But in the end of my life when i die plz keep one rose on my grave and say STUPID I MISS U.. HAVE A NICE DAY BSLVYL,hurt tease make cry end life die plz keep one rose grave say stupid miss u nice day bslvyl
ham,All e best 4 ur exam later.,e best ur exam later
ham,I'll pick you up at about 5.15pm to go to taunton if you still want to come.,pick pm go taunton still want come
ham,"Honeybee Said: *I'm d Sweetest in d World* God Laughed &amp; Said: *Wait,U Havnt Met d Person Reading This Msg* MORAL: Even GOD Can Crack Jokes! GM+GN+GE+GN:)",honeybee said sweetest world god laughed amp said wait u havnt met person reading msg moral even god crack jokes gm gn ge gn
ham,Omg I want to scream. I weighed myself and I lost more weight! Woohoo!,omg want scream weighed lost weight woohoo
ham,Hope youre not having too much fun without me!! see u tomorrow love jess x,hope much fun without see u tomorrow love jess x
ham,"Night has ended for another day, morning has come in a special way. May you smile like the sunny rays and leaves your worries at the blue blue bay. Gud mrng",night ended another day morning come special way may smile like sunny rays leaves worries blue blue bay gud mrng
ham,Ok...,ok
spam,INTERFLORA - It's not too late to order Interflora flowers for christmas call 0800 505060 to place your order before Midnight tomorrow.,interflora late order interflora flowers christmas call place order midnight tomorrow
ham,Yo you around? A friend of mine's lookin to pick up later tonight,yo around friend mine lookin pick later tonight
ham,Long after I quit. I get on only like 5 minutes a day as it is.,long quit get like minutes day
ham,No. On the way home. So if not for the long dry spell the season would have been over,way home long dry spell season would
ham,"Science tells that chocolate will melt under the sunlight. Please don't walk under the sunlight. BCoz,I don't want to loss a sweet friend.",science tells chocolate melt sunlight please walk sunlight bcoz want loss sweet friend
ham,"HI HUN! IM NOT COMIN 2NITE-TELL EVERY1 IM SORRY 4 ME, HOPE U AVA GOODTIME!OLI RANG MELNITE IFINK IT MITE B SORTED,BUT IL EXPLAIN EVERYTHIN ON MON.L8RS.x",hi hun im comin nite tell every im sorry hope u ava goodtime oli rang melnite ifink mite b sorted il explain everythin mon l rs x
ham,Exactly. Anyways how far. Is jide her to study or just visiting,exactly anyways far jide study visiting
ham,Ok...,ok
ham,Just finished eating. Got u a plate. NOT leftovers this time.,finished eating got u plate leftovers time
ham,"I'm not smoking while people use ""wylie smokes too much"" to justify ruining my shit",smoking people use wylie smokes much justify ruining shit
ham,Hi:)cts employee how are you?,hi cts employee
ham,WOT STUDENT DISCOUNT CAN U GET ON BOOKS?,wot student discount u get books
ham,Anything lar...,anything lar
ham,You got called a tool?,got called tool
ham,Yeah just open chat and click friend lists. Then make the list. Easy as pie,yeah open chat click friend lists make list easy pie
ham,Wanna do some art?! :D,wan na art
ham,"Call me. I m unable to cal. Lets meet bhaskar, and deep",call unable cal lets meet bhaskar deep
ham,Thought we could go out for dinner. I'll treat you! Seem ok?,thought could go dinner treat seem ok
ham,"We are hoping to get away by 7, from Langport. You still up for town tonight?",hoping get away langport still town tonight
ham,No but the bluray player can,bluray player
ham,Where are you ? What are you doing ? Are yuou working on getting the pc to your mom's ? Did you find a spot that it would work ? I need you,yuou working getting pc mom find spot would work need
ham,Hi where you. You in home or calicut?,hi home calicut
ham,Life style garments account no please.,life style garments account please
ham,Was actually sleeping and still might when u call back. So a text is gr8. You rock sis. Will send u a text wen i wake.,actually sleeping still might u call back text gr rock sis send u text wen wake
ham,"Yeah work is fine, started last week, all the same stuff as before, dull but easy and guys are fun!",yeah work fine started last week stuff dull easy guys fun
ham,Yes! How is a pretty lady like you single?,yes pretty lady like single
ham,Hey company elama po mudyadhu.,hey company elama po mudyadhu
spam,You have won a Nokia 7250i. This is what you get when you win our FREE auction. To take part send Nokia to 86021 now. HG/Suite342/2Lands Row/W1JHL 16+,nokia get win free auction take part send nokia hg suite lands row w jhl
ham,Hahaha..use your brain dear,hahaha use brain dear
ham,Everybody had fun this evening. Miss you.,everybody fun evening miss
ham,R U &SAM P IN EACHOTHER. IF WE MEET WE CAN GO 2 MY HOUSE,r u sam p eachother meet go house
ham,watever reLation u built up in dis world only thing which remains atlast iz lonlines with lotz n lot memories! feeling..,watever relation u built dis world thing remains atlast iz lonlines lotz n lot memories feeling
ham,Gokila is talking with you aha:),gokila talking aha
ham,"Wen ur lovable bcums angry wid u, dnt take it seriously.. Coz being angry is d most childish n true way of showing deep affection, care n luv!.. kettoda manda... Have nice day da.",wen ur lovable bcums angry wid u dnt take seriously coz angry childish n true way showing deep affection care n luv kettoda manda nice day da
ham,K:)eng rocking in ashes:),k eng rocking ashes
ham,"Mum, hope you are having a great day. Hoping this text meets you well and full of life. Have a great day. Abiola",mum hope great day hoping text meets well full life great day abiola
ham,Aiyo u so poor thing... Then u dun wan 2 eat? U bathe already?,aiyo u poor thing u dun wan eat u bathe already
ham,"I've got  &lt;#&gt; , any way I could pick up?",got lt gt way could pick
ham,Hmm...Bad news...Hype park plaza $700 studio taken...Only left 2 bedrm-$900...,hmm bad news hype park plaza studio taken left bedrm
ham,And maybe some pressies,maybe pressies
ham,Do you know when the result.,know result
ham,THING R GOOD THANX GOT EXAMS IN MARCH IVE DONE NO REVISION? IS FRAN STILL WITH BOYF? IVE GOTTA INTERVIW 4 EXETER BIT WORRIED!x,thing r good thanx got exams march ive done revision fran still boyf ive got ta interviw exeter bit worried x
ham,Well there's still a bit left if you guys want to tonight,well still bit left guys want tonight
ham,"4 tacos + 1 rajas burrito, right?",tacos rajas burrito right
ham,I was about to do it when i texted. I finished a long time ago and showered and er'ything!,texted finished long time ago showered er ything
ham,Great! I have to run now so ttyl!,great run ttyl
spam,You are being ripped off! Get your mobile content from www.clubmoby.com call 08717509990 poly/true/Pix/Ringtones/Games six downloads for only 3,ripped get mobile content call poly true pix ringtones games six downloads
ham,Jesus christ bitch I'm trying to give you drugs answer your fucking phone,jesus christ bitch trying give drugs answer fucking phone
ham,"Okey dokey, i‘ll be over in a bit just sorting some stuff out.",okey dokey bit sorting stuff
ham,"Call me, i am senthil from hsbc.",call senthil hsbc
ham,"Looks like you found something to do other than smoke, great job!",looks like found something smoke great job
ham,HI DARLIN HOW WAS WORK DID U GET INTO TROUBLE? IJUST TALKED TO YOUR MUM ALL MORNING! I HAD A REALLY GOOD TIME LAST NIGHT IM GOIN OUT SOON BUT CALL ME IF U CAN,hi darlin work u get trouble ijust talked mum morning really good time last night im goin soon call u
ham,"Sorry, I'll call later",sorry call later
ham,We stopped to get ice cream and will go back after,stopped get ice cream go back
ham,Yes there were many sweets,yes many sweets
ham,Then dun wear jeans lor...,dun wear jeans lor
ham,Also maaaan are you missing out,also maaaan missing
ham,"Yes..but they said its IT.,",yes said
spam,Natalie (20/F) is inviting you to be her friend. Reply YES-165 or NO-165 See her: www.SMS.ac/u/natalie2k9 STOP? Send STOP FRND to 62468,natalie f inviting friend reply yes see stop send stop frnd
ham,"Japanese Proverb: If one Can do it, U too Can do it, If none Can do it,U must do it Indian version: If one Can do it, LET HIM DO it.. If none Can do it,LEAVE it!! And finally Kerala version: If one can do it, Stop him doing it.. If none can do it, Make a strike against it ...",japanese proverb one u none u must indian version one let none leave finally kerala version one stop none make strike
ham,"Im cool ta luv but v.tired 2 cause i have been doin loads of planning all wk, we have got our social services inspection at the nursery! Take care & spk sn x.",cool ta luv v tired cause doin loads planning wk got social services inspection nursery take care spk sn x
ham,Dear good morning how you feeling dear,dear good morning feeling dear
ham,K:)k.are you in college?,k k college
ham,"God picked up a flower and dippeditinaDEW, lovingly touched itwhichturnedinto u, and the he gifted tomeandsaid,THIS FRIEND IS 4U",god picked flower dippeditinadew lovingly touched itwhichturnedinto u gifted tomeandsaid friend u
ham,I'm home...,home
ham,This girl does not stay in bed. This girl doesn't need recovery time. Id rather pass out while having fun then be cooped up in bed,girl stay bed girl need recovery time id rather pass fun cooped bed
ham,So u wan 2 come for our dinner tonight a not?,u wan come dinner tonight
ham,"It's ok, at least armand's still around",ok least armand still around
ham,Then why you not responding,responding
ham,Oh yeah I forgot. U can only take 2 out shopping at once.,oh yeah forgot u take shopping
ham,Let's pool our money together and buy a bunch of lotto tickets. If we win I get &lt;#&gt; % u get &lt;#&gt; %. Deal?,let pool money together buy bunch lotto tickets win get lt gt u get lt gt deal
ham,I actually did for the first time in a while. I went to bed not too long after i spoke with you. Woke up at 7. How was your night?,actually first time went bed long spoke woke night
ham,"Aight, we'll head out in a few",aight head
ham,Btw regarding that we should really try to see if anyone else can be our 4th guy before we commit to a random dude,btw regarding really try see anyone else th guy commit random dude
ham,Thanks for sending this mental ability question..,thanks sending mental ability question
ham,S.this will increase the chance of winning.,increase chance winning
ham,My exam is for february 4. Wish you a great day.,exam february wish great day
ham,"Also sir, i sent you an email about how to log into the usc payment portal. I.ll send you another message that should explain how things are back home. Have a great weekend.",also sir sent email log usc payment portal send another message explain things back home great weekend
ham,Yeah but which is worse for i,yeah worse
ham,Hmm...my uncle just informed me that he's paying the school directly. So pls buy food.,hmm uncle informed paying school directly pls buy food
ham,When is school starting. Where will you stay. What's the weather like. And the food. Do you have a social support system like friends in the school. All these things are important.,school starting stay weather like food social support system like friends school things important
spam,FREEMSG: Our records indicate you may be entitled to 3750 pounds for the Accident you had. To claim for free reply with YES to this msg. To opt out text STOP,freemsg records indicate may entitled pounds accident claim free reply yes msg opt text stop
ham,I cant wait to see you! How were the photos were useful? :),cant wait see photos useful
ham,When should I come over?,come
ham,Did you try making another butt.,try making another butt
ham,Ü wait 4 me in sch i finish ard 5..,wait sch finish ard
ham,What r u cooking me for dinner?,r u cooking dinner
ham,Hope you are having a great day.,hope great day
ham,My birthday is on feb  &lt;#&gt;  da. .,birthday feb lt gt da
ham,Yup. Izzit still raining heavily cos i'm in e mrt i can't c outside.,yup izzit still raining heavily cos e mrt c outside
ham,Anything...,anything
ham,Lol no. U can trust me.,lol u trust
ham,No she didnt. I will search online and let you know.,didnt search online let know
ham,Hello! How's you and how did saturday go? I was just texting to see if you'd decided to do anything tomo. Not that i'm trying to invite myself or anything!,hello saturday go texting see decided anything tomo trying invite anything
ham,I am back. Bit long cos of accident on a30. Had to divert via wadebridge.I had a brilliant weekend thanks. Speak soon. Lots of love,back bit long cos accident divert via wadebridge brilliant weekend thanks speak soon lots love
ham,You lifted my hopes with the offer of money. I am in need. Especially when the end of the month approaches and it hurts my studying. Anyways have a gr8 weekend,lifted hopes offer money need especially end month approaches hurts studying anyways gr weekend
ham,Cuz ibored. And don wanna study,cuz ibored wan na study
ham,Lol alright i was thinkin that too haha,lol alright thinkin haha
ham,For real tho this sucks. I can't even cook my whole electricity is out. And I'm hungry.,real tho sucks even cook whole electricity hungry
ham,Ok...,ok
ham,Yeah right! I'll bring my tape measure fri!,yeah right bring tape measure fri
spam,Fancy a shag? I do.Interested? sextextuk.com txt XXUK SUZY to 69876. Txts cost 1.50 per msg. TnCs on website. X,fancy shag interested sextextuk com txt xxuk suzy txts cost per msg tncs website x
ham,Are your freezing ? Are you home yet ? Will you remember to kiss your mom in the morning? Do you love me ? Do you think of me ? Are you missing me yet ?,freezing home yet remember kiss mom morning love think missing yet
ham,"It's cool, let me know before it kicks off around  &lt;#&gt; , I'll be out and about all day",cool let know kicks around lt gt day
ham,You said to me before i went back to bed that you can't sleep for anything.,said went back bed sleep anything
ham,Can ü call me at 10:10 to make sure dat i've woken up...,call make sure dat woken
ham,Your opinion about me? 1. Over 2. Jada 3. Kusruthi 4. Lovable 5. Silent 6. Spl character 7. Not matured 8. Stylish 9. Simple Pls reply..,opinion jada kusruthi lovable silent spl character matured stylish simple pls reply
ham,"If you can make it any time tonight or whenever you can it's cool, just text me whenever you're around",make time tonight whenever cool text whenever around
ham,"Aight, I'm chillin in a friend's room so text me when you're on the way",aight chillin friend room text way
spam,RT-KIng Pro Video Club>> Need help? info@ringtoneking.co.uk or call 08701237397 You must be 16+ Club credits redeemable at www.ringtoneking.co.uk! Enjoy!,rt king pro video club need help call must club credits redeemable enjoy
spam,Please call Amanda with regard to renewing or upgrading your current T-Mobile handset free of charge. Offer ends today. Tel 0845 021 3680 subject to T's and C's,please call amanda regard renewing upgrading current mobile handset free charge offer ends today tel subject c
ham,From tomorrow onwards eve 6 to 3 work.,tomorrow onwards eve work
ham,I accidentally deleted the message. Resend please.,accidentally deleted message resend please
ham,Good. Good job. I like entrepreneurs,good good job like entrepreneurs
ham,I'm hungry buy smth home...,hungry buy smth home
ham,On the road so cant txt,road cant txt
ham,U calling me right? Call my hand phone...,u calling right call hand phone
spam,"Spook up your mob with a Halloween collection of a logo & pic message plus a free eerie tone, txt CARD SPOOK to 8007 zed 08701417012150p per logo/pic ",spook mob halloween collection logo pic message plus free eerie tone txt card spook zed p per logo pic
ham,Ya i knw u vl giv..its ok thanks kano..anyway enjoy wit ur family wit 1st salary..:-);-),ya knw u vl giv ok thanks kano anyway enjoy wit ur family wit st salary
ham,"I know you are thinkin malaria. But relax, children cant handle malaria. She would have been worse and its gastroenteritis. If she takes enough to replace her loss her temp will reduce. And if you give her malaria meds now she will just vomit. Its a self limiting illness she has which means in a few days it will completely stop",know thinkin malaria relax children cant handle malaria would worse gastroenteritis takes enough replace loss temp reduce give malaria meds vomit self limiting illness means days completely stop
ham,"Ok thats cool. Its , just off either raglan rd or edward rd. Behind the cricket ground. Gimme ring when ur closeby see you tuesday.",ok thats cool either raglan rd edward rd behind cricket ground gim ring ur closeby see tuesday
ham,Wow v v impressed. Have funs shopping!,wow v v impressed funs shopping
ham,"Solve d Case : A Man Was Found Murdered On  &lt;DECIMAL&gt; . &lt;#&gt;  AfterNoon. 1,His wife called Police. 2,Police questioned everyone. 3,Wife: Sir,I was sleeping, when the murder took place. 4.Cook: I was cooking. 5.Gardener: I was picking vegetables. 6.House-Maid: I went 2 d post office. 7.Children: We went 2 play. 8.Neighbour: We went 2 a marriage. Police arrested d murderer Immediately. Who's It? Reply With Reason, If U r Brilliant.",solve case man found murdered lt decimal gt lt gt afternoon wife called police police questioned everyone wife sir sleeping murder took place cook cooking gardener picking vegetables house maid went post office children went play neighbour went marriage police arrested murderer immediately reply reason u r brilliant
ham,Nobody names their penis a girls name this story doesn't add up at all,nobody names penis girls name story add
ham,Those ducking chinchillas,ducking chinchillas
ham,"Like  &lt;#&gt; , same question",like lt gt question
ham,I also thk too fast... Xy suggest one not me. U dun wan it's ok. Going 2 rain leh where got gd.,also thk fast xy suggest one u dun wan ok going rain leh got gd
ham,"Ela kano.,il download, come wen ur free..",ela kano il download come wen ur free
ham,I'm ok wif it cos i like 2 try new things. But i scared u dun like mah. Cos u said not too loud.,ok wif cos like try new things scared u dun like mah cos u said loud
ham,"Fun fact: although you would think armand would eventually build up a tolerance or some shit considering how much he smokes, he gets fucked up in like 2 hits",fun fact although would think armand would eventually build tolerance shit considering much smokes gets fucked like hits
ham,It means u could not keep ur words.,means u could keep ur words
ham,What time you coming down later? ,time coming later
ham,HIYA COMIN 2 BRISTOL 1 ST WEEK IN APRIL. LES GOT OFF + RUDI ON NEW YRS EVE BUT I WAS SNORING.THEY WERE DRUNK! U BAK AT COLLEGE YET? MY WORK SENDS INK 2 BATH.,hiya comin bristol st week april les got rudi new yrs eve snoring drunk u bak college yet work sends ink bath
ham,Yar but they say got some error.,yar say got error
ham,"Hmm... Dunno leh, mayb a bag 4 goigng out dat is not too small. Or jus anything except perfume, smth dat i can keep.",hmm dunno leh mayb bag goigng dat small jus anything except perfume smth dat keep
ham,I will reach ur home in  &lt;#&gt;  minutes,reach ur home lt gt minutes
ham,Nope but i'll b going 2 sch on fri quite early lor cos mys sis got paper in da morn :-),nope b going sch fri quite early lor cos mys sis got paper da morn
ham,Your opinion about me? 1. Over 2. Jada 3. Kusruthi 4. Lovable 5. Silent 6. Spl character 7. Not matured 8. Stylish 9. Simple Pls reply..,opinion jada kusruthi lovable silent spl character matured stylish simple pls reply
ham,Your bill at 3 is £33.65 so thats not bad!,bill thats bad
ham,Anything lor if they all go then i go lor...,anything lor go go lor
ham,Was doing my test earlier. I appreciate you. Will call you tomorrow.,test earlier appreciate call tomorrow
spam,"Hi, this is Mandy Sullivan calling from HOTMIX FM...you are chosen to receive £5000.00 in our Easter Prize draw.....Please telephone 09041940223 to claim before 29/03/05 or your prize will be transferred to someone else....",hi mandy sullivan calling hotmix fm chosen receive easter prize draw please telephone claim prize transferred someone else
ham,You stayin out of trouble stranger!!saw Dave the other day hes sorted now!still with me bloke when u gona get a girl MR!ur mum still Thinks we will get 2GETHA! ,stayin trouble stranger saw dave day sorted still bloke u gona get girl mr ur mum still thinks get getha
ham,"life alle mone,eppolum oru pole allalo",life alle mone eppolum oru pole allalo
ham,Da is good good player.why he is unsold.,da good good player unsold
ham,"Didn't try, g and I decided not to head out",try g decided head
ham,"I don,t think so. You don't need to be going out that late on a school night. ESPECIALLY when the one class you have is the one you missed last wednesday and probably failed a test in on friday",think need going late school night especially one class one missed last wednesday probably failed test friday
ham,Tired. I haven't slept well the past few nights.,tired slept well past nights
ham,"Yeah sure, give me a couple minutes to track down my wallet",yeah sure give couple minutes track wallet
ham,"Perhaps * is much easy give your account identification, so i will tomorrow at UNI",perhaps much easy give account identification tomorrow uni
ham,Yup but it's not giving me problems now so mayb i'll jus leave it...,yup giving problems mayb jus leave
ham,If i said anything wrong sorry de:-),said anything wrong sorry de
ham,It took Mr owl 3 licks,took mr owl licks
ham,I thk 530 lor. But dunno can get tickets a not. Wat u doing now?,thk lor dunno get tickets wat u
ham,Please tell me not all of my car keys are in your purse,please tell car keys purse
ham,Dont kick coco when he's down,dont kick coco
ham,They released vday shirts and when u put it on it makes your bottom half naked instead of those white underwear.,released vday shirts u put makes bottom half naked instead white underwear
ham,Lol where do u come up with these ideas?,lol u come ideas
ham,My uncles in Atlanta. Wish you guys a great semester.,uncles atlanta wish guys great semester
ham,", ow u dey.i paid 60,400thousad.i told  u would call . ",ow u dey paid thousad told u would call
ham,I love working from home :),love working home
ham,I jokin oni lar.. Ü busy then i wun disturb ü.,jokin oni lar busy wun disturb
ham,I don wake since. I checked that stuff and saw that its true no available spaces. Pls call the embassy or send a mail to them.,wake since checked stuff saw true available spaces pls call embassy send mail
ham,Moji i love you more than words. Have a rich day,moji love words rich day
ham,On ma way to school. Can you pls send me ashley's number,way school pls send ashley number
ham,Thanks. It was only from tescos but quite nice. All gone now. Speak soon ,thanks tescos quite nice gone speak soon
ham,We are okay. Going to sleep now. Later,okay going sleep later
ham,Thanks for being there for me just to talk to on saturday. You are very dear to me. I cherish having you as a brother and role model.,thanks talk saturday dear cherish brother role model
ham,Mode men or have you left.,mode men left
ham,Wake me up at  &lt;#&gt;  am morning:),wake lt gt morning
ham,Unlimited texts. Limited minutes.,unlimited texts limited minutes
ham,I don know account details..i will ask my mom and send you.my mom is out of reach now.,know account details ask mom send mom reach
ham,I realise you are a busy guy and i'm trying not to be a bother. I have to get some exams outta the way and then try the cars. Do have a gr8 day,realise busy guy trying bother get exams outta way try cars gr day
ham,"Men always needs a beautiful, intelligent, caring, loving, adjustable, cooperative wife. But the law allows only one wife....",men always needs beautiful intelligent caring loving adjustable cooperative wife law allows one wife
ham,"Fighting with the world is easy, u either win or lose bt fightng with some1 who is close to u is dificult if u lose - u lose if u win - u still lose.",fighting world easy u either win lose bt fightng close u dificult u lose u lose u win u still lose
ham,"Ya tel, wats ur problem..",ya tel wats ur problem
ham,"And very importantly, all we discuss is between u and i only.",importantly discuss u
ham,O we cant see if we can join denis and mina? Or does denis want alone time,cant see join denis mina denis want alone time
ham,Hi its me you are probably having too much fun to get this message but i thought id txt u cos im bored! and james has been farting at me all night,hi probably much fun get message thought id txt u cos im bored james farting night
ham,U don't know how stubborn I am. I didn't even want to go to the hospital. I kept telling Mark I'm not a weak sucker. Hospitals are for weak suckers.,u know stubborn even want go hospital kept telling mark weak sucker hospitals weak suckers
ham,You'll never believe this but i have actually got off at taunton. Wow,never believe actually got taunton wow
ham,No one interested. May be some business plan.,one interested may business plan
ham,get ready to moan and scream :),get ready moan scream
ham,I'm at home n ready...,home n ready
ham,"(And my man carlos is definitely coming by mu tonight, no excuses)",man carlos definitely coming mu tonight excuses
ham,Maybe i could get book out tomo then return it immediately ..? Or something.,maybe could get book tomo return immediately something
ham,Why she wants to talk to me,wants talk
spam,WIN a year supply of CDs 4 a store of ur choice worth £500 & enter our £100 Weekly draw txt MUSIC to 87066 Ts&Cs www.Ldew.com.subs16+1win150ppmx3,win year supply cds store ur choice worth enter weekly draw txt music ts cs
ham,Pls help me tell Ashley that i cant find her number oh,pls help tell ashley cant find number oh
ham,K:)k..its good:)when are you going?,k k good going
spam,"WELL DONE! Your 4* Costa Del Sol Holiday or £5000 await collection. Call 09050090044 Now toClaim. SAE, TCs, POBox334, Stockport, SK38xh, Cost£1.50/pm, Max10mins",well done costa del sol holiday await collection call toclaim sae tcs pobox stockport sk xh cost pm max mins
ham,"Its ok, if anybody asks abt me, u tel them..:-P",ok anybody asks abt u tel p
ham,I'm at home. Please call,home please call
ham,i dnt wnt to tlk wid u,dnt wnt tlk wid u
ham,Leaving to qatar tonite in search of an opportunity.all went fast.pls add me in ur prayers dear.Rakhesh,leaving qatar tonite search opportunity went fast pls add ur prayers dear rakhesh
ham,Can come my room but cannot come my house cos my house still messy... Haha...,come room come house cos house still messy haha
ham,I see the letter B on my car,see letter b car
ham,I anything lor.,anything lor
ham,Will purchase d stuff today and mail to you. Do you have a po box number?,purchase stuff today mail po box number
ham,"Erm... Woodland avenue somewhere. Do you get the parish magazine, his telephone number will be in there.",erm woodland avenue somewhere get parish magazine telephone number
ham,Oic cos me n my sis got no lunch today my dad went out... So dunno whether 2 eat in sch or wat...,oic cos n sis got lunch today dad went dunno whether eat sch wat
ham,Aiya we discuss later lar... Pick ü up at 4 is it?,aiya discuss later lar pick
ham,Well if I'm that desperate I'll just call armand again,well desperate call armand
ham,Sent me ur email id soon,sent ur email id soon
ham,Nope i waiting in sch 4 daddy... ,nope waiting sch daddy
ham,I'm done...,done
ham,"Hi, my love! How goes that day? Fuck, this morning I woke and dropped my cell on the way down the stairs but it seems alright ... *phews* I miss you !",hi love goes day fuck morning woke dropped cell way stairs seems alright phews miss
ham,Captain is in our room:),captain room
ham,Finished class where are you.,finished class
spam,PRIVATE! Your 2003 Account Statement for shows 800 un-redeemed S. I. M. points. Call 08718738002 Identifier Code: 48922 Expires 21/11/04,private account statement shows un redeemed points call identifier code expires
spam,CLAIRE here am havin borin time & am now alone U wanna cum over 2nite? Chat now 09099725823 hope 2 C U Luv CLAIRE xx Calls£1/minmoremobsEMSPOBox45PO139WA,claire havin borin time alone u wan na cum nite chat hope c u luv claire xx calls minmoremobsemspobox po wa
ham,I see a cup of coffee animation,see cup coffee animation
ham,"Alright, we're all set here, text the man",alright set text man
ham,Gud mrng dear hav a nice day,gud mrng dear hav nice day
ham,Only 2% students solved this CAT question in 'xam... 5+3+2= &lt;#&gt;  9+2+4= &lt;#&gt;  8+6+3= &lt;#&gt;  then 7+2+5=????? Tell me the answer if u r brilliant...1thing.i got d answr.,students solved cat question xam lt gt lt gt lt gt tell answer u r brilliant thing got answr
ham,Watching tv lor...,watching tv lor
ham,I'll talk to the others and probably just come early tomorrow then,talk others probably come early tomorrow
spam,Congratulations YOU'VE Won. You're a Winner in our August £1000 Prize Draw. Call 09066660100 NOW. Prize Code 2309.,congratulations winner august prize draw call prize code
ham,Of course ! Don't tease me ... You know I simply must see ! *grins* ... Do keep me posted my prey ... *loving smile* *devouring kiss*,course tease know simply must see grins keep posted prey loving smile devouring kiss
ham,Please sen :)my kind advice :-)please come here and try:-),please sen kind advice please come try
ham,"Yeah, probably but not sure. Ilol let u know, but personally I wuldnt bother, then again if ur goin to then I mite as well!!",yeah probably sure ilol let u know personally wuldnt bother ur goin mite well
ham,Stupid auto correct on my phone,stupid auto correct phone
ham,I will see in half an hour,see half hour
ham,Yes its possible but dint try. Pls dont tell to any one k,yes possible dint try pls dont tell one k
ham,Hey i'm bored... So i'm thinking of u... So wat r u doing?,hey bored thinking u wat r u
ham,"Goodmorning, today i am late for 1hr.",goodmorning today late hr
ham,I had it already..sabarish asked me to go..,already sabarish asked go
ham,U definitely need a module from e humanities dis sem izzit? U wan 2 take other modules 1st?,u definitely need module e humanities dis sem izzit u wan take modules st
ham,Ok can...,ok
ham,"Time n Smile r the two crucial things in our life. Sometimes time makes us to forget smile, and sometimes someone's smile makes us to forget time gud noon",time n smile r two crucial things life sometimes time makes us forget smile sometimes someone smile makes us forget time gud noon
spam,SMS. ac Sptv: The New Jersey Devils and the Detroit Red Wings play Ice Hockey. Correct or Incorrect? End? Reply END SPTV,sms ac sptv new jersey devils detroit red wings play ice hockey correct incorrect end reply end sptv
ham,I dled 3d its very imp,dled imp
ham,"Ya, told..she was asking wats matter?",ya told asking wats matter
ham,"How long before you get reply, just defer admission til next semester",long get reply defer admission til next semester
spam,FREE entry into our £250 weekly comp just send the word WIN to 80086 NOW. 18 T&C www.txttowin.co.uk,free entry weekly comp send word win c
ham,"Yo, I'm at my parents' gettin cash. Good news: we picked up a downstem",yo parents gettin cash good news picked downstem
spam,Do you want a New Nokia 3510i Colour Phone Delivered Tomorrow? With 200 FREE minutes to any mobile + 100 FREE text + FREE camcorder Reply or Call 8000930705,want new nokia colour phone delivered tomorrow free minutes mobile free text free camcorder reply call
spam,"SMSSERVICES. for yourinclusive text credits, pls goto www.comuk.net login= 3qxj9 unsubscribe with STOP, no extra charge. help 08702840625.COMUK. 220-CM2 9AE",smsservices yourinclusive text credits pls goto login qxj unsubscribe stop extra charge help comuk cm ae
ham,I'll text you when I drop x off,text drop x
spam,4mths half price Orange line rental & latest camera phones 4 FREE. Had your phone 11mths+? Call MobilesDirect free on 08000938767 to update now! or2stoptxt T&Cs,mths half price orange line rental latest camera phones free phone mths call mobilesdirect free update stoptxt cs
ham,"Aight, I'll hit you up when I get some cash",aight hit get cash
ham,I'm wif him now buying tix lar...,wif buying tix lar
spam,"U can WIN £100 of Music Gift Vouchers every week starting NOW Txt the word DRAW to 87066 TsCs www.Idew.com SkillGame, 1Winaweek, age16. 150ppermessSubscription",u win music gift vouchers every week starting txt word draw tscs skillgame winaweek age ppermesssubscription
ham,How come u got nothing to do?,come u got nothing
ham,Yar... I tot u knew dis would happen long ago already.,yar tot u knew dis would happen long ago already
ham,Lol no ouch but wish i'd stayed out a bit longer,lol ouch wish stayed bit longer
ham,Wat makes u thk i'll fall down. But actually i thk i'm quite prone 2 falls. Lucky my dad at home i ask him come n fetch me already.,wat makes u thk fall actually thk quite prone falls lucky dad home ask come n fetch already
ham,"I am real, baby! I want to bring out your inner tigress...",real baby want bring inner tigress
ham,Talk to g and x about that,talk g x
ham,"I wake up long ago already... Dunno, what other thing?",wake long ago already dunno thing
ham,"K, can I pick up another 8th when you're done?",k pick another th done
ham,"Mum, i've sent you many many messages since i got here. I just want to know that you are actually getting them. Do enjoy the rest of your day.",mum sent many many messages since got want know actually getting enjoy rest day
ham,somewhere out there beneath the pale moon light someone think in of u some where out there where dreams come true... goodnite &amp; sweet dreams,somewhere beneath pale moon light someone think u dreams come true goodnite amp sweet dreams
ham,....photoshop makes my computer shut down.,photoshop makes computer shut
ham,Hi did u decide wot 2 get 4 his bday if not ill prob jus get him a voucher frm virgin or sumfing ,hi u decide wot get bday ill prob jus get voucher frm virgin sumfing
ham,Hi Harish's rent has been transfred to ur Acnt.,hi harish rent transfred ur acnt
ham,Feel Yourself That You Are Always Happy.. Slowly It Becomes Your Habit &amp; Finally It Becomes Part Of Your Life.. Follow It.. Happy Morning &amp; Have A Happy Day:),feel always happy slowly becomes habit amp finally becomes part life follow happy morning amp happy day
ham,"Hey j! r u feeling any better, hopeSo hunny. i amnow feelin ill & ithink i may have tonsolitusaswell! damn iam layin in bedreal bored. lotsof luv me xxxx",hey j r u feeling better hopeso hunny amnow feelin ill ithink may tonsolitusaswell damn iam layin bedreal bored lotsof luv xxxx
ham,Gud mrng dear hav a nice day,gud mrng dear hav nice day
ham,here is my new address -apples&pairs&all that malarky,new address apples pairs malarky
ham,Ü comin to fetch us oredi...,comin fetch us oredi
ham,Later i guess. I needa do mcat study too.,later guess needa mcat study
ham,Yeah get the unlimited,yeah get unlimited
ham,"Yup. Anything lor, if u dun wan it's ok...",yup anything lor u dun wan ok
ham,Good afternoon my boytoy. How goes that walking here and there day ? Did you get that police abstract? Are you still out and about? I wake and miss you babe,good afternoon boytoy goes walking day get police abstract still wake miss babe
ham,All was well until slightly disastrous class this pm with my fav darlings! Hope day off ok. Coffee wld be good as can't stay late tomorrow. Same time + place as always?,well slightly disastrous class pm fav darlings hope day ok coffee wld good stay late tomorrow time place always
spam,22 days to kick off! For Euro2004 U will be kept up to date with the latest news and results daily. To be removed send GET TXT STOP to 83222,days kick euro u kept date latest news results daily removed send get txt stop
ham,Armand says get your ass over to epsilon,armand says get ass epsilon
ham,Should i send you naughty pix? :),send naughty pix
ham,"Sorry I flaked last night, shit's seriously goin down with my roommate, what you up to tonight?",sorry flaked last night shit seriously goin roommate tonight
ham,Hey! do u fancy meetin me at 4 at cha  hav a lil beverage on me. if not txt or ring me and we can meet up l8r. quite tired got in at 3 v.pist ;) love Pete x x x,hey u fancy meetin cha hav lil beverage txt ring meet l r quite tired got v pist love pete x x x
ham,Oi when you gonna ring,oi gon na ring
ham,I love to give massages. I use lots of baby oil... What is your fave position?,love give massages use lots baby oil fave position
spam,Camera - You are awarded a SiPix Digital Camera! call 09061221066 fromm landline. Delivery within 28 days.,camera awarded sipix digital camera call fromm landline delivery within days
ham,Yup i thk they r e teacher said that will make my face look longer. Darren ask me not 2 cut too short.,yup thk r e teacher said make face look longer darren ask cut short
spam,You have won a guaranteed 32000 award or maybe even £1000 cash to claim ur award call free on 0800 ..... (18+). Its a legitimat efreefone number wat do u think???,guaranteed award maybe even cash claim ur award call free legitimat efreefone number wat u think
ham,K come to nordstrom when you're done,k come nordstrom done
ham,would u fuckin believe it they didnt know i had thurs pre booked off so they re cancelled me AGAIN! that needs to b sacked,would u fuckin believe didnt know thurs pre booked cancelled needs b sacked
ham,Now only i reached home. . . I am very tired now. . I will come tomorro,reached home tired come tomorro
spam,"Double Mins & 1000 txts on Orange tariffs. Latest Motorola, SonyEricsson & Nokia with Bluetooth FREE! Call MobileUpd8 on 08000839402 or call2optout/HF8",double mins txts orange tariffs latest motorola sonyericsson nokia bluetooth free call mobileupd call optout hf
spam,500 free text msgs. Just text ok to 80488 and we'll credit your account,free text msgs text ok credit account
spam,network operator. The service is free. For T & C's visit 80488.biz,network operator service free c visit biz
ham,Same as kallis dismissial in 2nd test:-).,kallis dismissial nd test
ham,O. Well uv causes mutations. Sunscreen is like essential thesedays,well uv causes mutations sunscreen like essential thesedays
ham,Hey next sun 1030 there's a basic yoga course... at bugis... We can go for that... Pilates intro next sat.... Tell me what time you r free,hey next sun basic yoga course bugis go pilates intro next sat tell time r free
ham,I'm turning off my phone. My moms telling everyone I have cancer. And my sister won't stop calling. It hurts to talk. Can't put up with it. See u when u get home. Love u,turning phone moms telling everyone cancer sister stop calling hurts talk put see u u get home love u
ham,"Yup, leaving right now, be back soon",yup leaving right back soon
ham,"I'm in a meeting, call me later at",meeting call later
ham,"Ooh, 4got, i'm gonna start belly dancing in moseley weds 6.30 if u want 2 join me, they have a cafe too. ",ooh got gon na start belly dancing moseley weds u want join cafe
ham,"Haha better late than ever, any way I could swing by?",haha better late ever way could swing
ham,excellent. I spent  &lt;#&gt;  years in the Air Force. Iraq and afghanistan. I am stable and honest. do you like traveling?,excellent spent lt gt years air force iraq afghanistan stable honest like traveling
ham,Alright. I'm out--have a good night!,alright good night
ham,The bus leaves at  &lt;#&gt; ,bus leaves lt gt
ham,"Don't worry, * is easy once have ingredients!",worry easy ingredients
ham,Sorry * was at the grocers.,sorry grocers
ham,It's ok i wun b angry. Msg u aft i come home tonight.,ok wun b angry msg u aft come home tonight
ham,Dunno i juz askin cos i got a card got 20% off 4 a salon called hair sense so i tot it's da one ü cut ur hair. ,dunno juz askin cos got card got salon called hair sense tot da one cut ur hair
ham,I place all ur points on e cultures module already.,place ur points e cultures module already
ham,I.ll give her once i have it. Plus she said grinule greet you whenever we speak,give plus said grinule greet whenever speak
ham,"Sorry, I'll call later in meeting",sorry call later meeting
ham,Oh:)as usual vijay film or its different?,oh usual vijay film different
ham,Not directly behind... Abt 4 rows behind ü...,directly behind abt rows behind
ham,Oh oh... Den muz change plan liao... Go back have to yan jiu again...,oh oh den muz change plan liao go back yan jiu
ham,2mro i am not coming to gym machan. Goodnight.,mro coming gym machan goodnight
ham,"Response is one of d powerful weapon 2 occupy a place in others 'HEART'... So, always give response 2 who cares 4 U""... Gud night..swt dreams..take care",response one powerful weapon occupy place others heart always give response cares u gud night swt dreams take care
ham,I was just callin to say hi. Take care bruv!,callin say hi take care bruv
ham,Pls i wont belive god.not only jesus.,pls wont belive god jesus
ham,Is ur changes 2 da report big? Cos i've already made changes 2 da previous report.,ur changes da report big cos already made changes da previous report
ham,"Sorry, I'll call later",sorry call later
ham,Nope. I just forgot. Will show next week,nope forgot show next week
spam,Valentines Day Special! Win over £1000 in our quiz and take your partner on the trip of a lifetime! Send GO to 83600 now. 150p/msg rcvd. CustCare:08718720201.,valentines day special win quiz take partner trip lifetime send go p msg rcvd custcare
ham,What you thinked about me. First time you saw me in class.,thinked first time saw class
ham,So li hai... Me bored now da lecturer repeating last weeks stuff waste time... ,li hai bored da lecturer repeating last weeks stuff waste time
ham,Yar else i'll thk of all sorts of funny things.,yar else thk sorts funny things
spam,Not heard from U4 a while. Call me now am here all night with just my knickers on. Make me beg for it like U did last time 01223585236 XX Luv Nikiyu4.net,heard u call night knickers make beg like u last time xx luv nikiyu net
ham,when you and derek done with class?,derek done class
ham,"It,,s a taxt massage....tie-pos argh ok! Lool!",taxt massage tie pos argh ok lool
ham,Ok i go change also...,ok go change also
spam,100 dating service cal;l 09064012103 box334sk38ch,dating service cal l box sk ch
ham,Y?WHERE U AT DOGBREATH? ITS JUST SOUNDING LIKE JAN C THATS AL!!!!!!!!!,u dogbreath sounding like jan c al
ham,Ok.,ok
ham,"Hey sexy buns ! Have I told you ? I adore you, loverboy. I hope you remember to thank your sister in law for those meatballs *grins* ... i love you, babe",hey sexy buns told adore loverboy hope remember thank sister law meatballs grins love babe
ham,"Sorry, I guess whenever I can get a hold of my connections, maybe an hour or two? I'll text you",sorry guess whenever get hold connections maybe hour two text
ham,Dear :-/ why you mood off. I cant drive so i brother to drive,dear mood cant drive brother drive
ham,Hi baby ive just got back from work and i was wanting to see u allday! I hope i didnt piss u off on the phone today. If u are up give me a call xxx,hi baby ive got back work wanting see u allday hope didnt piss u phone today u give call xxx
ham,Please da call me any mistake from my side sorry da. Pls da goto doctor.,please da call mistake side sorry da pls da goto doctor
ham,Ugh fuck it I'm resubbing to eve,ugh fuck resubbing eve
ham,But if she.s drinkin i'm ok.,drinkin ok
ham,How much for an eighth?,much eighth
ham,"Fighting with the world is easy, u either win or lose bt fightng with some1 who is close to u is dificult if u lose - u lose if u win - u still lose.",fighting world easy u either win lose bt fightng close u dificult u lose u lose u win u still lose
ham,Ü log off 4 wat. It's sdryb8i,log wat sdryb
spam,We tried to call you re your reply to our sms for a video mobile 750 mins UNLIMITED TEXT + free camcorder Reply of call 08000930705 Now,tried call reply sms video mobile mins unlimited text free camcorder reply call
ham,Really dun bluff me leh... U sleep early too. Nite...,really dun bluff leh u sleep early nite
spam,<Forwarded from 21870000>Hi - this is your Mailbox Messaging SMS alert. You have 4 messages. You have 21 matches. Please call back on 09056242159 to retrieve your messages and matches,forwarded hi mailbox messaging sms alert messages matches please call back retrieve messages matches
ham,"I'm home, my love ... If your still awake ... *loving kiss*",home love still awake loving kiss
ham,Where can download clear movies. Dvd copies.,download clear movies dvd copies
ham,Hello. Damn this christmas thing. I think i have decided to keep this mp3 that doesnt work.,hello damn christmas thing think decided keep mp doesnt work
ham,Wait  &lt;#&gt;  min..,wait lt gt min
ham,"Sorry sir, i will call you tomorrow.  senthil.hsbc",sorry sir call tomorrow senthil hsbc
ham,Then u ask darren go n pick u lor... But i oso sian tmr haf 2 meet lect...,u ask darren go n pick u lor oso sian tmr haf meet lect
ham,Now i'm going for lunch.,going lunch
ham,"It's not that you make me cry. It's just that when all our stuff happens on top of everything else, it pushes me over the edge. You don't underdtand how often i cry over my sorry, sorry life.",make cry stuff happens top everything else pushes edge underdtand often cry sorry sorry life
ham,How? Izzit still raining?,izzit still raining
ham,True lov n care wil nevr go unrecognized. though somone often makes mistakes when valuing it. but they will definitly undrstnd once when they start missing it.,true lov n care wil nevr go unrecognized though somone often makes mistakes valuing definitly undrstnd start missing
ham,Can you plz tell me the ans. BSLVYL sent via fullonsms.com,plz tell ans bslvyl sent via fullonsms com
ham,Have a great trip to India. And bring the light to everyone not just with the project but with everyone that is lucky to see you smile. Bye. Abiola,great trip india bring light everyone project everyone lucky see smile bye abiola
ham,"Wen ur lovable bcums angry wid u, dnt take it seriously.. Coz being angry is d most childish n true way of showing deep affection, care n luv!.. kettoda manda... Have nice day da.",wen ur lovable bcums angry wid u dnt take seriously coz angry childish n true way showing deep affection care n luv kettoda manda nice day da
ham,Great! How is the office today?,great office today
ham,Are you willing to go for apps class.,willing go apps class
ham,I like you peoples very much:) but am very shy pa.,like peoples much shy pa
ham,"Honey ? Sweetheart ? Darling ? Sexy buns ? Sugar plum ? Loverboy ? I miss you, boytoy ... *smacks your ass* Did you go to the gym too ?",honey sweetheart darling sexy buns sugar plum loverboy miss boytoy smacks ass go gym
ham,"I know you are thinkin malaria. But relax, children cant handle malaria. She would have been worse and its gastroenteritis. If she takes enough to replace her loss her temp will reduce. And if you give her malaria meds now she will just vomit. Its a self limiting illness she has which means in a few days it will completely stop",know thinkin malaria relax children cant handle malaria would worse gastroenteritis takes enough replace loss temp reduce give malaria meds vomit self limiting illness means days completely stop
ham,"I don't have anybody's number, I still haven't thought up a tactful way to ask alex",anybody number still thought tactful way ask alex
ham,What time do u get out?,time u get
ham,We are both fine. Thanks,fine thanks
ham,"Think i might have to give it a miss. Am teaching til twelve, then have lecture at two. Damn this working thing.",think might give miss teaching til twelve lecture two damn working thing
ham,"Thats a bit weird, even ?- where is the do supposed to be happening? But good idea, sure they will be in pub!",thats bit weird even supposed happening good idea sure pub
ham,"Haha get used to driving to usf man, I know a lot of stoners",haha get used driving usf man know lot stoners
ham,Two teams waiting for some players,two teams waiting players
spam,"Urgent Urgent! We have 800 FREE flights to Europe to give away, call B4 10th Sept & take a friend 4 FREE. Call now to claim on 09050000555. BA128NNFWFLY150ppm",urgent urgent free flights europe give away call b th sept take friend free call claim ba nnfwfly ppm
ham,I will come tomorrow di,come tomorrow di
ham,Ya:)going for restaurant..,ya going restaurant
ham,I think just yourself …Thanks and see you tomo,think thanks see tomo
ham,At home by the way,home way
ham,K.i did't see you.:)k:)where are you now?,k see k
ham,Where are the garage keys? They aren't on the bookshelf,garage keys bookshelf
ham,Change again... It's e one next to escalator...,change e one next escalator
spam,YOU HAVE WON! As a valued Vodafone customer our computer has picked YOU to win a £150 prize. To collect is easy. Just call 09061743386 ,valued vodafone customer computer picked win prize collect easy call
ham,What Today-sunday..sunday is holiday..so no work..,today sunday sunday holiday work
spam,"This weeks SavaMob member offers are now accessible. Just call 08709501522 for details! SavaMob, POBOX 139, LA3 2WU. Only £1.50/week. SavaMob - offers mobile!",weeks savamob member offers accessible call details savamob pobox la wu week savamob offers mobile
ham,That is wondarfull song,wondarfull song
ham,Have you seen who's back at Holby?!,seen back holby
ham,Im just wondering what your doing right now?,im wondering right
ham,And you! Will expect you whenever you text! Hope all goes well tomo ,expect whenever text hope goes well tomo
ham,Ok which your another number,ok another number
ham,Am not working but am up to eyes in philosophy so will text u later when a bit more free for chat...,working eyes philosophy text u later bit free chat
ham,Pls send me the correct name da.,pls send correct name da
ham,Nvm it's ok...,nvm ok
ham,Yo you guys ever figure out how much we need for alcohol? Jay and I are trying to figure out how much we can safely spend on weed,yo guys ever figure much need alcohol jay trying figure much safely spend weed
spam,Knock Knock Txt whose there to 80082 to enter r weekly draw 4 a £250 gift voucher 4 a store of yr choice. T&Cs www.tkls.com age16 to stoptxtstop£1.50/week,knock knock txt whose enter r weekly draw gift voucher store yr choice cs age stoptxtstop week
ham,Hey ! Don't forget ... You are MINE ... For ME ... My possession ... MY property ... MMM ... *childish smile* ...,hey forget mine possession property mmm childish smile
spam,You won't believe it but it's true. It's Incredible Txts! Reply G now to learn truly amazing things that will blow your mind. From O2FWD only 18p/txt,believe true incredible txts reply g learn truly amazing things blow mind fwd p txt
ham,No plm i will come da. On the way.,plm come da way
ham,That is wondar full flim.,wondar full flim
ham,Going thru a very different feeling.wavering decisions and coping up with the same is the same individual.time will heal everything i believe.,going thru different feeling wavering decisions coping individual time heal everything believe
ham,At WHAT TIME should i come tomorrow,time come tomorrow
ham,K..then come wenever u lik to come and also tel vikky to come by getting free time..:-),k come wenever u lik come also tel vikky come getting free time
ham,Then u drive lor.,u drive lor
ham,No. It's not pride. I'm almost  &lt;#&gt;  years old and shouldn't be takin money from my kid. You're not supposed to have to deal with this stuff. This is grownup stuff--why i don't tell you.,pride almost lt gt years old takin money kid supposed deal stuff grownup stuff tell
ham,Good morning princess! Have a great day!,good morning princess great day
ham,jay says he'll put in  &lt;#&gt;,jay says put lt gt
ham,Dont pick up d call when something important is There to tell. Hrishi,dont pick call something important tell hrishi
ham,Ok i shall talk to him,ok shall talk
ham,Actually getting ready to leave the house.,actually getting ready leave house
ham,"No dude, its not fake..my frnds got money, thts y i'm reffering u..if u member wit my mail link, u vl be credited  &lt;#&gt; rs and il be getiing  &lt;#&gt; rs..i can draw my acc wen it is  &lt;#&gt; rs..",dude fake frnds got money thts reffering u u member wit mail link u vl credited lt gt rs il getiing lt gt rs draw acc wen lt gt rs
ham,Glad to see your reply.,glad see reply
ham,Those were my exact intentions,exact intentions
ham,"Dear,Me at cherthala.in case u r coming cochin pls call bfore u start.i shall also reach accordingly.or tell me which day u r coming.tmorow i am engaged ans its holiday.",dear cherthala case u r coming cochin pls call bfore u start shall also reach accordingly tell day u r coming tmorow engaged ans holiday
ham,It has everything to do with the weather. Keep extra warm. Its a cold but nothing serious. Pls lots of vitamin c,everything weather keep extra warm cold nothing serious pls lots vitamin c
ham,Wen did you get so spiritual and deep. That's great,wen get spiritual deep great
ham,Omg how did u know what I ate?,omg u know ate
ham,Probably money worries. Things are coming due and i have several outstanding invoices for work i did two and three months ago.,probably money worries things coming due several outstanding invoices work two three months ago
ham,But you were together so you should be thinkin about him,together thinkin
spam,Hard LIVE 121 chat just 60p/min. Choose your girl and connect LIVE. Call 09094646899 now! Cheap Chat UK's biggest live service. VU BCM1896WC1N3XX,hard live chat p min choose girl connect live call cheap chat uk biggest live service vu bcm wc n xx
ham,i see. When we finish we have loads of loans to pay,see finish loads loans pay
ham,"see you then, we're all christmassy here!",see christmassy
ham,What's the significance?,significance
ham,Ok then i come n pick u at engin?,ok come n pick u engin
ham,Leave it de:-). Start Prepare for next:-)..,leave de start prepare next
ham,Din i tell u jus now 420,din tell u jus
spam,URGENT! Your Mobile number has been awarded with a £2000 prize GUARANTEED. Call 09058094455 from land line. Claim 3030. Valid 12hrs only,urgent mobile number awarded prize guaranteed call land line claim valid hrs
ham,"Great. I'm in church now, will holla when i get out",great church holla get
ham,"Short But Cute : "" Be a good person , but dont try to prove"" ..... Gud mrng...",short cute good person dont try prove gud mrng
ham,Me too baby! I promise to treat you well! I bet you will take good care of me...,baby promise treat well bet take good care
ham,Ic. There are a lotta childporn cars then.,ic lotta childporn cars
spam,"FREE2DAY sexy St George's Day pic of Jordan!Txt PIC to 89080 dont miss out, then every wk a saucy celeb!4 more pics c PocketBabe.co.uk 0870241182716 £3/wk",free day sexy st george day pic jordan txt pic dont miss every wk saucy celeb pics c pocketbabe co uk wk
ham,Your right! I'll make the appointment right now.,right make appointment right
ham,what are your new years plans?,new years plans
ham,U sick still can go shopping?,u sick still go shopping
ham,He fucking chickened out. He messaged me he would be late and woould buzz me and then I didn't hear a word from him,fucking chickened messaged would late woould buzz hear word
ham,"The affidavit says  &lt;#&gt;  E Twiggs St, division g, courtroom  &lt;#&gt; , &lt;TIME&gt;  AM. I'll double check and text you again tomorrow",affidavit says lt gt e twiggs st division g courtroom lt gt lt time gt double check text tomorrow
ham,"Yeah there's barely enough room for the two of us, x has too many fucking shoes. Sorry man, see you later",yeah barely enough room two us x many fucking shoes sorry man see later
ham,No break time one... How... I come out n get my stuff fr ü?,break time one come n get stuff fr
ham,"You are always putting your business out there. You put pictures of your ass on facebook. You are one of the most open people i've ever met. Why would i think a picture of your room would hurt you, make you feel violated.",always putting business put pictures ass facebook one open people ever met would think picture room would hurt make feel violated
ham,He is there. You call and meet him,call meet
spam,No 1 POLYPHONIC tone 4 ur mob every week! Just txt PT2 to 87575. 1st Tone FREE ! so get txtin now and tell ur friends. 150p/tone. 16 reply HL 4info,polyphonic tone ur mob every week txt pt st tone free get txtin tell ur friends p tone reply hl info
ham,Hi my email address has changed now it is ,hi email address changed
ham,hiya hows it going in sunny africa? hope u r avin a good time. give that big old silver back a big kiss from me.,hiya hows going sunny africa hope u r avin good time give big old silver back big kiss
ham,Yes. I come to nyc for audiitions and am trying to relocate.,yes come nyc audiitions trying relocate
ham,"Sorry, I'll call later in meeting.",sorry call later meeting
ham,"Sorry, I'll call later",sorry call later
ham,Ugh. Gotta drive back to sd from la. My butt is sore.,ugh got ta drive back sd la butt sore
spam,"Urgent! Please call 09066612661 from your landline, your complimentary 4* Lux Costa Del Sol holiday or £1000 CASH await collection. ppm 150 SAE T&Cs James 28, EH74RR",urgent please call landline complimentary lux costa del sol holiday cash await collection ppm sae cs james eh rr
ham,Mine here like all fr china then so noisy.,mine like fr china noisy
ham,Hi. I'm sorry i missed your call. Can you pls call back.,hi sorry missed call pls call back
ham,"Just got part Nottingham - 3 hrs 63miles. Good thing i love my man so much, but only doing 40mph. Hey ho",got part nottingham hrs miles good thing love man much mph hey ho
spam,Warner Village 83118 C Colin Farrell in SWAT this wkend @Warner Village & get 1 free med. Popcorn!Just show msg+ticket@kiosk.Valid 4-7/12. C t&c @kiosk. Reply SONY 4 mre film offers,warner village c colin farrell swat wkend warner village get free med popcorn show c c kiosk reply sony mre film offers
spam,Buy Space Invaders 4 a chance 2 win orig Arcade Game console. Press 0 for Games Arcade (std WAP charge) See o2.co.uk/games 4 Terms + settings. No purchase,buy space invaders chance win orig arcade game console press games arcade std wap charge see co uk games terms settings purchase
spam,"Your account has been credited with 500 FREE Text Messages. To activate, just txt the word: CREDIT to No: 80488 T&Cs www.80488.biz",account credited free text messages activate txt word credit cs
ham,This is my number by vivek..,number vivek
ham,This phone has the weirdest auto correct.,phone weirdest auto correct
ham,"She is our sister.. She belongs 2 our family.. She is d hope of tomorrow.. Pray 4 her,who was fated 4 d Shoranur train incident. Lets hold our hands together &amp; fuelled by love &amp; concern prior 2 her grief &amp; pain. Pls join in dis chain &amp; pass it. STOP VIOLENCE AGAINST WOMEN.",sister belongs family hope tomorrow pray fated shoranur train incident lets hold hands together amp fuelled love amp concern prior grief amp pain pls join dis chain amp pass stop violence women
ham,"sir, you will receive the account no another 1hr time. Sorry for the delay.",sir receive account another hr time sorry delay
ham,"Urgh, coach hot, smells of chip fat! Thanks again, especially for the duvet (not a predictive text word).",urgh coach hot smells chip fat thanks especially duvet predictive text word
ham,Mm have some kanji dont eat anything heavy ok,mm kanji dont eat anything heavy ok
spam,You have been specially selected to receive a 2000 pound award! Call 08712402050 BEFORE the lines close. Cost 10ppm. 16+. T&Cs apply. AG Promo,specially selected receive pound award call lines close cost ppm cs apply ag promo
ham,have got * few things to do. may be in * pub later.,got things may pub later
ham,You have registered Sinco as Payee. Log in at icicibank.com and enter URN  &lt;#&gt;  to confirm. Beware of frauds. Do NOT share or disclose URN to anyone.,registered sinco payee log icicibank com enter urn lt gt confirm beware frauds share disclose urn anyone
ham,Every monday..nxt week vl be completing..,every monday nxt week vl completing
ham,Hanging out with my brother and his family,hanging brother family
ham,I like dis sweater fr mango but no more my size already so irritating.,like dis sweater fr mango size already irritating
ham,Much better now thanks lol,much better thanks lol
ham,I'm working technical support :)voice process.,working technical support voice process
ham,"Aight yo, dats straight dogg",aight yo dats straight dogg
ham,"It could work, we'll reach a consensus at the next meeting",could work reach consensus next meeting
ham,I love ya too but try and budget your money better babe. Gary would freak on me if he knew,love ya try budget money better babe gary would freak knew
ham,I had askd u a question some hours before. Its answer,askd u question hours answer
ham,"Single line with a big meaning::::: ""Miss anything 4 ur ""Best Life"" but, don't miss ur best life for anything... Gud nyt...",single line big meaning miss anything ur best life miss ur best life anything gud nyt
ham,Ok then i will come to ur home after half an hour,ok come ur home half hour
ham,Then she buying today? Ü no need to c meh...,buying today need c meh
ham,K and you're sure I don't have to have consent forms to do it :V,k sure consent forms v
ham,In sch but neva mind u eat 1st lor..,sch neva mind u eat st lor
ham,In meeting da. I will call you,meeting da call
spam,88066 FROM 88066 LOST 3POUND HELP,lost pound help
ham,"I'm used to it. I just hope my agents don't drop me since i've only booked a few things this year. This whole me in boston, them in nyc was an experiment.",used hope agents drop since booked things year whole boston nyc experiment
ham,"swhrt how u dey,hope ur ok, tot about u 2day.love n miss.take care.",swhrt u dey hope ur ok tot u day love n miss take care
spam,PRIVATE! Your 2004 Account Statement for 078498****7 shows 786 unredeemed Bonus Points. To claim call 08719180219 Identifier Code: 45239 Expires 06.05.05,private account statement shows unredeemed bonus points claim call identifier code expires
ham,"Yeah, probably earlier than that",yeah probably earlier
ham,"Superb Thought- ""Be grateful that u dont have everything u want. That means u still have an opportunity to be happier tomorrow than u are today."":-)",superb thought grateful u dont everything u want means u still opportunity happier tomorrow u today
spam,"Hottest pics straight to your phone!! See me getting Wet and Wanting, just for you xx Text PICS to 89555 now! txt costs 150p textoperator g696ga 18 XxX",hottest pics straight phone see getting wet wanting xx text pics txt costs p textoperator g ga xxx
spam,"Want to funk up ur fone with a weekly new tone reply TONES2U 2 this text. www.ringtones.co.uk, the original n best. Tones 3GBP network operator rates apply",want funk ur fone weekly new tone reply tones u text original n best tones gbp network operator rates apply
ham,"I'm not coming over, do whatever you want",coming whatever want
ham,Company is very good.environment is terrific and food is really nice:),company good environment terrific food really nice
ham,They did't play one day last year know even though they have very good team.. Like india.,play one day last year know even though good team like india
ham,Yes I posted a couple of pics on fb. There's still snow outside too. I'm just waking up :),yes posted couple pics fb still snow outside waking
ham,I donno its in your genes or something,donno genes something
ham,Wot u up 2 u weirdo?,wot u u weirdo
spam,YES! The only place in town to meet exciting adult singles is now in the UK. Txt CHAT to 86688 now! 150p/Msg.,yes place town meet exciting adult singles uk txt chat p msg
ham,Bring tat cd don forget,bring tat cd forget
ham,I knew it... U slept v late yest? Wake up so late...,knew u slept v late yest wake late
ham,Heart is empty without love.. Mind is empty without wisdom.. Eyes r empty without dreams &amp; Life is empty without frnds.. So Alwys Be In Touch. Good night &amp; sweet dreams,heart empty without love mind empty without wisdom eyes r empty without dreams amp life empty without frnds alwys touch good night amp sweet dreams
ham,Ok. So april. Cant wait,ok april cant wait
ham,Hey what's up charles sorry about the late reply.,hey charles sorry late reply
spam,"09066362231 URGENT! Your mobile No 07xxxxxxxxx won a £2,000 bonus caller prize on 02/06/03! this is the 2nd attempt to reach YOU! call 09066362231 ASAP!",urgent mobile xxxxxxxxx bonus caller prize nd attempt reach call asap
spam,FREE entry into our £250 weekly competition just text the word WIN to 80086 NOW. 18 T&C www.txttowin.co.uk,free entry weekly competition text word win c
ham,"Sorry, I'll call later",sorry call later
ham,Pls ask macho how much is budget for bb bold 2 is cos i saw a new one for  &lt;#&gt;  dollars.,pls ask macho much budget bb bold cos saw new one lt gt dollars
ham,What happen dear tell me,happen dear tell
ham,"Poyyarikatur,kolathupalayam,unjalur post,erode dis, &lt;#&gt; .",poyyarikatur kolathupalayam unjalur post erode dis lt gt
ham,Normally i use to drink more water daily:),normally use drink water daily
ham,Then its most likely called Mittelschmertz. Google it. If you dont have paracetamol dont worry it will go.,likely called mittelschmertz google dont paracetamol dont worry go
ham,Can you please send me my aunty's number,please send aunty number
ham,There are some nice pubs near here or there is Frankie n Bennys near the warner cinema?,nice pubs near frankie n bennys near warner cinema
ham,"Storming msg: Wen u lift d phne, u say ""HELLO"" Do u knw wt is d real meaning of HELLO?? . . . It's d name of a girl..! . . . Yes.. And u knw who is dat girl?? ""Margaret Hello"" She is d girlfrnd f Grahmbell who invnted telphone... . . . . Moral:One can 4get d name of a person, bt not his girlfrnd... G o o d n i g h t . . .@",storming msg wen u lift phne u say hello u knw wt real meaning hello name girl yes u knw dat girl margaret hello girlfrnd f grahmbell invnted telphone moral one get name person bt girlfrnd g n g h
spam,Sorry! U can not unsubscribe yet. THE MOB offer package has a min term of 54 weeks> pls resubmit request after expiry. Reply THEMOB HELP 4 more info,sorry u unsubscribe yet mob offer package min term weeks pls resubmit request expiry reply themob help info
ham,Yup having my lunch buffet now.. U eat already?,yup lunch buffet u eat already
ham,No need to say anything to me. I know i am an outsider,need say anything know outsider
ham,Lol! Oops sorry! Have fun. ,lol oops sorry fun
spam,We tried to call you re your reply to our sms for a video mobile 750 mins UNLIMITED TEXT free camcorder Reply or call now 08000930705 Del Thurs,tried call reply sms video mobile mins unlimited text free camcorder reply call del thurs
ham,"Aight, I should be there by 8 at the latest, probably closer to 7. Are jay and tyler down or should we just do two trips?",aight latest probably closer jay tyler two trips
ham,"1.20 that call cost. Which i guess isnt bad. Miss ya, need ya, want ya, love ya",call cost guess isnt bad miss ya need ya want ya love ya
ham,I'm job profile seems like bpo..,job profile seems like bpo
ham,is your hamster dead? Hey so tmr i meet you at 1pm orchard mrt? ,hamster dead hey tmr meet pm orchard mrt
ham,"Arngd marriage is while u r walkin unfortuntly a snake bites u. bt love marriage is dancing in frnt of d snake &amp; sayin Bite me, bite me.",arngd marriage u r walkin unfortuntly snake bites u bt love marriage dancing frnt snake amp sayin bite bite
ham,Yeah that's the impression I got,yeah impression got
ham,Ha... Then we must walk to everywhere... Cannot take tram. My cousin said can walk to vic market from our hotel ,ha must walk everywhere take tram cousin said walk vic market hotel
ham,No da. . Vijay going to talk in jaya tv,da vijay going talk jaya tv
ham,"Sweetheart, hope you are not having that kind of day! Have one with loads of reasons to smile. Biola",sweetheart hope kind day one loads reasons smile biola
ham,S but not able to sleep.,able sleep
spam,"Win the newest Harry Potter and the Order of the Phoenix (Book 5) reply HARRY, answer 5 questions - chance to be the first among readers!",win newest harry potter order phoenix book reply harry answer questions chance first among readers
ham,Jus telling u dat i'll b leaving 4 shanghai on 21st instead so we'll haf more time 2 meet up cya...,jus telling u dat b leaving shanghai st instead haf time meet cya
ham,"Sir, good morning. Hope you had a good weekend. I called to let you know that i was able to raise  &lt;#&gt;  from my dad. He however said he would make the rest available by mid feb. This amount is still quite short and i was hoping you would help. Do have a good day. Abiola",sir good morning hope good weekend called let know able raise lt gt dad however said would make rest available mid feb amount still quite short hoping would help good day abiola
ham,Your gonna be the death if me. I'm gonna leave a note that says its all robs fault. Avenge me.,gon na death gon na leave note says robs fault avenge
ham,Oh ok wait 4 me there... My lect havent finish,oh ok wait lect havent finish
ham,Any chance you might have had with me evaporated as soon as you violated my privacy by stealing my phone number from your employer's paperwork. Not cool at all. Please do not contact me again or I will report you to your supervisor.,chance might evaporated soon violated privacy stealing phone number employer paperwork cool please contact report supervisor
ham,Yes. Last  practice,yes last practice
ham,Dude while were makin those weirdy brownies my sister made awesome cookies. I took pics.,dude makin weirdy brownies sister made awesome cookies took pics
ham,I'm fine. Hope you are also,fine hope also
ham,Not course. Only maths one day one chapter with in one month we can finish.,course maths one day one chapter one month finish
ham,Ok. There may be a free gym about.,ok may free gym
ham,"Ta-Daaaaa! I am home babe, are you still up ?",ta daaaaa home babe still
ham,"It's fine, imma get a drink or somethin. Want me to come find you?",fine imma get drink somethin want come find
ham,Thank You meet you monday,thank meet monday
ham,Im at arestaurant eating squid! i will be out about 10:30 wanna dosomething or is that to late?,im arestaurant eating squid wan na dosomething late
ham,Big brother‘s really scraped the barrel with this shower of social misfits,big brother really scraped barrel shower social misfits
ham,U free on sat rite? U wan 2 watch infernal affairs wif me n darren n mayb xy?,u free sat rite u wan watch infernal affairs wif n darren n mayb xy
ham,I will reach ur home in  &lt;#&gt;  minutes,reach ur home lt gt minutes
ham,ALRITE SAM ITS NIC JUST CHECKIN THAT THIS IS UR NUMBER-SO IS IT?T.B*,alrite sam nic checkin ur number b
ham,As usual u can call me ard 10 smth.,usual u call ard smth
ham,When/where do I pick you up,pick
ham,Am on the uworld site. Am i buying the qbank only or am i buying it with the self assessment also?,uworld site buying qbank buying self assessment also
ham,Ü all write or wat..,write wat
ham,My darling sister. How are you doing. When's school resuming. Is there a minimum wait period before you reapply? Do take care,darling sister school resuming minimum wait period reapply take care
spam,Our records indicate u maybe entitled to 5000 pounds in compensation for the Accident you had. To claim 4 free reply with CLAIM to this msg. 2 stop txt STOP,records indicate u maybe entitled pounds compensation accident claim free reply claim msg stop txt stop
ham,You have to pls make a note of all she.s exposed to. Also find out from her school if anyone else was vomiting. Is there a dog or cat in the house? Let me know later.,pls make note exposed also find school anyone else vomiting dog cat house let know later
ham,I want  &lt;#&gt;  rs da:)do you have it?,want lt gt rs da
spam,"U've been selected to stay in 1 of 250 top British hotels - FOR NOTHING! Holiday valued at £350! Dial 08712300220 to claim - National Rate Call. Bx526, SW73SS",u selected stay top british hotels nothing holiday valued dial claim national rate call bx sw ss
ham,Mind blastin.. No more Tsunamis will occur from now on.. Rajnikant stopped swimming in Indian Ocean..:-D,mind blastin tsunamis occur rajnikant stopped swimming indian ocean
ham,"Princess, i like to make love  &lt;#&gt;  times per night. Hope thats not a problem!",princess like make love lt gt times per night hope thats problem
ham,New car and house for my parents.:)i have only new job in hand:),new car house parents new job hand
spam,"Dear Voucher Holder, To claim this weeks offer, at your PC please go to http://www.wtlp.co.uk/text. Ts&Cs apply.",dear voucher holder claim weeks offer pc please go ts cs apply
ham,"Oh really? perform, write a paper, go to a movie AND be home by midnight, huh?",oh really perform write paper go movie home midnight huh
ham,"All done, all handed in. Don't know if mega shop in asda counts as celebration but thats what i'm doing!",done handed know mega shop asda counts celebration thats
ham,Really? I crashed out cuddled on my sofa.,really crashed cuddled sofa
ham,Hai ana tomarrow am coming on morning.  &lt;DECIMAL&gt;  ill be there in sathy then we ll go to RTO office. Reply me after came to home.,hai ana tomarrow coming morning lt decimal gt ill sathy go rto office reply came home
ham,And pls pls drink plenty plenty water,pls pls drink plenty plenty water
ham,Oh god. I'm gonna Google nearby cliffs now.,oh god gon na google nearby cliffs
ham,WHO ARE YOU SEEING?,seeing
ham,Good evening! How are you?,good evening
spam,Win a £1000 cash prize or a prize worth £5000,win cash prize prize worth
ham,Just taste fish curry :-P,taste fish curry p
ham,No da:)he is stupid da..always sending like this:)don believe any of those message.pandy is a mental:),da stupid da always sending like believe message pandy mental
ham,U reach orchard already? U wan 2 go buy tickets first?,u reach orchard already u wan go buy tickets first
ham,Sad story of a Man - Last week was my b'day. My Wife did'nt wish me. My Parents forgot n so did my Kids . I went to work. Even my Colleagues did not wish.,sad story man last week b day wife nt wish parents forgot n kids went work even colleagues wish
ham,Dear where you will be when i reach there,dear reach
spam,"Did you hear about the new ""Divorce Barbie""? It comes with all of Ken's stuff!",hear new divorce barbie comes ken stuff
ham,Tmr timin still da same wat cos i got lesson until 6...,tmr timin still da wat cos got lesson
ham,Kaiez... Enjoy ur tuition... Gee... Thk e second option sounds beta... I'll go yan jiu den msg u...,kaiez enjoy ur tuition gee thk e second option sounds beta go yan jiu den msg u
spam,"Sunshine Hols. To claim ur med holiday send a stamped self address envelope to Drinks on Us UK, PO Box 113, Bray, Wicklow, Eire. Quiz Starts Saturday! Unsub Stop",sunshine hols claim ur med holiday send stamped self address envelope drinks us uk po box bray wicklow eire quiz starts saturday unsub stop
ham,"When people see my msgs, They think Iam addicted to msging... They are wrong, Bcoz They don\'t know that Iam addicted to my sweet Friends..!! BSLVYL",people see msgs think iam addicted msging wrong bcoz know iam addicted sweet friends bslvyl
ham,Shant disturb u anymore... Jia you...,shant disturb u anymore jia
ham,"Since when, which side, any fever, any vomitin.",since side fever vomitin
ham,"K, can that happen tonight?",k happen tonight
ham,"Nah, Wednesday. When should I bring the mini cheetos bag over?",nah wednesday bring mini cheetos bag
spam,"Hi babe its Chloe, how r u? I was smashed on saturday night, it was great! How was your weekend? U been missing me? SP visionsms.com Text stop to stop 150p/text",hi babe chloe r u smashed saturday night great weekend u missing sp visionsms com text stop stop p text
ham,You tell what happen dont behave like this to me. Ok no need to say,tell happen dont behave like ok need say
ham,Oh ok..,oh ok
ham,No. I dont want to hear anything,dont want hear anything
ham,Eat at old airport road... But now 630 oredi... Got a lot of pple...,eat old airport road oredi got lot pple
ham,10 min later k...,min later k
ham,Yetunde i'm in class can you not run water on it to make it ok. Pls now.,yetunde class run water make ok pls
spam,Want 2 get laid tonight? Want real Dogging locations sent direct 2 ur Mob? Join the UK's largest Dogging Network by txting MOAN to 69888Nyt. ec2a. 31p.msg@150p,want get laid tonight want real dogging locations sent direct ur mob join uk largest dogging network txting moan nyt ec
ham,It vl bcum more difficult..,vl bcum difficult
ham,Babe? You said 2 hours and it's been almost 4 ... Is your internet down ?,babe said hours almost internet
ham,Carry on not disturbing both of you,carry disturbing
ham,Hello which the site to download songs its urgent pls,hello site download songs urgent pls
ham,Its ok..come to my home it vl nice to meet and v can chat..,ok come home vl nice meet v chat
ham,Thats cool. i am a gentleman and will treat you with dignity and respect.,thats cool gentleman treat dignity respect
ham,Thanx a lot 4 ur help!,thanx lot ur help
ham,Not from this campus. Are you in the library?,campus library
ham,There r many model..sony ericson also der.. &lt;#&gt; ..it luks good bt i forgot modl no,r many model sony ericson also der lt gt luks good bt forgot modl
ham,"Edison has rightly said, ""A fool can ask more questions than a wise man can answer"" Now you know why all of us are speechless during ViVa.. GM,GN,GE,GNT:-)",edison rightly said fool ask questions wise man answer know us speechless viva gm gn ge gnt
ham,"idc get over here, you are not weaseling your way out of this shit twice in a row",idc get weaseling way shit twice row
ham,Asking do u knw them or nt? May be ur frnds or classmates?,asking u knw nt may ur frnds classmates
ham,Depends on individual lor e hair dresser say pretty but my parents say look gong. U kaypoh.. I also dunno wat she collecting.,depends individual lor e hair dresser say pretty parents say look gong u kaypoh also dunno wat collecting
ham,HAPPY NEW YEAR MY NO.1 MAN,happy new year man
ham,Well boy am I glad G wasted all night at applebees for nothing,well boy glad g wasted night applebees nothing
ham,You were supposed to wake ME up &gt;:(,supposed wake gt
ham,"Me not waking up until 4 in the afternoon, sup",waking afternoon sup
ham,Now? I'm going out 4 dinner soon..,going dinner soon
ham,Loosu go to hospital. De dont let it careless.,loosu go hospital de dont let careless
ham,"I had been hoping i would not have to send you this message. My rent is due and i dont have enough for it. My reserves are completely gone. Its a loan i need and was hoping you could her. The balance is  &lt;#&gt; . Is there a way i could get that from you, till mid march when i hope to pay back.",hoping would send message rent due dont enough reserves completely gone loan need hoping could balance lt gt way could get till mid march hope pay back
ham,"Hey... Thk we juz go accordin to wat we discussed yest lor, except no kb on sun... Cos there's nt much lesson to go if we attend kb on sat...",hey thk juz go accordin wat discussed yest lor except kb sun cos nt much lesson go attend kb sat
ham,"My friend just got here and says he's upping his order by a few grams (he's got $ &lt;#&gt; ), when can you get here?",friend got says upping order grams got lt gt get
ham,Dont show yourself. How far. Put new pictures up on facebook.,dont show far put new pictures facebook
ham,says the  &lt;#&gt;  year old with a man and money. I'm down to my last  &lt;#&gt; . Still waiting for that check.,says lt gt year old man money last lt gt still waiting check
ham,"You might want to pull out more just in case and just plan on not spending it if you can, I don't have much confidence in derek and taylor's money management",might want pull case plan spending much confidence derek taylor money management
ham,You always make things bigger than they are,always make things bigger
ham,"Say this slowly.? GOD,I LOVE YOU &amp; I NEED YOU,CLEAN MY HEART WITH YOUR BLOOD.Send this to Ten special people &amp; u c miracle tomorrow, do it,pls,pls do it...",say slowly god love amp need clean heart blood send ten special people amp u c miracle tomorrow pls pls
ham,"So many people seems to be special at first sight, But only very few will remain special to you till your last sight.. Maintain them till life ends.. take cr da",many people seems special first sight remain special till last sight maintain till life ends take cr da
ham,That sucks. I'll go over so u can do my hair. You'll do it free right?,sucks go u hair free right
ham,Squeeeeeze!! This is christmas hug.. If u lik my frndshp den hug me back.. If u get 3 u r cute:) 6 u r luvd:* 9 u r so lucky;) None? People hate u:,squeeeeeze christmas hug u lik frndshp den hug back u get u r cute u r luvd u r lucky none people hate u
ham,"Evening * v good if somewhat event laden. Will fill you in, don't you worry … Head * ok but throat * wrecked. See you at six then!",evening v good somewhat event laden fill worry head ok throat wrecked see six
ham,I will see in half an hour,see half hour
ham,Hi Dear Call me its urgnt. I don't know whats your problem. You don't want to work or if you have any other problem at least tell me. Wating for your reply.,hi dear call urgnt know whats problem want work problem least tell wating reply
ham,"Goodnight, sleep well da please take care pa. Please.",goodnight sleep well da please take care pa please
ham,Oh...i asked for fun. Haha...take care. ü,oh asked fun haha take care
ham,"Hey babe, sorry i didn't get sooner. Gary can come and fix it cause he thinks he knows what it is but he doesn't go as far a Ptbo and he says it will cost  &lt;#&gt;  bucks. I don't know if it might be cheaper to find someone there ? We don't have any second hand machines at all right now, let me know what you want to do babe",hey babe sorry get sooner gary come fix cause thinks knows go far ptbo says cost lt gt bucks know might cheaper find someone second hand machines right let know want babe
ham,"Wat time liao, where still got.",wat time liao still got
ham,Then get some cash together and I'll text jason,get cash together text jason
ham,Well keep in mind I've only got enough gas for one more round trip barring a sudden influx of cash,well keep mind got enough gas one round trip barring sudden influx cash
ham,"Hi. Wk been ok - on hols now! Yes on for a bit of a run. Forgot that i have hairdressers appointment at four so need to get home n shower beforehand. Does that cause prob for u?""",hi wk ok hols yes bit run forgot hairdressers appointment four need get home n shower beforehand cause prob u
ham,5 nights...We nt staying at port step liao...Too ex,nights nt staying port step liao ex
ham,"Oh, the grand is having a bit of a party but it doesn't mention any cover charge so it's probably first come first served",oh grand bit party mention cover charge probably first come first served
spam,Gr8 new service - live sex video chat on your mob - see the sexiest dirtiest girls live on ur phone - 4 details text horny to 89070 to cancel send STOP to 89070,gr new service live sex video chat mob see sexiest dirtiest girls live ur phone details text horny cancel send stop
ham,Tell me something. Thats okay.,tell something thats okay
ham,Die... I accidentally deleted e msg i suppose 2 put in e sim archive. Haiz... I so sad...,die accidentally deleted e msg suppose put e sim archive haiz sad
ham,Cheers for the message Zogtorius. Ive been staring at my phone for an age deciding whether to text or not.,cheers message zogtorius staring phone age deciding whether text
spam,SMS AUCTION - A BRAND NEW Nokia 7250 is up 4 auction today! Auction is FREE 2 join & take part! Txt NOKIA to 86021 now!,sms auction brand new nokia auction today auction free join take part txt nokia
ham,I need details about that online job.,need details online job
ham,Dear i am not denying your words please,dear denying words please
ham,It so happens that there r 2waxsto do wat you want. She can come and ill get her medical insurance. And she'll be able to deliver and have basic care. I'm currently shopping for the right medical insurance for her. So just give me til friday morning. Thats when i.ll see the major person that can guide me to the right insurance.,happens r waxsto wat want come ill get medical insurance able deliver basic care currently shopping right medical insurance give til friday morning thats see major person guide right insurance
spam,"Today's Offer! Claim ur £150 worth of discount vouchers! Text YES to 85023 now! SavaMob, member offers mobile! T Cs 08717898035. £3.00 Sub. 16 . Unsub reply X",today offer claim ur worth discount vouchers text yes savamob member offers mobile cs sub unsub reply x
ham,S..antha num corrct dane,antha num corrct dane
ham,Are you driving or training?,driving training
ham,Some are lasting as much as 2 hours. You might get lucky.,lasting much hours might get lucky
ham,"I have 2 sleeping bags, 1 blanket and paper and  phone details. Anything else?",sleeping bags blanket paper phone details anything else
ham,With my sis lor... We juz watched italian job.,sis lor juz watched italian job
spam,"Congrats! 1 year special cinema pass for 2 is yours. call 09061209465 now! C Suprman V, Matrix3, StarWars3, etc all 4 FREE! bx420-ip4-5we. 150pm. Dont miss out!",congrats year special cinema pass call c suprman v matrix starwars etc free bx ip pm dont miss
spam,Our brand new mobile music service is now live. The free music player will arrive shortly. Just install on your phone to browse content from the top artists.,brand new mobile music service live free music player arrive shortly install phone browse content top artists
ham,So when do you wanna gym?,wan na gym
ham,Wat makes some people dearer is not just de happiness dat u feel when u meet them but de pain u feel when u miss dem!!!,wat makes people dearer de happiness dat u feel u meet de pain u feel u miss dem
ham,"Aight, you close by or still down around alex's place?",aight close still around alex place
spam,"URGENT!! Your 4* Costa Del Sol Holiday or £5000 await collection. Call 09050090044 Now toClaim. SAE, TC s, POBox334, Stockport, SK38xh, Cost£1.50/pm, Max10mins",urgent costa del sol holiday await collection call toclaim sae tc pobox stockport sk xh cost pm max mins
ham,Just curious because my cuz asked what I was up to,curious cuz asked
ham,I though we shd go out n have some fun so bar in town or something – sound ok?,though shd go n fun bar town something sound ok
spam,As one of our registered subscribers u can enter the draw 4 a 100 G.B. gift voucher by replying with ENTER. To unsubscribe text STOP,one registered subscribers u enter draw g b gift voucher replying enter unsubscribe text stop
ham,Dont talk to him ever ok its my word.,dont talk ever ok word
spam,83039 62735=£450 UK Break AccommodationVouchers terms & conditions apply. 2 claim you mustprovide your claim number which is 15541 ,uk break accommodationvouchers terms conditions apply claim mustprovide claim number
ham,The 2 oz guy is being kinda flaky but one friend is interested in picking up $ &lt;#&gt;  worth tonight if possible,oz guy kinda flaky one friend interested picking lt gt worth tonight possible
ham,In work now. Going have in few min.,work going min
ham,Mm feeling sleepy. today itself i shall get that dear,mm feeling sleepy today shall get dear
ham,Dude ive been seeing a lotta corvettes lately,dude ive seeing lotta corvettes lately
ham,"Sorry, I'll call later",sorry call later
ham,Wat u doing there?,wat u
ham,Many times we lose our best ones bcoz we are ,many times lose best ones bcoz
ham,All e best 4 ur driving tmr :-),e best ur driving tmr
ham,Your daily text from me – a favour this time,daily text favour time
ham,U having lunch alone? I now so bored...,u lunch alone bored
ham,"I can. But it will tell quite long, cos i haven't finish my film yet...",tell quite long cos finish film yet
ham,The Xmas story is peace.. The Xmas msg is love.. The Xmas miracle is jesus.. Hav a blessed month ahead &amp; wish U Merry Xmas...,xmas story peace xmas msg love xmas miracle jesus hav blessed month ahead amp wish u merry xmas
ham,Huh so slow i tot u reach long ago liao... U 2 more days only i 4 more leh...,huh slow tot u reach long ago liao u days leh
ham,I wil be there with in  &lt;#&gt;  minutes. Got any space,wil lt gt minutes got space
spam,25p 4 alfie Moon's Children in need song on ur mob. Tell ur m8s. Txt Tone charity to 8007 for Nokias or Poly charity for polys: zed 08701417012 profit 2 charity.,p alfie moon children need song ur mob tell ur txt tone charity nokias poly charity polys zed profit charity
ham,Wow so healthy. Old airport rd lor. Cant thk of anything else. But i'll b bathing my dog later.,wow healthy old airport rd lor cant thk anything else b bathing dog later
ham,Just getting back home,getting back home
ham,Yes. It's all innocent fun. O:-),yes innocent fun
ham,Happy new years melody!,happy new years melody
ham,Then u better go sleep.. Dun disturb u liao.. U wake up then msg me lor..,u better go sleep dun disturb u liao u wake msg lor
ham,Hope you are having a great new semester. Do wish you the very best. You are made for greatness.,hope great new semester wish best made greatness
ham,"Babe! How goes that day ? What are you up to ? I miss you already, my Love ... * loving kiss* ... I hope everything goes well.",babe goes day miss already love loving kiss hope everything goes well
spam,"URGENT, IMPORTANT INFORMATION FOR O2 USER. TODAY IS YOUR LUCKY DAY! 2 FIND OUT WHY LOG ONTO HTTP://WWW.URAWINNER.COM THERE IS A FANTASTIC SURPRISE AWAITING FOR YOU",urgent important information user today lucky day find log onto fantastic surprise awaiting
ham,Well there's not a lot of things happening in Lindsay on New years *sighs* Some bars in Ptbo and the blue heron has something going,well lot things happening lindsay new years sighs bars ptbo blue heron something going
ham,Ok.,ok
ham,Ok...,ok
ham,YO YO YO BYATCH WHASSUP?,yo yo yo byatch whassup
spam,"cmon babe, make me horny, *turn* me on! Txt me your fantasy now babe -) Im hot, sticky and need you now. All replies cost £1.50. 2 cancel send STOP",cmon babe make horny turn txt fantasy babe im hot sticky need replies cost cancel send stop
ham,Ok set let u noe e details later...,ok set let u noe e details later
ham,"Now u sound like manky scouse boy steve,like! I is travelling on da bus home.wot has u inmind 4 recreation dis eve?",u sound like manky scouse boy steve like travelling da bus home wot u inmind recreation dis eve
ham,cThen i thk shd b enuff.. Still got conclusion n contents pg n references.. I'll b doing da contents pg n cover pg..,cthen thk shd b enuff still got conclusion n contents pg n references b da contents pg n cover pg
ham,"Sorry, I can't help you on this.",sorry help
spam,"For ur chance to win a £250 wkly shopping spree TXT: SHOP to 80878. T's&C's www.txt-2-shop.com custcare 08715705022, 1x150p/wk",ur chance win wkly shopping spree txt shop c custcare x p wk
ham,Why don't you go tell your friend you're not sure you want to live with him because he smokes too much then spend hours begging him to come smoke,go tell friend sure want live smokes much spend hours begging come smoke
ham,Noooooooo please. Last thing I need is stress. For once in your life be fair.,noooooooo please last thing need stress life fair
ham,Then anything special?,anything special
ham,It should take about  &lt;#&gt;  min,take lt gt min
ham,"I've not called you in a while. This is hoping it was l8r malaria and that you know that we miss you guys. I miss Bani big, so pls give her my love especially. Have a great day.",called hoping l r malaria know miss guys miss bani big pls give love especially great day
ham,"Actually nvm, got hella cash, we still on for  &lt;#&gt; ish?",actually nvm got hella cash still lt gt ish
spam,Santa calling! Would your little ones like a call from Santa Xmas Eve? Call 09077818151 to book you time. Calls1.50ppm last 3mins 30s T&C www.santacalling.com,santa calling would little ones like call santa xmas eve call book time calls ppm last mins c
ham,I will send them to your email. Do you mind  &lt;#&gt;  times per night?,send email mind lt gt times per night
ham,You didnt complete your gist oh.,didnt complete gist oh
ham,Beerage?,beerage
ham,Sac will score big hundred.he is set batsman:-),sac score big hundred set batsman
ham,"sry can't talk on phone, with parents",sry talk phone parents
ham,The message sent is askin for  &lt;#&gt; dollars. Shoul i pay  &lt;#&gt;  or  &lt;#&gt; ?,message sent askin lt gt dollars shoul pay lt gt lt gt
ham,Horrible u eat macs eat until u forgot abt me already rite... U take so long 2 reply. I thk it's more toot than b4 so b prepared. Now wat shall i eat?,horrible u eat macs eat u forgot abt already rite u take long reply thk toot b b prepared wat shall eat
ham,I want kfc its Tuesday. Only buy 2 meals ONLY 2. No gravy. Only 2 Mark. 2!,want kfc tuesday buy meals gravy mark
ham,Most of the tiime when i don't let you hug me it's so i don't break into tears.,tiime let hug break tears
ham,"Im sorry bout last nite it wasnt ur fault it was me, spouse it was pmt or sumthin! U 4give me? I think u shldxxxx",im sorry bout last nite ur fault spouse pmt sumthin u give think u shldxxxx
ham,Are you going to write ccna exam this week??,going write ccna exam week
ham,Ha... Both of us doing e same thing. But i got tv 2 watch. U can thk of where 2 go tonight or u already haf smth in mind...,ha us e thing got tv watch u thk go tonight u already haf smth mind
ham,I take it we didn't have the phone callon Friday. Can we assume we won't have it this year now?,take phone callon friday assume year
ham,I am great princess! What are you thinking about me? :),great princess thinking
ham,Where's mummy's boy ? Is he being good or bad ? Is he being positive or negative ? Why is mummy being made to wait? Hmmmm?,mummy boy good bad positive negative mummy made wait hmmmm
spam,"Welcome to UK-mobile-date this msg is FREE giving you free calling to 08719839835. Future mgs billed at 150p daily. To cancel send ""go stop"" to 89123",welcome uk mobile date msg free giving free calling future mgs billed p daily cancel send go stop
ham,"Good morning, im suffering from fever and dysentry ..will not be able to come to office today.",good morning im suffering fever dysentry able come office today
ham,They have a thread on the wishlist section of the forums where ppl post nitro requests. Start from the last page and collect from the bottom up.,thread wishlist section forums ppl post nitro requests start last page collect bottom
ham,Can u look 4 me in da lib i got stuff havent finish yet.,u look da lib got stuff havent finish yet
ham,Purity of friendship between two is not about smiling after reading the forwarded message..Its about smiling just by seeing the name. Gud evng musthu,purity friendship two smiling reading forwarded message smiling seeing name gud evng musthu
ham,Have your lunch and come quickly and open the door:),lunch come quickly open door
ham,Whos this am in class:-),whos class
spam,"SIX chances to win CASH! From 100 to 20,000 pounds txt> CSH11 and send to 87575. Cost 150p/day, 6days, 16+ TsandCs apply Reply HL 4 info",six chances win cash pounds txt csh send cost p day days tsandcs apply reply hl info
ham,Good Morning my Dear........... Have a great &amp; successful day.,good morning dear great amp successful day
ham,Shall i get my pouch?,shall get pouch
ham,"Sorry,  in meeting I'll call you later",sorry meeting call later
ham,I love u 2 my little pocy bell I am sorry but I love u,love u little pocy bell sorry love u
ham,"Haha figures, well I found the piece and priscilla's bowl",haha figures well found piece priscilla bowl
spam,You are awarded a SiPix Digital Camera! call 09061221061 from landline. Delivery within 28days. T Cs Box177. M221BP. 2yr warranty. 150ppm. 16 . p p£3.99,awarded sipix digital camera call landline delivery within days cs box bp yr warranty ppm p p
ham,Hiya do u like the hlday pics looked horrible in them so took mo out! Hows the camp Amrca thing? Speak soon Serena:),hiya u like hlday pics looked horrible took mo hows camp amrca thing speak soon serena
ham,I dont know ask to my brother. Nothing problem some thing that. Just i told .,dont know ask brother nothing problem thing told
ham,Will you come online today night,come online today night
ham,"Yeah there's quite a bit left, I'll swing by tomorrow when I get up",yeah quite bit left swing tomorrow get
ham,"Oh, then your phone phoned me but it disconnected",oh phone phoned disconnected
ham,Hi good mornin.. Thanku wish u d same..,hi good mornin thanku wish u
ham,Wow didn't think it was that common. I take it all back ur not a freak! Unless u chop it off:-),wow think common take back ur freak unless u chop
ham,Was the farm open?,farm open
spam,"As a valued customer, I am pleased to advise you that following recent review of your Mob No. you are awarded with a £1500 Bonus Prize, call 09066368470",valued customer pleased advise following recent review mob awarded bonus prize call
ham,Who's there say hi to our drugdealer,say hi drugdealer
ham,Goodnight da thangam I really miss u dear.,goodnight da thangam really miss u dear
ham,"Haha just kidding, papa needs drugs",haha kidding papa needs drugs
spam,TheMob>Yo yo yo-Here comes a new selection of hot downloads for our members to get for FREE! Just click & open the next link sent to ur fone...,themob yo yo yo comes new selection hot downloads members get free click open next link sent ur fone
ham,"Hello baby, did you get back to your mom's ? Are you setting up the computer now ? Filling your belly ? How goes it loverboy ? I miss you already ... *sighs*",hello baby get back mom setting computer filling belly goes loverboy miss already sighs
ham,Dun need to use dial up juz open da browser n surf...,dun need use dial juz open da browser n surf
ham,I want to sent  &lt;#&gt; mesages today. Thats y. Sorry if i hurts,want sent lt gt mesages today thats sorry hurts
ham,"Ask g or iouri, I've told the story like ten times already",ask g iouri told story like ten times already
ham,Never try alone to take the weight of a tear that comes out of ur heart and falls through ur eyes... Always remember a STUPID FRIEND is here to share... BSLVYL,never try alone take weight tear comes ur heart falls ur eyes always remember stupid friend share bslvyl
ham,Are you still playing with gautham?,still playing gautham
ham,How are you with moneY...as in to you...money aint a thing....how are you sha!,money money aint thing sha
ham,"Japanese Proverb: If one Can do it, U too Can do it, If none Can do it,U must do it Indian version: If one Can do it, LET HIM DO it.. If none Can do it,LEAVE it!! And finally Kerala version: If one can do it, Stop him doing it.. If none can do it, Make a strike against it ...",japanese proverb one u none u must indian version one let none leave finally kerala version one stop none make strike
spam,Free 1st week entry 2 TEXTPOD 4 a chance 2 win 40GB iPod or £250 cash every wk. Txt POD to 84128 Ts&Cs www.textpod.net custcare 08712405020.,free st week entry textpod chance win gb ipod cash every wk txt pod ts cs custcare
ham,Hey happy birthday...,hey happy birthday
spam,Are you unique enough? Find out from 30th August. www.areyouunique.co.uk,unique enough find th august
ham,Is xy going 4 e lunch?,xy going e lunch
ham,"Yo carlos, a few friends are already asking me about you, you working at all this weekend?",yo carlos friends already asking working weekend
ham,Lol ... I knew that .... I saw him in the dollar store,lol knew saw dollar store
ham,Thank god they are in bed!,thank god bed
spam,"Do you ever notice that when you're driving, anyone going slower than you is an idiot and everyone driving faster than you is a maniac?",ever notice driving anyone going slower idiot everyone driving faster maniac
ham,"Awesome, that gonna be soon or later tonight?",awesome gon na soon later tonight
spam,<Forwarded from 448712404000>Please CALL 08712404000 immediately as there is an urgent message waiting for you.,forwarded please call immediately urgent message waiting
ham,In life when you face choices Just toss a coin not becoz its settle the question But while the coin in the air U will know what your heart is hoping for. Gudni8,life face choices toss coin becoz settle question coin air u know heart hoping gudni
ham,Huh means computational science... Y they like dat one push here n there...,huh means computational science like dat one push n
ham,At 7 we will go ok na.,go ok na
ham,Tell dear what happen to you. Why you talking to me like an alian,tell dear happen talking like alian
ham,The world's most happiest frnds never have the same characters... Dey just have the best understanding of their differences...,world happiest frnds never characters dey best understanding differences
ham,Shuhui has bought ron's present it's a swatch watch...,shuhui bought ron present swatch watch
spam,Call Germany for only 1 pence per minute! Call from a fixed line via access number 0844 861 85 85. No prepayment. Direct access!,call germany pence per minute call fixed line via access number prepayment direct access
ham,I'm coming home 4 dinner.,coming home dinner
ham,"Probably gonna be here for a while, see you later tonight &lt;)",probably gon na see later tonight lt
ham,Shuhui say change 2 suntec steamboat? U noe where? Where r u now?,shuhui say change suntec steamboat u noe r u
spam,Please call our customer service representative on FREEPHONE 0808 145 4742 between 9am-11pm as you have WON a guaranteed £1000 cash or £5000 prize!,please call customer service representative freephone pm guaranteed cash prize
ham,Mathews or tait or edwards or anderson,mathews tait edwards anderson
ham,Yes. Rent is very expensive so its the way we save.,yes rent expensive way save
spam,Burger King - Wanna play footy at a top stadium? Get 2 Burger King before 1st Sept and go Large or Super with Coca-Cola and walk out a winner,burger king wan na play footy top stadium get burger king st sept go large super coca cola walk winner
ham,My battery is low babe,battery low babe
ham,Okie...,okie
ham,U coming 2 pick me?,u coming pick
ham,Otherwise had part time job na-tuition..,otherwise part time job na tuition
ham,But your brother transfered only  &lt;#&gt;  +  &lt;#&gt; . Pa.,brother transfered lt gt lt gt pa
ham,It just seems like weird timing that the night that all you and g want is for me to come smoke is the same day as when a shitstorm is attributed to me always coming over and making everyone smoke,seems like weird timing night g want come smoke day shitstorm attributed always coming making everyone smoke
spam,You have 1 new message. Call 0207-083-6089,new message call
spam,Married local women looking for discreet action now! 5 real matches instantly to your phone. Text MATCH to 69969 Msg cost 150p 2 stop txt stop BCMSFWC1N3XX,married local women looking discreet action real matches instantly phone text match msg cost p stop txt stop bcmsfwc n xx
ham,Yeah sure I'll leave in a min,yeah sure leave min
ham,No calls..messages..missed calls,calls messages missed calls
ham,"A gram usually runs like  &lt;#&gt; , a half eighth is smarter though and gets you almost a whole second gram for  &lt;#&gt;",gram usually runs like lt gt half eighth smarter though gets almost whole second gram lt gt
ham,You will be in the place of that man,place man
ham,I would but I'm still cozy. And exhausted from last night.nobody went to school or work. Everything is closed.,would still cozy exhausted last night nobody went school work everything closed
spam,"SIX chances to win CASH! From 100 to 20,000 pounds txt> CSH11 and send to 87575. Cost 150p/day, 6days, 16+ TsandCs apply Reply HL 4 info",six chances win cash pounds txt csh send cost p day days tsandcs apply reply hl info
ham,"Christmas is An occasion that is Celebrated as a Reflection of UR... Values..., Desires..., Affections...&amp; Traditions.... Have an ideal Christmas...",christmas occasion celebrated reflection ur values desires affections amp traditions ideal christmas
spam,Call 09095350301 and send our girls into erotic ecstacy. Just 60p/min. To stop texts call 08712460324 (nat rate),call send girls erotic ecstacy p min stop texts call nat rate
ham,All sounds good. Fingers . Makes it difficult to type,sounds good fingers makes difficult type
ham,TaKe CaRE n gET WeLL sOOn,take care n get well soon
ham,K.k:)apo k.good movie.,k k apo k good movie
ham,Sounds like you have many talents! would you like to go on a dinner date next week?,sounds like many talents would like go dinner date next week
spam,"You are being contacted by our Dating Service by someone you know! To find out who it is, call from your mobile or landline 09064017305 PoBox75LDNS7 ",contacted dating service someone know find call mobile landline pobox ldns
ham,Usually the person is unconscious that's in children but in adults they may just behave abnormally. I.ll call you now,usually person unconscious children adults may behave abnormally call
ham,"Sorry, I'll call later",sorry call later
ham,great princess! I love giving and receiving oral. Doggy style is my fave position. How about you? I enjoy making love  &lt;#&gt;  times per night :),great princess love giving receiving oral doggy style fave position enjoy making love lt gt times per night
spam,Ur balance is now £500. Ur next question is: Who sang 'Uptown Girl' in the 80's ? 2 answer txt ur ANSWER to 83600. Good luck!,ur balance ur next question sang uptown girl answer txt ur answer good luck
ham,"I.ll always be there, even if its just in spirit. I.ll get a bb soon. Just trying to be sure i need it.",always even spirit get bb soon trying sure need
ham,No calls..messages..missed calls,calls messages missed calls
ham,"What do u reckon as need 2 arrange transport if u can't do it, thanks",u reckon need arrange transport u thanks
ham,Yes:)sura in sun tv.:)lol.,yes sura sun tv lol
ham,They finally came to fix the ceiling.,finally came fix ceiling
ham,No de. But call me after some time. Ill tell you k,de call time ill tell k
ham,Hey i will be late ah... Meet you at 945+,hey late ah meet
ham,No problem. Talk to you later,problem talk later
ham,"Thank you so much. When we skyped wit kz and sura, we didnt get the pleasure of your company. Hope you are good. We've given you ultimatum oh! We are countin down to aburo. Enjoy! This is the message i sent days ago",thank much skyped wit kz sura didnt get pleasure company hope good given ultimatum oh countin aburo enjoy message sent days ago
ham,K..k..i'm also fine:)when will you complete the course?,k k also fine complete course
ham,Shall i come to get pickle,shall come get pickle
ham,If You mean the website. Yes.,mean website yes
spam,WIN URGENT! Your mobile number has been awarded with a £2000 prize GUARANTEED call 09061790121 from land line. claim 3030 valid 12hrs only 150ppm ,win urgent mobile number awarded prize guaranteed call land line claim valid hrs ppm
ham,When can ü come out?,come
ham,ILL B DOWN SOON,ill b soon
ham,"Sorry, I'll call later",sorry call later
ham,Thanks for loving me so. You rock,thanks loving rock
ham,"I can probably come by, everybody's done around  &lt;#&gt;  right?",probably come everybody done around lt gt right
ham,"Good afternoon on this glorious anniversary day, my sweet J !! I hope this finds you happy and content, my Prey. I think of you and send a teasing kiss from across the sea coaxing images of fond souveniers ... You Cougar-Pen",good afternoon glorious anniversary day sweet j hope finds happy content prey think send teasing kiss across sea coaxing images fond souveniers cougar pen
ham,What's up. Do you want me to come online?,want come online
ham,"I'll text carlos and let you know, hang on",text carlos let know hang
ham,Haha... They cant what... At the most tmr forfeit... haha so how?,haha cant tmr forfeit haha
spam,YES! The only place in town to meet exciting adult singles is now in the UK. Txt CHAT to 86688 now! 150p/Msg.,yes place town meet exciting adult singles uk txt chat p msg
ham,If I die I want u to have all my stuffs.,die want u stuffs
ham,Just got to  &lt;#&gt;,got lt gt
spam,"Thanks for your Ringtone Order, Reference T91. You will be charged GBP 4 per week. You can unsubscribe at anytime by calling customer services on 09057039994",thanks ringtone order reference charged gbp per week unsubscribe anytime calling customer services
ham,You still coming tonight?,still coming tonight
ham,"I know where the  &lt;#&gt;  is, I'll be there around 5",know lt gt around
ham,We not watching movie already. Xy wants 2 shop so i'm shopping w her now.,watching movie already xy wants shop shopping w
spam,Last chance 2 claim ur £150 worth of discount vouchers-Text YES to 85023 now!SavaMob-member offers mobile T Cs 08717898035. £3.00 Sub. 16 . Remove txt X or STOP,last chance claim ur worth discount vouchers text yes savamob member offers mobile cs sub remove txt x stop
ham,"Dont search love, let love find U. Thats why its called falling in love, bcoz U dont force yourself, U just fall and U know there is smeone to hold U... BSLVYL",dont search love let love find u thats called falling love bcoz u dont force u fall u know smeone hold u bslvyl
ham,"You have come into my life and brought the sun ..Shiny down on me, warming my heart. Putting a constant smile on my face ... Making me feel loved and cared for",come life brought sun shiny warming heart putting constant smile face making feel loved cared
ham,Shhhhh nobody is supposed to know!,shhhhh nobody supposed know
spam,U have a Secret Admirer who is looking 2 make contact with U-find out who they R*reveal who thinks UR so special-call on 09065171142-stopsms-08718727870150ppm,u secret admirer looking make contact u find r reveal thinks ur special call stopsms ppm
ham,Never y lei... I v lazy... Got wat? Dat day ü send me da url cant work one...,never lei v lazy got wat dat day send da url cant work one
ham,Senthil group company Apnt 5pm.,senthil group company apnt pm
ham,K fyi x has a ride early tomorrow morning but he's crashing at our place tonight,k fyi x ride early tomorrow morning crashing place tonight
ham,Ok ok take care. I can understand.,ok ok take care understand
ham,"Thank you. And by the way, I just lost.",thank way lost
ham,Dun b sad.. It's over.. Dun thk abt it already. Concentrate on ur other papers k.,dun b sad dun thk abt already concentrate ur papers k
ham,So what u doing today?,u today
ham,Once free call me sir. I am waiting for you.,free call sir waiting
ham,When you came to hostel.,came hostel
ham,Are you at work right now ?,work right
ham,Ü mean it's confirmed... I tot they juz say oni... Ok then... ,mean confirmed tot juz say oni ok
spam,Todays Voda numbers ending 7548 are selected to receive a $350 award. If you have a match please call 08712300220 quoting claim code 4041 standard rates app,todays voda numbers ending selected receive award match please call quoting claim code standard rates app
ham,"Yeah, in fact he just asked if we needed anything like an hour ago. When and how much?",yeah fact asked needed anything like hour ago much
ham,No. I.ll meet you in the library,meet library
ham,"I am in tirupur da, once you started from office call me.",tirupur da started office call
ham,If I was I wasn't paying attention,paying attention
ham,You should change your fb to jaykwon thuglyfe falconerf,change fb jaykwon thuglyfe falconerf
ham,"Oh... Haha... Den we shld had went today too... Gee, nvm la... Kaiez, i dun mind goin jazz oso... Scared hiphop open cant catch up... ",oh haha den shld went today gee nvm la kaiez dun mind goin jazz oso scared hiphop open cant catch
spam,"FREE2DAY sexy St George's Day pic of Jordan!Txt PIC to 89080 dont miss out, then every wk a saucy celeb!4 more pics c PocketBabe.co.uk 0870241182716 £3/wk",free day sexy st george day pic jordan txt pic dont miss every wk saucy celeb pics c pocketbabe co uk wk
ham,Ok then i will come to ur home after half an hour,ok come ur home half hour
ham,Okay. I've seen it. So i should pick it on friday?,okay seen pick friday
spam,Here is your discount code RP176781. To stop further messages reply stop. www.regalportfolio.co.uk. Customer Services 08717205546,discount code rp stop messages reply stop customer services
ham,Annoying isn't it.,annoying
ham,Speak only when you feel your words are better than the silence... Gud mrng:-),speak feel words better silence gud mrng
ham,S s..first time..dhoni rocks...,first time dhoni rocks
spam,You have won a guaranteed £200 award or even £1000 cashto claim UR award call free on 08000407165 (18+) 2 stop getstop on 88222 PHP,guaranteed award even cashto claim ur award call free stop getstop php
ham,1Apple/Day=No Doctor. 1Tulsi Leaf/Day=No Cancer. 1Lemon/Day=No Fat. 1Cup Milk/day=No Bone Problms 3 Litres Watr/Day=No Diseases Snd ths 2 Whom U Care..:-),apple day doctor tulsi leaf day cancer lemon day fat cup milk day bone problms litres watr day diseases snd ths u care
ham,He says hi and to get your ass back to south tampa (preferably at a kegger),says hi get ass back south tampa preferably kegger
spam,U have a secret admirer who is looking 2 make contact with U-find out who they R*reveal who thinks UR so special-call on 09058094599,u secret admirer looking make contact u find r reveal thinks ur special call
ham,Si si. I think ill go make those oreo truffles.,si si think ill go make oreo truffles
ham,if you text on your way to cup stop that should work. And that should be BUS,text way cup stop work bus
ham,Networking job is there.,networking job
ham,No he didn't. Spring is coming early yay!,spring coming early yay
ham,The whole car appreciated the last two! Dad and are having a map reading semi argument but apart from that things are going ok. P.,whole car appreciated last two dad map reading semi argument apart things going ok p
ham,It shall be fine. I have avalarr now. Will hollalater,shall fine avalarr hollalater
ham,I got lousy sleep. I kept waking up every 2 hours to see if my cat wanted to come in. I worry about him when its cold :(,got lousy sleep kept waking every hours see cat wanted come worry cold
ham,I think chennai well settled?,think chennai well settled
ham,Friends that u can stay on fb chat with,friends u stay fb chat
ham,Nope but i'm going home now then go pump petrol lor... Like going 2 rain soon...,nope going home go pump petrol lor like going rain soon
ham,How long does applebees fucking take,long applebees fucking take
ham,Takin a shower now but yeah I'll leave when I'm done,takin shower yeah leave done
ham,"sorry, no, have got few things to do. may be in pub later.",sorry got things may pub later
spam,This message is brought to you by GMW Ltd. and is not connected to the,message brought gmw ltd connected
ham,True dear..i sat to pray evening and felt so.so i sms'd you in some time...,true dear sat pray evening felt sms time
ham,Let me know how to contact you. I've you settled in a room. Lets know you are ok.,let know contact settled room lets know ok
ham,"Do you know why god created gap between your fingers..? So that, One who is made for you comes &amp; fills those gaps by holding your hand with LOVE..!",know god created gap fingers one made comes amp fills gaps holding hand love
ham,Ok thanx...,ok thanx
ham,Dear good morning now only i am up,dear good morning
ham,How much is blackberry bold2 in nigeria.,much blackberry bold nigeria
ham,"Good afternoon, my love ... How goes your day ? How did you sleep ? I hope your well, my boytoy ... I think of you ...",good afternoon love goes day sleep hope well boytoy think
ham,"In case you wake up wondering where I am, I forgot I have to take care of something for grandma today, should be done before the parade",case wake wondering forgot take care something grandma today done parade
ham,Hey u still at the gym?,hey u still gym
ham,As in i want custom officer discount oh.,want custom officer discount oh
spam,"YOU 07801543489 are guaranteed the latests Nokia Phone, a 40GB iPod MP3 player or a £500 prize! Txt word:COLLECT to No:83355! TC-LLC NY-USA 150p/Mt msgrcvd18+",guaranteed latests nokia phone gb ipod mp player prize txt word collect tc llc ny usa p mt msgrcvd
ham,Gud ni8 dear..slp well..take care..swt dreams..Muah..,gud ni dear slp well take care swt dreams muah
ham,He says he'll give me a call when his friend's got the money but that he's definitely buying before the end of the week,says give call friend got money definitely buying end week
ham,Spoons it is then okay?,spoons okay
ham,Ya that one is slow as poo,ya one slow poo
spam,This message is free. Welcome to the new & improved Sex & Dogging club! To unsubscribe from this service reply STOP. msgs@150p 18+only,message free welcome new improved sex dogging club unsubscribe service reply stop
ham,Is that on the telly? No its Brdget Jones!,telly brdget jones
ham,So when do you wanna gym harri,wan na gym harri
ham,IM REALY SOZ IMAT MY MUMS 2NITE WHAT ABOUT 2MORO ,im realy soz imat mums nite moro
ham,"Sure, whenever you show the fuck up &gt;:(",sure whenever show fuck gt
ham,"HEY HEY WERETHE MONKEESPEOPLE SAY WE MONKEYAROUND! HOWDY GORGEOUS, HOWU DOIN? FOUNDURSELF A JOBYET SAUSAGE?LOVE JEN XXX",hey hey werethe monkeespeople say monkeyaround howdy gorgeous howu doin foundurself jobyet sausage love jen xxx
ham,Its on in engalnd! But telly has decided it won't let me watch it and mia and elliot were kissing! Damn it!,engalnd telly decided let watch mia elliot kissing damn
ham,"Ok. Not much to do here though. H&M Friday, cant wait. Dunno wot the hell im gonna do for another 3 weeks! Become a slob- oh wait, already done that! ",ok much though h friday cant wait dunno wot hell im gon na another weeks become slob oh wait already done
ham,Long beach lor. Expected... U having dinner now?,long beach lor expected u dinner
ham,Oh yah... We never cancel leh... Haha ,oh yah never cancel leh haha
ham,"I don't know, same thing that's wrong everyso often, he panicks starts goin on bout not bein good enough …",know thing wrong everyso often panicks starts goin bout bein good enough
ham,Hi mate its RV did u hav a nice hol just a message 3 say hello coz havent sent u 1 in ages started driving so stay off roads!RVx,hi mate rv u hav nice hol message say hello coz sent u ages started driving stay roads rvx
ham,Thts wat Wright Brother did to fly..,thts wat wright brother fly
ham,"I'm nt goin, got somethin on, unless they meetin 4 dinner lor... Haha, i wonder who will go tis time...",nt goin got somethin unless meetin dinner lor haha wonder go tis time
spam,"Dear Voucher Holder, To claim this weeks offer, at you PC please go to http://www.e-tlp.co.uk/reward. Ts&Cs apply.",dear voucher holder claim weeks offer pc please go ts cs apply
ham,Send this to ur friends and receive something about ur voice..... How is my speaking expression? 1.childish 2.naughty 3.Sentiment 4.rowdy 5.ful of attitude 6.romantic 7.shy 8.Attractive 9.funny  &lt;#&gt; .irritating  &lt;#&gt; .lovable. reply me..,send ur friends receive something ur voice speaking expression childish naughty sentiment rowdy ful attitude romantic shy attractive funny lt gt irritating lt gt lovable reply
spam,Congratulations ur awarded 500 of CD vouchers or 125gift guaranteed & Free entry 2 100 wkly draw txt MUSIC to 87066 TnCs www.Ldew.com1win150ppmx3age16,congratulations ur awarded cd vouchers gift guaranteed free entry wkly draw txt music tncs
ham,Near kalainar tv office.thenampet,near kalainar tv office thenampet
ham,"Er yeah, i will b there at 15:26, sorry! Just tell me which pub/cafe to sit in and come wen u can",er yeah b sorry tell pub cafe sit come wen u
ham,Hmm thinking lor...,hmm thinking lor
ham,Yes i thought so. Thanks.,yes thought thanks
ham,K actually can you guys meet me at the sunoco on howard? It should be right on the way,k actually guys meet sunoco howard right way
ham,I not busy juz dun wan 2 go so early.. Hee.. ,busy juz dun wan go early hee
spam,Ur cash-balance is currently 500 pounds - to maximize ur cash-in now send GO to 86688 only 150p/meg. CC: 08718720201 HG/Suite342/2lands Row/W1j6HL,ur cash balance currently pounds maximize ur cash send go p meg cc hg suite lands row w j hl
spam,"Bears Pic Nick, and Tom, Pete and ... Dick. In fact, all types try gay chat with photo upload call 08718730666 (10p/min). 2 stop texts call 08712460324",bears pic nick tom pete dick fact types try gay chat photo upload call p min stop texts call
spam,Filthy stories and GIRLS waiting for your,filthy stories girls waiting
ham,"I‘ve got some salt, you can rub it in my open wounds if you like!",got salt rub open wounds like
ham,Desires- u going to doctor 4 liver. And get a bit stylish. Get ur hair managed. Thats it.,desires u going doctor liver get bit stylish get ur hair managed thats
ham,"G says you never answer your texts, confirm/deny",g says never answer texts confirm deny
ham,I wud never mind if u dont miss me or if u dont need me.. But u wil really hurt me wen u need me &amp; u dont tell me......... Take care:-),wud never mind u dont miss u dont need u wil really hurt wen u need amp u dont tell take care
ham,Yup i'm still having coffee wif my frens... My fren drove she'll give me a lift...,yup still coffee wif frens fren drove give lift
spam,URGENT! This is the 2nd attempt to contact U!U have WON £1000CALL 09071512432 b4 300603t&csBCM4235WC1N3XX.callcost150ppmmobilesvary. max£7. 50,urgent nd attempt contact u u call b csbcm wc n xx callcost ppmmobilesvary max
ham,The beauty of life is in next second.. which hides thousands of secrets. I wish every second will be wonderful in ur life...!! gud n8,beauty life next second hides thousands secrets wish every second wonderful ur life gud n
ham,Ok lor then we go tog lor...,ok lor go tog lor
ham,"Although i told u dat i'm into baig face watches now but i really like e watch u gave cos it's fr u. Thanx 4 everything dat u've done today, i'm touched...",although told u dat baig face watches really like e watch u gave cos fr u thanx everything dat u done today touched
ham,"Ya they are well and fine., BBD(pooja) full pimples..even she become quite black..and ur rite here its too cold, wearing sweatter..",ya well fine bbd pooja full pimples even become quite black ur rite cold wearing sweatter
ham,Hello! How r u? Im bored. Inever thought id get bored with the tv but I am. Tell me something exciting has happened there? Anything! =/,hello r u im bored inever thought id get bored tv tell something exciting happened anything
ham,Dude just saw a parked car with its sunroof popped up. Sux,dude saw parked car sunroof popped sux
ham,"Keep ur problems in ur heart, b'coz nobody will fight for u. Only u &amp; u have to fight for ur self &amp; win the battle. -VIVEKANAND- G 9t.. SD..
ham	Yeah, give me a call if you've got a minute
ham	HI BABE UAWAKE?FEELLIKW SHIT.JUSTFOUND OUT VIA ALETTER THATMUM GOTMARRIED 4thNOV.BEHIND OURBACKS  FUCKINNICE!SELFISH,DEVIOUSBITCH.ANYWAY,IL CALL U""",keep ur problems ur heart b coz nobody fight u u amp u fight ur self amp win battle vivekanand g sd ham yeah give call got minute ham hi babe uawake feellikw shit justfound via aletter thatmum gotmarried thnov behind ourbacks fuckinnice selfish deviousbitch anyway l call u
ham,Lol ok your forgiven :),lol ok forgiven
spam,WINNER!! As a valued network customer you have been selected to receivea £900 prize reward! To claim call 09061701461. Claim code KL341. Valid 12 hours only.,winner valued network customer selected receivea prize reward claim call claim code kl valid hours
ham,I dont. Can you send it to me. Plus how's mode.,dont send plus mode
ham,"Yo, call me when you get the chance, a friend of mine wanted me to ask you about a big order",yo call get chance friend mine wanted ask big order
ham,What i told before i tell. Stupid hear after i wont tell anything to you. You dad called to my brother and spoken. Not with me.,told tell stupid hear wont tell anything dad called brother spoken
ham,"Hey doc pls I want to get nice t shirt for my hubby nice fiting ones my budget is  &lt;#&gt; k help pls I will load d card abi hw,keep me posted luv. 2 mj",hey doc pls want get nice shirt hubby nice fiting ones budget lt gt k help pls load card abi hw keep posted luv mj
ham,I have 2 docs appointments next week.:/ I'm tired of them shoving stuff up me. Ugh why couldn't I have had a normal body?,docs appointments next week tired shoving stuff ugh normal body
ham,"Well done, blimey, exercise, yeah, i kinda remember wot that is, hmm. ",well done blimey exercise yeah kinda remember wot hmm
ham,twenty past five he said will this train have been to durham already or not coz i am in a reserved seat,twenty past five said train durham already coz reserved seat
ham,I'm at bruce &amp; fowler now but I'm in my mom's car so I can't park (long story),bruce amp fowler mom car park long story
spam,"tddnewsletter@emc1.co.uk (More games from TheDailyDraw) Dear Helen, Dozens of Free Games - with great prizesWith..",games thedailydraw dear helen dozens free games great prizeswith
ham,"I av a new number,  . Wil u only use this one,ta.",av new number wil u use one ta
ham,Then u going ikea str aft dat?,u going ikea str aft dat
ham,I'm not sure if its still available though,sure still available though
ham,U should make a fb list,u make fb list
ham,"I wasn't well babe, i have swollen glands at my throat ... What did you end up doing ?",well babe swollen glands throat end
ham,"Yeah I am, so I'll leave maybe 7ish?",yeah leave maybe ish
spam,"HOT LIVE FANTASIES call now 08707509020 Just 20p per min NTT Ltd, PO Box 1327 Croydon CR9 5WB 0870..k",hot live fantasies call p per min ntt ltd po box croydon cr wb k
ham,Mystery solved! Just opened my email and he's sent me another batch! Isn't he a sweetie,mystery solved opened email sent another batch sweetie
ham,Please don't text me anymore. I have nothing else to say.,please text anymore nothing else say
ham,"Wen ur lovable bcums angry wid u, dnt take it seriously.. Coz being angry is d most childish n true way of showing deep affection, care n luv!.. kettoda manda... Have nice day da.",wen ur lovable bcums angry wid u dnt take seriously coz angry childish n true way showing deep affection care n luv kettoda manda nice day da
ham,U buy newspapers already?,u buy newspapers already
ham,Can not use foreign stamps in this country. Good lecture .,use foreign stamps country good lecture
ham,I'll text now! All creepy like so he won't think that we forgot,text creepy like think forgot
ham,"Nah man, my car is meant to be crammed full of people",nah man car meant crammed full people
ham,"Its good, we'll find a way",good find way
ham,Oic... I saw him too but i tot he din c me... I found a group liao...,oic saw tot din c found group liao
ham,"Please protect yourself from e-threats. SIB never asks for sensitive information like Passwords,ATM/SMS PIN thru email. Never share your password with anybody.",please protect e threats sib never asks sensitive information like passwords atm sms pin thru email never share password anybody
ham,Somebody should go to andros and steal ice,somebody go andros steal ice
ham,But i'm surprised she still can guess right lor...,surprised still guess right lor
ham,I dont thnk its a wrong calling between us,dont thnk wrong calling us
ham,Well obviously not because all the people in my cool college life went home ;_;,well obviously people cool college life went home
ham,C movie is juz last minute decision mah. Juz watch 2 lar but i tot ü not interested.,c movie juz last minute decision mah juz watch lar tot interested
ham,He also knows about lunch menu only da. . I know,also knows lunch menu da know
ham,Gudnite....tc...practice going on,gudnite tc practice going
ham,Hey pple...$700 or $900 for 5 nights...Excellent location wif breakfast hamper!!!,hey pple nights excellent location wif breakfast hamper
ham,Y lei?,lei
ham,I did. One slice and one breadstick. Lol,one slice one breadstick lol
ham,"As usual..iam fine, happy &amp; doing well..:)",usual iam fine happy amp well
ham,Can a not?,
ham,"Hey babe! I saw you came online for a second and then you disappeared, what happened ?",hey babe saw came online second disappeared happened
spam,dating:i have had two of these. Only started after i sent a text to talk sport radio last week. Any connection do you think or coincidence?,dating two started sent text talk sport radio last week connection think coincidence
ham,Is there any movie theatre i can go to and watch unlimited movies and just pay once?,movie theatre go watch unlimited movies pay
spam,You are a winner U have been specially selected 2 receive £1000 or a 4* holiday (flights inc) speak to a live operator 2 claim 0871277810910p/min (18+) ,winner u specially selected receive holiday flights inc speak live operator claim p min
spam,URGENT! Your Mobile number has been awarded a <UKP>2000 prize GUARANTEED. Call 09061790125 from landline. Claim 3030. Valid 12hrs only 150ppm,urgent mobile number awarded ukp prize guaranteed call landline claim valid hrs ppm
ham,May b approve panalam...but it should have more posts..,may b approve panalam posts
ham,If you are not coughing then its nothing,coughing nothing
ham,Yes:)from last week itself i'm taking live call.,yes last week taking live call
ham,Havent shopping now lor i juz arrive only,havent shopping lor juz arrive
ham,"Nowadays people are notixiquating the laxinorficated opportunity for bambling of entropication.... Have you ever oblisingately opted ur books for the masteriastering amplikater of fidalfication? It is very champlaxigating, i think it is atrocious.. Wotz Ur Opinion???? Junna",nowadays people notixiquating laxinorficated opportunity bambling entropication ever oblisingately opted ur books masteriastering amplikater fidalfication champlaxigating think atrocious wotz ur opinion junna
ham,"Hey babe, my friend had to cancel, still up for a visit ?",hey babe friend cancel still visit
ham,E admin building there? I might b slightly earlier... I'll call u when i'm reaching...,e admin building might b slightly earlier call u reaching
ham,Oops sorry. Just to check that you don't mind picking me up tomo at half eight from station. Would that be ok?,oops sorry check mind picking tomo half eight station would ok
ham,Just do what ever is easier for you,ever easier
spam,A £400 XMAS REWARD IS WAITING FOR YOU! Our computer has randomly picked you from our loyal mobile customers to receive a £400 reward. Just call 09066380611,xmas reward waiting computer randomly picked loyal mobile customers receive reward call
ham,Am i that much bad to avoid like this?,much bad avoid like
ham,Ok lor. I ned 2 go toa payoh 4 a while 2 return smth u wan 2 send me there or wat?,ok lor ned go toa payoh return smth u wan send wat
spam,Monthly password for wap. mobsi.com is 391784. Use your wap phone not PC.,monthly password wap mobsi com use wap phone pc
ham,"Sorry, it's a lot of friend-of-a-friend stuff, I'm just now about to talk to the actual guy who wants to buy",sorry lot friend friend stuff talk actual guy wants buy
ham,"Pity, * was in mood for that. So...any other suggestions?",pity mood suggestions
ham,Where are you ? What do you do ? How can you stand to be away from me ? Doesn't your heart ache without me ? Don't you wonder of me ? Don't you crave me ?,stand away heart ache without wonder crave
ham,Today am going to college so am not able to atten the class.,today going college able atten class
ham,I've reached home n i bathe liao... U can call me now...,reached home n bathe liao u call
ham,Actually i'm waiting for 2 weeks when they start putting ad.,actually waiting weeks start putting ad
spam,I don't know u and u don't know me. Send CHAT to 86688 now and let's find each other! Only 150p/Msg rcvd. HG/Suite342/2Lands/Row/W1J6HL LDN. 18 years or over.,know u u know send chat let find p msg rcvd hg suite lands row w j hl ldn years
ham,Going for dinner.msg you after.,going dinner msg
ham,No..but heard abt tat..,heard abt tat
ham,Got it..mail panren paru..,got mail panren paru
ham,Y she dun believe leh? I tot i told her it's true already. I thk she muz c us tog then she believe.,dun believe leh tot told true already thk muz c us tog believe
ham,Mmmm.... I cant wait to lick it!,mmmm cant wait lick
ham,"I just got home babe, are you still awake ?",got home babe still awake
ham,I wish that I was with you. Holding you tightly. Making you see how important you are. How much you mean to me ... How much I need you ... In my life ...,wish holding tightly making see important much mean much need life
ham,That depends. How would you like to be treated? :),depends would like treated
spam,"Xmas & New Years Eve tickets are now on sale from the club, during the day from 10am till 8pm, and on Thurs, Fri & Sat night this week. They're selling fast!",xmas new years eve tickets sale club day till pm thurs fri sat night week selling fast
ham,Yup i'm free...,yup free
ham,"Ok, be careful ! Don't text and drive !",ok careful text drive
ham,All day working day:)except saturday and sunday..,day working day except saturday sunday
ham,Correct. So how was work today,correct work today
spam,"SMS. ac Blind Date 4U!: Rodds1 is 21/m from Aberdeen, United Kingdom. Check Him out http://img. sms. ac/W/icmb3cktz8r7!-4 no Blind Dates send HIDE",sms ac blind date u rodds aberdeen united kingdom check sms ac w icmb cktz r blind dates send hide
spam,URGENT This is our 2nd attempt to contact U. Your £900 prize from YESTERDAY is still awaiting collection. To claim CALL NOW 09061702893,urgent nd attempt contact u prize yesterday still awaiting collection claim call
ham,S...i will take mokka players only:),take mokka players
ham,I had askd u a question some hours before. Its answer,askd u question hours answer
ham,I remain unconvinced that this isn't an elaborate test of my willpower,remain unconvinced elaborate test willpower
spam,"In The Simpsons Movie released in July 2007 name the band that died at the start of the film? A-Green Day, B-Blue Day, C-Red Day. (Send A, B or C)",simpsons movie released july name band died start film green day b blue day c red day send b c
ham,His frens go then he in lor. Not alone wif my mum n sis lor.,frens go lor alone wif mum n sis lor
spam,lyricalladie(21/F) is inviting you to be her friend. Reply YES-910 or NO-910. See her: www.SMS.ac/u/hmmross STOP? Send STOP FRND to 62468,lyricalladie f inviting friend reply yes see stop send stop frnd
ham,Y dun cut too short leh. U dun like ah? She failed. She's quite sad.,dun cut short leh u dun like ah failed quite sad
ham,"The house is on the water with a dock, a boat rolled up with a newscaster who dabbles in jazz flute behind the wheel",house water dock boat rolled newscaster dabbles jazz flute behind wheel
ham,Have you bookedthe hut? And also your time off? How are you by the way?,bookedthe hut also time way
ham,"I'm in solihull, | do you want anything?",solihull want anything
spam,U 447801259231 have a secret admirer who is looking 2 make contact with U-find out who they R*reveal who thinks UR so special-call on 09058094597,u secret admirer looking make contact u find r reveal thinks ur special call
ham,Sorry dude. Dont know how i forgot. Even after Dan reminded me. Sorry. Hope you guys had fun.,sorry dude dont know forgot even dan reminded sorry hope guys fun
ham,Or just do that 6times,times
ham,I asked you to call him now ok,asked call ok
ham,Did u got that persons story,u got persons story
ham,"Cool, I'll text you when I'm on the way",cool text way
ham,Hey you around? I've got enough for a half + the ten I owe you,hey around got enough half ten owe
ham,I will spoil you in bed as well :),spoil bed well
ham,Kothi print out marandratha.,kothi print marandratha
spam,"Goal! Arsenal 4 (Henry, 7 v Liverpool 2 Henry scores with a simple shot from 6 yards from a pass by Bergkamp to give Arsenal a 2 goal margin after 78 mins.",goal arsenal henry v liverpool henry scores simple shot yards pass bergkamp give arsenal goal margin mins
ham,Oh :-)only 4 outside players allowed to play know,oh outside players allowed play know
ham,Yo dude guess who just got arrested the other day,yo dude guess got arrested day
ham,Its a big difference.  &lt;#&gt;  versus  &lt;#&gt;  every  &lt;#&gt; hrs,big difference lt gt versus lt gt every lt gt hrs
ham,Nothing spl..wat abt u and whr ru?,nothing spl wat abt u whr ru
ham,Yeah no probs - last night is obviously catching up with you... Speak soon ,yeah probs last night obviously catching speak soon
ham,I'm still looking for a car to buy. And have not gone 4the driving test yet.,still looking car buy gone driving test yet
ham,I hate when she does this. She turns what should be a fun shopping trip into an annoying day of how everything would look in her house.,hate turns fun shopping trip annoying day everything would look house
spam,"SMS. ac JSco: Energy is high, but u may not know where 2channel it. 2day ur leadership skills r strong. Psychic? Reply ANS w/question. End? Reply END JSCO",sms ac jsco energy high u may know channel day ur leadership skills r strong psychic reply ans w question end reply end jsco
ham,Well. Im computerless. Time to make some oreo truffles,well im computerless time make oreo truffles
ham,"We spend our days waiting for the ideal path to appear in front of us.. But what we forget is.. ""paths are made by walking.. not by waiting.."" Goodnight!",spend days waiting ideal path appear front us forget paths made walking waiting goodnight
ham,Anything lor. Juz both of us lor.,anything lor juz us lor
ham,These won't do. Have to move on to morphine,move morphine
ham,"Just wondering, the others just took off",wondering others took
ham,Sorry to be a pain. Is it ok if we meet another night? I spent late afternoon in casualty and that means i haven't done any of y stuff42moro and that includes all my time sheets and that. Sorry. ,sorry pain ok meet another night spent late afternoon casualty means done stuff moro includes time sheets sorry
ham,Hi..i got the money da:),hi got money da
ham,Lol yes. Our friendship is hanging on a thread cause u won't buy stuff.,lol yes friendship hanging thread cause u buy stuff
spam,"Orange brings you ringtones from all time Chart Heroes, with a free hit each week! Go to Ringtones & Pics on wap. To stop receiving these tips reply STOP.",orange brings ringtones time chart heroes free hit week go ringtones pics wap stop receiving tips reply stop
ham,Went to ganesh dress shop,went ganesh dress shop
ham,", im .. On the snowboarding trip. I was wondering if your planning to get everyone together befor we go..a meet and greet kind of affair? Cheers, ",im snowboarding trip wondering planning get everyone together befor go meet greet kind affair cheers
ham,"Some friends want me to drive em someplace, probably take a while",friends want drive em someplace probably take
ham,Ok i thk i got it. Then u wan me 2 come now or wat?,ok thk got u wan come wat
spam,URGENT! Your Mobile number has been awarded with a £2000 prize GUARANTEED. Call 09061790121 from land line. Claim 3030. Valid 12hrs only 150ppm,urgent mobile number awarded prize guaranteed call land line claim valid hrs ppm
ham,Stupid.its not possible,stupid possible
ham,Will do. Was exhausted on train this morning. Too much wine and pie. You sleep well too,exhausted train morning much wine pie sleep well
ham,That's my honeymoon outfit. :),honeymoon outfit
ham,Can i meet ü at 5.. As 4 where depends on where ü wan 2 in lor..,meet depends wan lor
ham,"Yeah go on then, bored and depressed sittin waitin for phone to ring... Hope the wind drops though, scary",yeah go bored depressed sittin waitin phone ring hope wind drops though scary
ham,U WILL SWITCH YOUR FONE ON DAMMIT!!,u switch fone dammit
ham,What happened in interview?,happened interview
spam,FreeMsg Hi baby wow just got a new cam moby. Wanna C a hot pic? or Fancy a chat?Im w8in 4uTxt / rply CHAT to 82242 Hlp 08712317606 Msg150p 2rcv,freemsg hi baby wow got new cam moby wan na c hot pic fancy chat im w utxt rply chat hlp msg p rcv
ham,They r giving a second chance to rahul dengra.,r giving second chance rahul dengra
ham,Text her. If she doesnt reply let me know so i can have her log in,text doesnt reply let know log
spam,"complimentary 4 STAR Ibiza Holiday or £10,000 cash needs your URGENT collection. 09066364349 NOW from Landline not to lose out! Box434SK38WP150PPM18+",complimentary star ibiza holiday cash needs urgent collection landline lose box sk wp ppm
spam,I am hot n horny and willing I live local to you - text a reply to hear strt back from me 150p per msg Netcollex LtdHelpDesk: 02085076972 reply Stop to end,hot n horny willing live local text reply hear strt back p per msg netcollex ltdhelpdesk reply stop end
ham,Can you do a mag meeting this avo at some point?,mag meeting avo point
ham,You need to get up. Now.,need get
ham,Sorry for the delay. Yes masters,sorry delay yes masters
ham,Ok lor...,ok lor
ham,I don't want you to leave. But i'm barely doing what i can to stay sane. fighting with you constantly isn't helping.,want leave barely stay sane fighting constantly helping
ham,ME 2 BABE I FEEL THE SAME LETS JUST 4GET ABOUT IT+BOTH TRY +CHEER UP+NOT FIT SOO MUCHXXLOVE U LOCAXX,babe feel lets get try cheer fit soo muchxxlove u locaxx
ham,Finally the match heading towards draw as your prediction.,finally match heading towards draw prediction
ham,At WHAT TIME should i come tomorrow,time come tomorrow
ham,"Hiya, probably coming home * weekend after next",hiya probably coming home weekend next
ham,Yeah confirmed for you staying at  that weekend,yeah confirmed staying weekend
ham,Dare i ask... Any luck with sorting out the car?,dare ask luck sorting car
ham,"Could you not read me, my Love ? I answered you",could read love answered
ham,"Cool, I'll text you in a few",cool text
ham,Ü predict wat time ü'll finish buying?,predict wat time finish buying
ham,Sday only joined.so training we started today:),sday joined training started today
spam,Sexy Singles are waiting for you! Text your AGE followed by your GENDER as wither M or F E.G.23F. For gay men text your AGE followed by a G. e.g.23G.,sexy singles waiting text age followed gender wither f e g f gay men text age followed g e g g
ham,I miss you so much I'm so desparate I have recorded the message you left for me the other day and listen to it just to hear the sound of your voice. I love you,miss much desparate recorded message left day listen hear sound voice love
ham,Hey are you angry with me. Reply me dr.,hey angry reply dr
ham,What's a feathery bowa? Is that something guys have that I don't know about?,feathery bowa something guys know
ham,What makes you most happy?,makes happy
spam,IMPORTANT INFORMATION 4 ORANGE USER 0796XXXXXX. TODAY IS UR LUCKY DAY!2 FIND OUT WHY LOG ONTO http://www.urawinner.com THERE'S A FANTASTIC PRIZEAWAITING YOU!,important information orange user xxxxxx today ur lucky day find log onto fantastic prizeawaiting
ham,Sac needs to carry on:),sac needs carry
ham,"I can't keep going through this. It was never my intention to run you out, but if you choose to do that rather than keep the room clean so *I* don't have to say no to visitors, then maybe that's the best choice. Yes, I wanted you to be embarassed, so maybe you'd feel for once how I feel when i have a friend who wants to drop buy and i have to say no, as happened this morning. I've tried everything. I don't know what else to do.",keep going never intention run choose rather keep room clean say visitors maybe best choice yes wanted embarassed maybe feel feel friend wants drop buy say happened morning tried everything know else
ham,You unbelievable faglord,unbelievable faglord
ham,Do ü all wan 2 meet up n combine all the parts? How's da rest of da project going?,wan meet n combine parts da rest da project going
ham,I'm putting it on now. It should be ready for  &lt;TIME&gt; ,putting ready lt time gt
ham,K..k:)how much does it cost?,k k much cost
ham,Aiyo please ü got time meh.,aiyo please got time meh
ham,"What i mean was i left too early to check, cos i'm working a 9-6.",mean left early check cos working
ham,Eh ur laptop got no stock lei... He say mon muz come again to take a look c got a not...,eh ur laptop got stock lei say mon muz come take look c got
ham,Going to take your babe out ?,going take babe
ham,But my family not responding for anything. Now am in room not went to home for diwali but no one called me and why not coming. It makes me feel like died.,family responding anything room went home diwali one called coming makes feel like died
ham,I wanted to wish you a Happy New Year and I wanted to talk to you about some legal advice to do with when Gary and I split but in person. I'll make a trip to Ptbo for that. I hope everything is good with you babe and I love ya :),wanted wish happy new year wanted talk legal advice gary split person make trip ptbo hope everything good babe love ya
ham,"Come to me right now, Ahmad",come right ahmad
spam,CALL 09090900040 & LISTEN TO EXTREME DIRTY LIVE CHAT GOING ON IN THE OFFICE RIGHT NOW TOTAL PRIVACY NO ONE KNOWS YOUR [sic] LISTENING 60P MIN 24/7MP 0870753331018+,call listen extreme dirty live chat going office right total privacy one knows sic listening p min mp
spam,"FreeMsg Why haven't you replied to my text? I'm Randy, sexy, female and live local. Luv to hear from u. Netcollex Ltd 08700621170150p per msg reply Stop to end",freemsg replied text randy sexy female live local luv hear u netcollex ltd p per msg reply stop end
ham,"My Parents, My Kidz, My Friends n My Colleagues. All screaming.. SURPRISE !! and I was waiting on the sofa.. ... ..... ' NAKED...!",parents kidz friends n colleagues screaming surprise waiting sofa naked
ham,The basket's gettin full so I might be by tonight,basket gettin full might tonight
ham,Sitting ard nothing to do lor. U leh busy w work?,sitting ard nothing lor u leh busy w work
ham,"I dont knw pa, i just drink milk..",dont knw pa drink milk
spam,"U can WIN £100 of Music Gift Vouchers every week starting NOW Txt the word DRAW to 87066 TsCs www.Idew.com SkillGame, 1Winaweek, age16. 150ppermessSubscription",u win music gift vouchers every week starting txt word draw tscs skillgame winaweek age ppermesssubscription
ham,"Actually fuck that, just do whatever, do find an excuse to be in tampa at some point before january though",actually fuck whatever find excuse tampa point january though
ham,India have to take lead:),india take lead
spam,You have WON a guaranteed £1000 cash or a £2000 prize. To claim yr prize call our customer service representative on 08714712394 between 10am-7pm,guaranteed cash prize claim yr prize call customer service representative pm
ham,"Damn, poor zac doesn't stand a chance",damn poor zac stand chance
ham,tap & spile at seven. * Is that pub on gas st off broad st by canal. Ok?,tap spile seven pub gas st broad st canal ok
ham,"Storming msg: Wen u lift d phne, u say ""HELLO"" Do u knw wt is d real meaning of HELLO?? . . . It's d name of a girl..! . . . Yes.. And u knw who is dat girl?? ""Margaret Hello"" She is d girlfrnd f Grahmbell who invnted telphone... . . . . Moral:One can 4get d name of a person, bt not his girlfrnd... G o o d n i g h t . . .@",storming msg wen u lift phne u say hello u knw wt real meaning hello name girl yes u knw dat girl margaret hello girlfrnd f grahmbell invnted telphone moral one get name person bt girlfrnd g n g h
ham,"Sorry, I'll call later",sorry call later
ham,I like to talk pa but am not able to. I dont know y.,like talk pa able dont know
ham,Ok. Not sure what time tho as not sure if can get to library before class. Will try. See you at some point! Have good eve.,ok sure time tho sure get library class try see point good eve
ham,I am late. I will be there at,late
spam,Do you want a new Video phone? 600 anytime any network mins 400 Inclusive Video calls AND downloads 5 per week Free delTOMORROW call 08002888812 or reply NOW,want new video phone anytime network mins inclusive video calls downloads per week free deltomorrow call reply
ham,Lol I was gonna last month. I cashed some in but I left &lt;#&gt; just in case. I was collecting more during the week cause they announced it on the blog.,lol gon na last month cashed left lt gt case collecting week cause announced blog
spam,"Urgent! Please call 0906346330. Your ABTA complimentary 4* Spanish Holiday or £10,000 cash await collection SAE T&Cs BOX 47 PO19 2EZ 150ppm 18+",urgent please call abta complimentary spanish holiday cash await collection sae cs box po ez ppm
ham,Easy ah?sen got selected means its good..,easy ah sen got selected means good
ham,Just chill for another 6hrs. If you could sleep the pain is not a surgical emergency so see how it unfolds. Okay,chill another hrs could sleep pain surgical emergency see unfolds okay
ham,NONE!NOWHERE IKNO DOESDISCOUNT!SHITINNIT,none nowhere ikno doesdiscount shitinnit
ham,And now electricity just went out fml.,electricity went fml
ham,OH FUCK. JUSWOKE UP IN A BED ON A BOATIN THE DOCKS. SLEPT WID 25 YEAR OLD. SPINOUT! GIV U DA GOSSIP L8R. XXX,oh fuck juswoke bed boatin docks slept wid year old spinout giv u da gossip l r xxx
spam,Call FREEPHONE 0800 542 0578 now!,call freephone
ham,I didn't get the second half of that message,get second half message
ham,"Thank you so much. When we skyped wit kz and sura, we didnt get the pleasure of your company. Hope you are good. We've given you ultimatum oh! We are countin down to aburo. Enjoy!",thank much skyped wit kz sura didnt get pleasure company hope good given ultimatum oh countin aburo enjoy
ham,"Hey there! Glad u r better now. I hear u treated urself to a digi cam, is it good? We r off at 9pm. Have a fab new year, c u in coupla wks!",hey glad u r better hear u treated urself digi cam good r pm fab new year c u coupla wks
ham,Aah! A cuddle would be lush! I'd need lots of tea and soup before any kind of fumbling!,aah cuddle would lush need lots tea soup kind fumbling
ham,"Not for possession, especially not first offense",possession especially first offense
ham,We have to pick rayan macleran there.,pick rayan macleran
spam,RECPT 1/3. You have ordered a Ringtone. Your order is being processed...,recpt ordered ringtone order processed
ham,"Customer place, i wil cal u sir.",customer place wil cal u sir
ham,I am getting threats from your sales executive Shifad as i raised complaint against him. Its an official message.,getting threats sales executive shifad raised complaint official message
spam,You are awarded a SiPix Digital Camera! call 09061221061 from landline. Delivery within 28days. T Cs Box177. M221BP. 2yr warranty. 150ppm. 16 . p p£3.99,awarded sipix digital camera call landline delivery within days cs box bp yr warranty ppm p p
ham,"Chinatown got porridge, claypot rice, yam cake, fishhead beehoon... Either we eat cheap den go cafe n tok or go nydc or somethin...",chinatown got porridge claypot rice yam cake fishhead beehoon either eat cheap den go cafe n tok go nydc somethin
ham,Happy new year. Hope you are having a good semester,happy new year hope good semester
ham,Love you aathi..love u lot..,love aathi love u lot
spam,"Hack Chat. Get backdoor entry into 121 chat rooms at a fraction of the cost. Reply NEO69 or call 09050280520, to subscribe 25p pm. DPS, Bcm box 8027 Ldn, wc1n3xx",hack chat get backdoor entry chat rooms fraction cost reply neo call subscribe p pm dps bcm box ldn wc n xx
ham,PLEASSSSSSSEEEEEE TEL ME V AVENT DONE SPORTSx,pleassssssseeeeee tel v avent done sportsx
ham,Ok lar i double check wif da hair dresser already he said wun cut v short. He said will cut until i look nice.,ok lar double check wif da hair dresser already said wun cut v short said cut look nice
spam,"Double mins and txts 4 6months FREE Bluetooth on Orange. Available on Sony, Nokia Motorola phones. Call MobileUpd8 on 08000839402 or call2optout/N9DX",double mins txts months free bluetooth orange available sony nokia motorola phones call mobileupd call optout n dx
ham,Haven't heard anything and he's not answering my texts so I'm guessing he flaked. That said the jb is fantastic,heard anything answering texts guessing flaked said jb fantastic
ham,"Sorry, went to bed early, nightnight",sorry went bed early nightnight
ham,I will come to ur home now,come ur home
ham,Networking technical support associate.,networking technical support associate
ham,Wif my family booking tour package.,wif family booking tour package
ham,"Plz note: if anyone calling from a mobile Co. &amp; asks u to type # &lt;#&gt;  or # &lt;#&gt; . Do not do so. Disconnect the call,coz it iz an attempt of 'terrorist' to make use of the sim card no. Itz confirmd by nokia n motorola n has been verified by CNN IBN.",plz note anyone calling mobile co amp asks u type lt gt lt gt disconnect call coz iz attempt terrorist make use sim card itz confirmd nokia n motorola n verified cnn ibn
ham,I'm really sorry i won't b able 2 do this friday.hope u can find an alternative.hope yr term's going ok:-),really sorry b able friday hope u find alternative hope yr term going ok
spam,Tone Club: Your subs has now expired 2 re-sub reply MONOC 4 monos or POLYC 4 polys 1 weekly @ 150p per week Txt STOP 2 stop This msg free Stream 0871212025016,tone club subs expired sub reply monoc monos polyc polys weekly p per week txt stop stop msg free stream
spam,We tried to contact you re your reply to our offer of a Video Handset? 750 anytime networks mins? UNLIMITED TEXT? Camcorder? Reply or call 08000930705 NOW,tried contact reply offer video handset anytime networks mins unlimited text camcorder reply call
spam,Show ur colours! Euro 2004 2-4-1 Offer! Get an England Flag & 3Lions tone on ur phone! Click on the following service message for info!,show ur colours euro offer get england flag lions tone ur phone click following service message info
spam,This is the 2nd time we have tried to contact u. U have won the £1450 prize to claim just call 09053750005 b4 310303. T&Cs/stop SMS 08718725756. 140ppm,nd time tried contact u u prize claim call b cs stop sms ppm
ham,Ü only send me the contents page...,send contents page
spam,Bored housewives! Chat n date now! 0871750.77.11! BT-national rate 10p/min only from landlines!,bored housewives chat n date bt national rate p min landlines
ham,Heart is empty without love.. Mind is empty without wisdom.. Eyes r empty without dreams &amp; Life is empty without frnds.. So Alwys Be In Touch. Good night &amp; sweet dreams,heart empty without love mind empty without wisdom eyes r empty without dreams amp life empty without frnds alwys touch good night amp sweet dreams
ham,"I can't, I don't have her number!",number
ham,Can... I'm free...,free
ham,My sister going to earn more than me da.,sister going earn da
ham,Lol no. I just need to cash in my nitros. Hurry come on before I crash out!,lol need cash nitros hurry come crash
ham,Gudnite....tc...practice going on,gudnite tc practice going
ham,So i could kiss and feel you next to me...,could kiss feel next
ham,I doubt you could handle 5 times per night in any case...,doubt could handle times per night case
ham,At home watching tv lor.,home watching tv lor
ham,I‘ll have a look at the frying pan in case it‘s cheap or a book perhaps. No that‘s silly a frying pan isn‘t likely to be a book,look frying pan case cheap book perhaps silly frying pan likely book
ham,Cancel cheyyamo?and get some money back?,cancel cheyyamo get money back
ham,Hello. They are going to the village pub at 8 so either come here or there accordingly. Ok?,hello going village pub either come accordingly ok
ham,K.:)do it at evening da:)urgent:),k evening da urgent
ham,That's necessarily respectful,necessarily respectful
ham,"Thanks da thangam, i feel very very happy dear. I also miss you da.",thanks da thangam feel happy dear also miss da
ham,Super msg da:)nalla timing.,super msg da nalla timing
ham,Yeah do! Don‘t stand to close tho- you‘ll catch something!,yeah stand close tho catch something
spam,"LookAtMe!: Thanks for your purchase of a video clip from LookAtMe!, you've been charged 35p. Think you can do better? Why not send a video in a MMSto 32323.",lookatme thanks purchase video clip lookatme charged p think better send video mmsto
ham,Sorry. || mail? || ,sorry mail
spam,U have a secret admirer who is looking 2 make contact with U-find out who they R*reveal who thinks UR so special-call on 09058094594,u secret admirer looking make contact u find r reveal thinks ur special call
ham,"Do 1 thing! Change that sentence into: ""Because i want 2 concentrate in my educational career im leaving here..""",thing change sentence want concentrate educational career im leaving
ham,"Come round, it's . ",come round
ham,"Wn u r hurt by d prsn who s close 2 u, do fight wit dem. Coz somtimes dis fight saves a relation bt being quiet leaves nothin in a relation.. Gud eveB-)",wn u r hurt prsn close u fight wit dem coz somtimes dis fight saves relation bt quiet leaves nothin relation gud eveb
ham,She.s good. She was wondering if you wont say hi but she.s smiling now. So how are you coping with the long distance,good wondering wont say hi smiling coping long distance
ham,Its a valentine game. . . Send dis msg to all ur friends. .. If 5 answers r d same then someone really loves u. Ques- which colour suits me the best?rply me,valentine game send dis msg ur friends answers r someone really loves u ques colour suits best rply
ham,Are you planning to come chennai?,planning come chennai
ham,Your board is working fine. The issue of overheating is also reslove. But still software inst is pending. I will come around 8'o clock.,board working fine issue overheating also reslove still software inst pending come around clock
spam,U are subscribed to the best Mobile Content Service in the UK for £3 per 10 days until you send STOP to 82324. Helpline 08706091795,u subscribed best mobile content service uk per days send stop helpline
ham,Total video converter free download type this in google search:),total video converter free download type google search
ham,Surly ill give it to you:-) while coming to review.,surly ill give coming review
ham,"Text me when you get off, don't call, my phones having problems",text get call phones problems
ham,I am waiting for your call sir.,waiting call sir
ham,This is wishing you a great day. Moji told me about your offer and as always i was speechless. You offer so easily to go to great lengths on my behalf and its stunning. My exam is next friday. After that i will keep in touch more. Sorry.,wishing great day moji told offer always speechless offer easily go great lengths behalf stunning exam next friday keep touch sorry
ham,I wish! I don't think its gonna snow that much. But it will be more than those flurries we usually get that melt before they hit the ground. Eek! We haven't had snow since &lt;#&gt; before I was even born!,wish think gon na snow much flurries usually get melt hit ground eek snow since lt gt even born
spam,<Forwarded from 21870000>Hi - this is your Mailbox Messaging SMS alert. You have 40 matches. Please call back on 09056242159 to retrieve your messages and matches cc100p/min,forwarded hi mailbox messaging sms alert matches please call back retrieve messages matches cc p min
ham,"I'm an actor. When i work, i work in the evening and sleep late. Since i'm unemployed at the moment, i ALWAYS sleep late. When you're unemployed, every day is saturday.",actor work work evening sleep late since unemployed moment always sleep late unemployed every day saturday
ham,Oh all have to come ah?,oh come ah
ham,Early bird! Any purchases yet?,early bird purchases yet
ham,I'm reaching home in 5 min.,reaching home min
ham,Oh ok i didnt know what you meant. Yep i am baby jontin,oh ok didnt know meant yep baby jontin
ham,"Thursday night? Yeah, sure thing, we'll work it out then",thursday night yeah sure thing work
ham,"Give her something to drink, if she takes it and doesn't vomit then you her temp might drop. If she unmits however let me know.",give something drink takes vomit temp might drop unmits however let know
ham,Ya srsly better than yi tho,ya srsly better yi tho
ham,Dnt worry...use ice pieces in a cloth pack.also take 2 tablets.,dnt worry use ice pieces cloth pack also take tablets
ham,"Aight, see you in a bit",aight see bit
ham,"He has lots of used ones babe, but the model doesn't help. Youi have to bring it over and he'll match it up",lots used ones babe model help youi bring match
ham,I'm very happy for you babe ! Woo hoo party on dude!,happy babe woo hoo party dude
ham,"I wonder if your phone battery went dead ? I had to tell you, I love you babe",wonder phone battery went dead tell love babe
ham,Appt is at &lt;TIME&gt; am. Not my fault u don't listen. I told u twice,appt lt time gt fault u listen told u twice
ham,Saw Guys and Dolls last night with Patrick Swayze it was great,saw guys dolls last night patrick swayze great
ham,"Yep, the great loxahatchee xmas tree burning of  &lt;#&gt;  starts in an hour",yep great loxahatchee xmas tree burning lt gt starts hour
ham,Did u fix the teeth?if not do it asap.ok take care.,u fix teeth asap ok take care
ham,"Sorry, I'll call later",sorry call later
ham,say thanks2. ,say thanks
ham,I wnt to buy a BMW car urgently..its vry urgent.but hv a shortage of  &lt;#&gt; Lacs.there is no source to arng dis amt. &lt;#&gt; lacs..thats my prob,wnt buy bmw car urgently vry urgent hv shortage lt gt lacs source arng dis amt lt gt lacs thats prob
ham,Nationwide auto centre (or something like that) on Newport road. I liked them there,nationwide auto centre something like newport road liked
ham,"That's fine, I'll bitch at you about it later then",fine bitch later
ham,X2  &lt;#&gt; . Are you going to get that,x lt gt going get
ham,I'm in class. Will holla later,class holla later
ham,"MOON has come to color your dreams, STARS to make them musical and my SMS to give you warm and Peaceful Sleep. Good Night",moon come color dreams stars make musical sms give warm peaceful sleep good night
ham,"How is my boy? No sweet words left for me this morning ... *sighs* ... How goes you day, my love ? Did you start your studying?",boy sweet words left morning sighs goes day love start studying
ham,Yup,yup
ham,Wat makes some people dearer is not just de happiness dat u feel when u meet them but de pain u feel when u miss dem!!!,wat makes people dearer de happiness dat u feel u meet de pain u feel u miss dem
ham,"Good afternoon, my boytoy ... How are you feeling today ? Better I hope? Are you being my good boy? Are you my obedient, slave? Do you please your Queen?",good afternoon boytoy feeling today better hope good boy obedient slave please queen
ham,Ok c ü then.,ok c
ham,A lot of this sickness thing going round. Take it easy. Hope u feel better soon. Lol,lot sickness thing going round take easy hope u feel better soon lol
spam,UR GOING 2 BAHAMAS! CallFREEFONE 08081560665 and speak to a live operator to claim either Bahamas cruise of£2000 CASH 18+only. To opt out txt X to 07786200117,ur going bahamas callfreefone speak live operator claim either bahamas cruise cash opt txt x
ham,Not to worry. I'm sure you'll get it.,worry sure get
ham,Hey sathya till now we dint meet not even a single time then how can i saw the situation sathya.,hey sathya till dint meet even single time saw situation sathya
spam,"44 7732584351, Do you want a New Nokia 3510i colour phone DeliveredTomorrow? With 300 free minutes to any mobile + 100 free texts + Free Camcorder reply or call 08000930705.",want new nokia colour phone deliveredtomorrow free minutes mobile free texts free camcorder reply call
ham,"Jus chillaxin, what up",jus chillaxin
ham,Is that seriously how you spell his name?,seriously spell name
ham,Got meh... When?,got meh
ham,"There're some people by mu, I'm at the table by lambda",people mu table lambda
spam,HMV BONUS SPECIAL 500 pounds of genuine HMV vouchers to be won. Just answer 4 easy questions. Play Now! Send HMV to 86688 More info:www.100percent-real.com,hmv bonus special pounds genuine hmv vouchers answer easy questions play send hmv info
ham,"Yes, i'm small kid.. And boost is the secret of my energy..",yes small kid boost secret energy
ham,"Al he does is moan at me if n e thin goes wrong its my fault&al de arguments r my fault&fed up of him of himso y bother? Hav 2go, thanx.xx",al moan n e thin goes wrong fault al de arguments r fault fed himso bother hav go thanx xx
ham,Yup he msg me: is tat yijue? Then i tot it's my group mate cos we meeting today mah... I'm askin if ü leaving earlier or wat mah cos mayb ü haf to walk v far...,yup msg tat yijue tot group mate cos meeting today mah askin leaving earlier wat mah cos mayb haf walk v far
ham,R ü comin back for dinner?,r comin back dinner
ham,will you like to be spoiled? :),like spoiled
ham,"Aight no rush, I'll ask jay",aight rush ask jay
ham,"Can meh? Thgt some will clash... Really ah, i dun mind... I dun seen to have lost any weight... Gee...",meh thgt clash really ah dun mind dun seen lost weight gee
ham,Hey i booked the kb on sat already... what other lessons are we going for ah? Keep your sat night free we need to meet and confirm our lodging ,hey booked kb sat already lessons going ah keep sat night free need meet confirm lodging
ham,"Sure thing big man. i have hockey elections at 6, shouldn‘t go on longer than an hour though",sure thing big man hockey elections go longer hour though
ham,K..k:)where are you?how did you performed?,k k performed
ham,"What do you do, my dog ? Must I always wait till the end of your day to have word from you ? Did you run out of time on your cell already?",dog must always wait till end day word run time cell already
ham,"My painful personal thought- ""I always try to keep everybody happy all the time. But nobody recognises me when i am alone""",painful personal thought always try keep everybody happy time nobody recognises alone
ham,I am literally in bed and have been up for like  &lt;#&gt;  hours,literally bed like lt gt hours
spam,Had your mobile 11 months or more? U R entitled to Update to the latest colour mobiles with camera for Free! Call The Mobile Update Co FREE on 08002986030,mobile months u r entitled update latest colour mobiles camera free call mobile update co free
ham,"House-Maid is the murderer, coz the man was murdered on  &lt;#&gt; th January.. As public holiday all govt.instituitions are closed,including post office..understand?",house maid murderer coz man murdered lt gt th january public holiday govt instituitions closed including post office understand
ham,Hmmm...k...but i want to change the field quickly da:-)i wanna get system administrator or network administrator..,hmmm k want change field quickly da wan na get system administrator network administrator
ham,Ahhh. Work. I vaguely remember that! What does it feel like? Lol,ahhh work vaguely remember feel like lol
ham,Did you get any gift? This year i didnt get anything. So bad,get gift year didnt get anything bad
ham,I'll reach in ard 20 mins ok...,reach ard mins ok
ham,"Got hella gas money, want to go on a grand nature adventure with galileo in a little bit?",got hella gas money want go grand nature adventure galileo little bit
ham,Okie ü wan meet at bishan? Cos me at bishan now. I'm not driving today.,okie wan meet bishan cos bishan driving today
ham,Did u turn on the heater? The heater was on and set to &lt;#&gt; degrees.,u turn heater heater set lt gt degrees
ham,Webpage s not available!,webpage available
ham,I'm sorry. I've joined the league of people that dont keep in touch. You mean a great deal to me. You have been a friend at all times even at great personal cost. Do have a great week.|,sorry joined league people dont keep touch mean great deal friend times even great personal cost great week
spam,"WIN: We have a winner! Mr. T. Foley won an iPod! More exciting prizes soon, so keep an eye on ur mobile or visit www.win-82050.co.uk",win winner mr foley ipod exciting prizes soon keep eye ur mobile visit
spam,FREE for 1st week! No1 Nokia tone 4 ur mob every week just txt NOKIA to 87077 Get txting and tell ur mates. zed POBox 36504 W45WQ norm150p/tone 16+,free st week nokia tone ur mob every week txt nokia get txting tell ur mates zed pobox w wq norm p tone
ham,Lol I would but my mom would have a fit and tell the whole family how crazy and terrible I am,lol would mom would fit tell whole family crazy terrible
ham,Jesus armand really is trying to tell everybody he can find,jesus armand really trying tell everybody find
ham,Thnx dude. u guys out 2nite?,thnx dude u guys nite
ham,Still chance there. If you search hard you will get it..let have a try :),still chance search hard get let try
ham,Miss call miss call khelate kintu opponenter miss call dhorte lage. Thats d rule. One with great phone receiving quality wins.,miss call miss call khelate kintu opponenter miss call dhorte lage thats rule one great phone receiving quality wins
ham,I'm reading the text i just sent you. Its meant to be a joke. So read it in that light,reading text sent meant joke read light
ham,Aww you must be nearly dead!Well Jez isComing over toDo some workAnd that whillTake forever!,aww must nearly dead well jez iscoming todo workand whilltake forever
ham,Whatsup there. Dont u want to sleep,whatsup dont u want sleep
ham,S:-)kallis wont play in first two odi:-),kallis wont play first two odi
ham,I like to think there's always the possibility of being in a pub later.,like think always possibility pub later
ham,Ugh its been a long day. I'm exhausted. Just want to cuddle up and take a nap,ugh long day exhausted want cuddle take nap
spam,"Bored of speed dating? Try SPEEDCHAT, txt SPEEDCHAT to 80155, if you don't like em txt SWAP and get a new chatter! Chat80155 POBox36504W45WQ 150p/msg rcd 16",bored speed dating try speedchat txt speedchat like em txt swap get new chatter chat pobox w wq p msg rcd
spam,SplashMobile: Choose from 1000s of gr8 tones each wk! This is a subscrition service with weekly tones costing 300p. U have one credit - kick back and ENJOY,splashmobile choose gr tones wk subscrition service weekly tones costing p u one credit kick back enjoy
ham,U really pig leh sleep so much. My dad wake me up at 10 smth 2 eat lunch today.,u really pig leh sleep much dad wake smth eat lunch today
ham,If you were/are free i can give. Otherwise nalla adi entey nattil kittum,free give otherwise nalla adi entey nattil kittum
ham,Oh yeah clearly it's my fault,oh yeah clearly fault
ham,"Fuuuuck I need to stop sleepin, sup",fuuuuck need stop sleepin sup
ham,Thanks  and ! Or bomb and date as my phone wanted to say! ,thanks bomb date phone wanted say
ham,Let me know when you've got the money so carlos can make the call,let know got money carlos make call
ham,Yup i thk so until e shop closes lor.,yup thk e shop closes lor
ham,Sorry i missed your call. Can you please call back.,sorry missed call please call back
ham,"Mmmmmm ... I love you,so much, Ahmad ... I can't wait for this year to begin as every second takes me closer to being at your side. Happy New Year, my love!!",mmmmmm love much ahmad wait year begin every second takes closer side happy new year love
ham,"Aiyo... U always c our ex one... I dunno abt mei, she haven reply... First time u reply so fast... Y so lucky not workin huh, got bao by ur sugardad ah...gee.. ",aiyo u always c ex one dunno abt mei reply first time u reply fast lucky workin huh got bao ur sugardad ah gee
ham,Y bishan lei... I tot ü say lavender? ,bishan lei tot say lavender
ham,Nope wif my sis lor... Aft bathing my dog then i can bathe... Looks like it's going 2 rain soon.,nope wif sis lor aft bathing dog bathe looks like going rain soon
ham,Teach me apps da. When you come to college.,teach apps da come college
ham,Are you wet right now?,wet right
ham,You available now? I'm like right around hillsborough &amp;  &lt;#&gt; th,available like right around hillsborough amp lt gt th
ham,Dear got train and seat mine lower seat,dear got train seat mine lower seat
ham,Maybe?! Say hi to  and find out if  got his card. Great escape or wetherspoons? ,maybe say hi find got card great escape wetherspoons
ham,If I get there before you after your ten billion calls and texts so help me god,get ten billion calls texts help god
ham,Also track down any lighters you can find,also track lighters find
spam,"This is the 2nd time we have tried 2 contact u. U have won the 750 Pound prize. 2 claim is easy, call 08718726970 NOW! Only 10p per min. BT-national-rate ",nd time tried contact u u pound prize claim easy call p per min bt national rate
spam,"Ur balance is now £600. Next question: Complete the landmark, Big, A. Bob, B. Barry or C. Ben ?. Text A, B or C to 83738. Good luck!",ur balance next question complete landmark big bob b barry c ben text b c good luck
ham,"Yep, by the pretty sculpture",yep pretty sculpture
ham,Congratulations ore mo owo re wa. Enjoy it and i wish you many happy moments to and fro wherever you go,congratulations ore mo owo wa enjoy wish many happy moments fro wherever go
ham,Hey check it da. I have listed da.,hey check da listed da
ham,Host-based IDPS for linux systems.,host based idps linux systems
ham,Its going good...no problem..but still need little experience to understand american customer voice...,going good problem still need little experience understand american customer voice
ham,So the sun is anti sleep medicine.,sun anti sleep medicine
ham,Ok...,ok
ham,"She was supposed to be but couldn't make it, she's still in town though",supposed make still town though
ham,Then ü ask dad to pick ü up lar... Ü wan 2 stay until 6 meh...,ask dad pick lar wan stay meh
spam,2p per min to call Germany 08448350055 from your BT line. Just 2p per min. Check PlanetTalkInstant.com for info & T's & C's. Text stop to opt out,p per min call germany bt line p per min check planettalkinstant com info c text stop opt
ham,Mm not entirely sure i understood that text but hey. Ho. Which weekend?,mm entirely sure understood text hey ho weekend
ham,Kind of. Took it to garage. Centre part of exhaust needs replacing. Part ordered n taking it to be fixed tomo morning.,kind took garage centre part exhaust needs replacing part ordered n taking fixed tomo morning
spam,How come it takes so little time for a child who is afraid of the dark to become a teenager who wants to stay out all night?,come takes little time child afraid dark become teenager wants stay night
ham,"Each Moment in a day,has its own value-Morning brings hope,afternoon brings faith,Evening brings luv,Night brings rest,Wish u find them all today.Good Morning",moment day value morning brings hope afternoon brings faith evening brings luv night brings rest wish u find today good morning
ham,Do you know what Mallika Sherawat did yesterday? Find out now @  &lt;URL&gt;,know mallika sherawat yesterday find lt url gt
spam,Sunshine Quiz Wkly Q! Win a top Sony DVD player if u know which country the Algarve is in? Txt ansr to 82277. £1.50 SP:Tyrone,sunshine quiz wkly q win top sony dvd player u know country algarve txt ansr sp tyrone
ham,Cps is causing the outages to conserve energy.,cps causing outages conserve energy
ham,Ok,ok
ham,Yes we were outside for like 2 hours. And I called my whole family to wake them up cause it started at 1 am,yes outside like hours called whole family wake cause started
spam,You can donate £2.50 to UNICEF's Asian Tsunami disaster support fund by texting DONATE to 864233. £2.50 will be added to your next bill,donate unicef asian tsunami disaster support fund texting donate added next bill
ham,NOT ENUFCREDEIT TOCALL.SHALL ILEAVE UNI AT 6 +GET A BUS TO YOR HOUSE?,enufcredeit tocall shall ileave uni get bus yor house
ham,Went fast asleep dear.take care.,went fast asleep dear take care
ham,:-( sad puppy noise,sad puppy noise
ham,Lmao you know me so well...,lmao know well
ham,"A boy was late 2 home. His father: ""POWER OF FRNDSHIP""",boy late home father power frndship
ham,Ard 6 like dat lor.,ard like dat lor
ham,I donno if they are scorable,donno scorable
spam,Freemsg: 1-month unlimited free calls! Activate SmartCall Txt: CALL to No: 68866. Subscriptn3gbp/wk unlimited calls Help: 08448714184 Stop?txt stop landlineonly,freemsg month unlimited free calls activate smartcall txt call subscriptn gbp wk unlimited calls help stop txt stop landlineonly
ham,Wat time ü finish?,wat time finish
ham,"Oops, I'll let you know when my roommate's done",oops let know roommate done
ham,"Hmmm.. Thk sure got time to hop ard... Ya, can go 4 free abt... Muz call u to discuss liao... ",hmmm thk sure got time hop ard ya go free abt muz call u discuss liao
ham,Audrie lousy autocorrect,audrie lousy autocorrect
ham,K k :-):-) then watch some films.,k k watch films
ham,I don't know but I'm raping dudes at poker,know raping dudes poker
ham,Pls come quick cant bare this.,pls come quick cant bare
ham,"No, I was trying it all weekend ;V",trying weekend v
spam,u r a winner U ave been specially selected 2 receive £1000 cash or a 4* holiday (flights inc) speak to a live operator 2 claim 0871277810710p/min (18 ),u r winner u ave specially selected receive cash holiday flights inc speak live operator claim p min
ham,Misplaced your number and was sending texts to your old number. Wondering why i've not heard from you this year. All the best in your mcat. Got this number from my atlanta friends,misplaced number sending texts old number wondering heard year best mcat got number atlanta friends
ham,Want to send me a virtual hug?... I need one,want send virtual hug need one
spam,Get a brand new mobile phone by being an agent of The Mob! Plus loads more goodies! For more info just text MAT to 87021.,get brand new mobile phone agent mob plus loads goodies info text mat
ham,How much she payed. Suganya.,much payed suganya
ham,How's it going? Got any exciting karaoke type activities planned? I'm debating whether to play football this eve. Feeling lazy though.,going got exciting karaoke type activities planned debating whether play football eve feeling lazy though
ham,When i have stuff to sell i.ll tell you,stuff sell tell
ham,I jus reached home. I go bathe first. But my sis using net tell u when she finishes k...,jus reached home go bathe first sis using net tell u finishes k
ham,Go chase after her and run her over while she's crossing the street,go chase run crossing street
ham,"Just sent you an email – to an address with incomm in it, is that right?",sent email address incomm right
ham,No pic. Please re-send.,pic please send
ham,Ok,ok
ham,Whats the staff name who is taking class for us?,whats staff name taking class us
ham,Not planned yet :)going to join company on jan 5 only.don know what will happen after that.,planned yet going join company jan know happen
ham,"I'm a guy, browsin is compulsory",guy browsin compulsory
spam,FreeMsg: Hey - I'm Buffy. 25 and love to satisfy men. Home alone feeling randy. Reply 2 C my PIX! QlynnBV Help08700621170150p a msg Send stop to stop txts,freemsg hey buffy love satisfy men home alone feeling randy reply c pix qlynnbv help p msg send stop stop txts
ham,That's y u haf 2 keep me busy...,u haf keep busy
ham,Just sleeping..and surfing,sleeping surfing
ham,Oh ho. Is this the first time u use these type of words,oh ho first time u use type words
ham,"* Was really good to see you the other day dudette, been missing you!",really good see day dudette missing
ham,I am on the way to tirupur.,way tirupur
ham,"Dear,shall mail tonite.busy in the street,shall update you tonite.things are looking ok.varunnathu edukkukayee raksha ollu.but a good one in real sense.",dear shall mail tonite busy street shall update tonite things looking ok varunnathu edukkukayee raksha ollu good one real sense
ham,I am going to sleep. I am tired of travel.,going sleep tired travel
ham,Why do you ask princess?,ask princess
spam,HMV BONUS SPECIAL 500 pounds of genuine HMV vouchers to be won. Just answer 4 easy questions. Play Now! Send HMV to 86688 More info:www.100percent-real.com,hmv bonus special pounds genuine hmv vouchers answer easy questions play send hmv info
spam,thesmszone.com lets you send free anonymous and masked messages..im sending this message from there..do you see the potential for abuse???,thesmszone com lets send free anonymous masked messages im sending message see potential abuse
spam,PRIVATE! Your 2003 Account Statement for shows 800 un-redeemed S. I. M. points. Call 08715203652 Identifier Code: 42810 Expires 29/10/0,private account statement shows un redeemed points call identifier code expires
spam,"Final Chance! Claim ur £150 worth of discount vouchers today! Text YES to 85023 now! SavaMob, member offers mobile! T Cs SavaMob POBOX84, M263UZ. £3.00 Subs 16",final chance claim ur worth discount vouchers today text yes savamob member offers mobile cs savamob pobox uz subs
ham,Nvm take ur time.,nvm take ur time
ham,I don't think he has spatula hands!,think spatula hands
ham,He also knows about lunch menu only da. . I know,also knows lunch menu da know
ham,"K give me a sec, breaking a  &lt;#&gt;  at cstore",k give sec breaking lt gt cstore
ham,Love it! The girls at the office may wonder why you are smiling but sore...,love girls office may wonder smiling sore
ham,Not getting anywhere with this damn job hunting over here!,getting anywhere damn job hunting
ham,"Hey babe, how's it going ? Did you ever figure out where your going for New Years ?",hey babe going ever figure going new years
ham,"Good afternoon, my love. How goes your day ? What are you up to ? I woke early and am online waiting for you ... Hmmm ... Italian boy is online I see . *grins*",good afternoon love goes day woke early online waiting hmmm italian boy online see grins
spam,"FREE MESSAGE Activate your 500 FREE Text Messages by replying to this message with the word FREE For terms & conditions, visit www.07781482378.com",free message activate free text messages replying message word free terms conditions visit
ham,Hey mr whats the name of that bill brison book the one about language and words ,hey mr whats name bill brison book one language words
ham,Pls help me tell sura that i'm expecting a battery from hont. And that if should pls send me a message about how to download movies. Thanks,pls help tell sura expecting battery hont pls send message download movies thanks
ham,Give one miss from that number please,give one miss number please
ham,Yup,yup
spam,money!!! you r a lucky winner ! 2 claim your prize text money 2 88600 over £1million to give away ! ppt150x3+normal text rate box403 w1t1jy,money r lucky winner claim prize text money million give away ppt x normal text rate box w jy
ham,Haha okay... Today weekend leh... ,haha okay today weekend leh
ham,"They can try! They can get lost, in fact. Tee hee",try get lost fact tee hee
spam,"HOT LIVE FANTASIES call now 08707509020 Just 20p per min NTT Ltd, PO Box 1327 Croydon CR9 5WB 0870 is a national rate call",hot live fantasies call p per min ntt ltd po box croydon cr wb national rate call
ham,Lul im gettin some juicy gossip at the hospital. Two nurses are talking about how fat they are gettin. And one thinks shes obese. Oyea.,lul im gettin juicy gossip hospital two nurses talking fat gettin one thinks shes obese oyea
ham,Am only searching for good dual sim mobile pa.,searching good dual sim mobile pa
spam,Congratulations ur awarded either £500 of CD gift vouchers & Free entry 2 our £100 weekly draw txt MUSIC to 87066 TnCs www.Ldew.com1win150ppmx3age16,congratulations ur awarded either cd gift vouchers free entry weekly draw txt music tncs
ham,Ya even those cookies have jelly on them,ya even cookies jelly
ham,Wife.how she knew the time of murder exactly,wife knew time murder exactly
spam,"500 New Mobiles from 2004, MUST GO! Txt: NOKIA to No: 89545 & collect yours today!From ONLY £1 www.4-tc.biz 2optout 087187262701.50gbp/mtmsg18 TXTAUCTION",new mobiles must go txt nokia collect today optout gbp mtmsg txtauction
ham,Thats cool. Where should i cum? On you or in you? :),thats cool cum
ham,What time should I tell my friend to be around?,time tell friend around
ham,I cant pick the phone right now. Pls send a message,cant pick phone right pls send message
ham,Boy; I love u Grl: Hogolo Boy: gold chain kodstini Grl: Agalla Boy: necklace madstini Grl: agalla Boy: Hogli 1 mutai eerulli kodthini! Grl: I love U kano;-),boy love u grl hogolo boy gold chain kodstini grl agalla boy necklace madstini grl agalla boy hogli mutai eerulli kodthini grl love u kano
ham,Can you just come in for a sec? There's somebody here I want you to see,come sec somebody want see
ham,HOW ARE U? I HAVE MISSED U! I HAVENT BEEN UP 2 MUCH A BIT BORED WITH THE HOLIDAY WANT 2 GO BAK 2 COLLEGE! SAD ISNT IT?xx,u missed u havent much bit bored holiday want go bak college sad isnt xx
spam,"Urgent! call 09066350750 from your landline. Your complimentary 4* Ibiza Holiday or 10,000 cash await collection SAE T&Cs PO BOX 434 SK3 8WP 150 ppm 18+",urgent call landline complimentary ibiza holiday cash await collection sae cs po box sk wp ppm
ham,Thinking of u ;) x,thinking u x
ham,About  &lt;#&gt; bucks. The banks fees are fixed. Better to call the bank and find out.,lt gt bucks banks fees fixed better call bank find
ham,"Send ur birthdate with month and year, I will tel u ur LIFE PARTNER'S name. and the method of calculation. Reply must.",send ur birthdate month year tel u ur life partner name method calculation reply must
ham,"Good morning, my Love ... I go to sleep now and wish you a great day full of feeling better and opportunity ... You are my last thought babe, I LOVE YOU *kiss*",good morning love go sleep wish great day full feeling better opportunity last thought babe love kiss
spam,Natalja (25/F) is inviting you to be her friend. Reply YES-440 or NO-440 See her: www.SMS.ac/u/nat27081980 STOP? Send STOP FRND to 62468,natalja f inviting friend reply yes see stop send stop frnd
ham,I am late. I will be there at,late
ham,i want to grasp your pretty booty :),want grasp pretty booty
spam,"SMS SERVICES. for your inclusive text credits, pls goto www.comuk.net login= 3qxj9 unsubscribe with STOP, no extra charge. help 08702840625.COMUK. 220-CM2 9AE",sms services inclusive text credits pls goto login qxj unsubscribe stop extra charge help comuk cm ae
ham,Am i that much dirty fellow?,much dirty fellow
ham,Okay lor... Will they still let us go a not ah? Coz they will not know until later. We drop our cards into the box right?,okay lor still let us go ah coz know later drop cards box right
ham,"I need an 8th but I'm off campus atm, could I pick up in an hour or two?",need th campus atm could pick hour two
ham,"Under the sea, there lays a rock. In the rock, there is an envelope. In the envelope, there is a paper. On the paper, there are 3 words... '",sea lays rock rock envelope envelope paper paper words
ham,Miserable. They don't tell u that the side effects of birth control are massive gut wrenching cramps for the first 2 months. I didn't sleep at all last night.,miserable tell u side effects birth control massive gut wrenching cramps first months sleep last night
ham,7 at esplanade.. Do ü mind giving me a lift cos i got no car today..,esplanade mind giving lift cos got car today
ham,"Every King Was Once A Crying Baby And Every Great Building Was Once A Map.. Not Imprtant Where U r TODAY, BUT Where U Wil Reach TOMORW. Gud ni8",every king crying baby every great building map imprtant u r today u wil reach tomorw gud ni
spam,"New Tones This week include: 1)McFly-All Ab.., 2) Sara Jorge-Shock.. 3) Will Smith-Switch.. To order follow instructions on next message",new tones week include mcfly ab sara jorge shock smith switch order follow instructions next message
spam,Not heard from U4 a while. Call 4 rude chat private line 01223585334 to cum. Wan 2C pics of me gettin shagged then text PIX to 8552. 2End send STOP 8552 SAM xxx,heard u call rude chat private line cum wan c pics gettin shagged text pix end send stop sam xxx
ham,How are you doing? Hope you've settled in for the new school year. Just wishin you a gr8 day,hope settled new school year wishin gr day
ham,Will be out of class in a few hours. Sorry,class hours sorry
ham,But you dint in touch with me.,dint touch
ham,So your telling me I coulda been your real Valentine and I wasn't? U never pick me for NOTHING!!,telling coulda real valentine u never pick nothing
spam,FreeMsg:Feelin kinda lnly hope u like 2 keep me company! Jst got a cam moby wanna c my pic?Txt or reply DATE to 82242 Msg150p 2rcv Hlp 08712317606 stop to 82242,freemsg feelin kinda lnly hope u like keep company jst got cam moby wan na c pic txt reply date msg p rcv hlp stop
spam,"449050000301 You have won a £2,000 price! To claim, call 09050000301.",price claim call
spam,"If you don't, your prize will go to another customer. T&C at www.t-c.biz 18+ 150p/min Polo Ltd Suite 373 London W1J 6HL Please call back if busy ",prize go another customer c p min polo ltd suite london w j hl please call back busy
ham,Oooh bed ridden ey? What are YOU thinking of?,oooh bed ridden ey thinking
ham,Carlos is taking his sweet time as usual so let me know when you and patty are done/want to smoke and I'll tell him to haul ass,carlos taking sweet time usual let know patty done want smoke tell haul ass
ham,Bognor it is! Should be splendid at this time of year.,bognor splendid time year
ham,"HEY KATE, HOPE UR OK... WILL GIVE U A BUZ WEDLUNCH. GO OUTSOMEWHERE 4 ADRINK IN TOWN..CUD GO 2WATERSHD 4 A BIT? PPL FROMWRK WILL BTHERE. LOVE PETEXXX.",hey kate hope ur ok give u buz wedlunch go outsomewhere adrink town cud go watershd bit ppl fromwrk bthere love petexxx
ham,Thanks honey but still haven't heard anything I will leave it a bit longer so not 2 crowd him and will try later - great advice thanks hope cardiff is still there!,thanks honey still heard anything leave bit longer crowd try later great advice thanks hope cardiff still
ham,Are you ok. What happen to behave like this,ok happen behave like
ham,If you don't respond imma assume you're still asleep and imma start calling n shit,respond imma assume still asleep imma start calling n shit
ham,Why i come in between you people,come people
spam,PRIVATE! Your 2004 Account Statement for 07742676969 shows 786 unredeemed Bonus Points. To claim call 08719180248 Identifier Code: 45239 Expires,private account statement shows unredeemed bonus points claim call identifier code expires
ham,Ü come lt 25 n pass to me lar,come lt n pass lar
ham,Great comedy..cant stop laughing da:),great comedy cant stop laughing da
ham,Was the actual exam harder than NBME,actual exam harder nbme
ham,It is only yesterday true true.,yesterday true true
spam,You have an important customer service announcement from PREMIER. Call FREEPHONE 0800 542 0578 now!,important customer service announcement premier call freephone
ham,Ding me on ya break fassyole! Blacko from londn,ding ya break fassyole blacko londn
ham,Sitting in mu waiting for everyone to get out of my suite so I can take a shower,sitting mu waiting everyone get suite take shower
ham,Oh... Okie lor...We go on sat... ,oh okie lor go sat
ham,This is all just creepy and crazy to me.,creepy crazy
ham,Where r e meeting tmr?,r e meeting tmr
spam,"Hello darling how are you today? I would love to have a chat, why dont you tell me what you look like and what you are in to sexy?",hello darling today would love chat dont tell look like sexy
ham,U should have made an appointment,u made appointment
spam,Back 2 work 2morro half term over! Can U C me 2nite 4 some sexy passion B4 I have 2 go back? Chat NOW 09099726481 Luv DENA Calls £1/minMobsmoreLKPOBOX177HP51FL,back work morro half term u c nite sexy passion b go back chat luv dena calls minmobsmorelkpobox hp fl
ham,"Yeah that's what I thought, lemme know if anything's goin on later",yeah thought lem know anything goin later
ham,It's ok lar. U sleep early too... Nite...,ok lar u sleep early nite
ham,I am waiting machan. Call me once you free.,waiting machan call free
ham,I pocked you up there before,pocked
ham,"Nimbomsons. Yep phone knows that one. Obviously, cos thats a real word",nimbomsons yep phone knows one obviously cos thats real word
ham,Omg if its not one thing its another. My cat has worms :/ when does this bad day end?,omg one thing another cat worms bad day end
ham,Ok i found dis pierre cardin one which looks normal costs 20 its on sale.,ok found dis pierre cardin one looks normal costs sale
ham,I got your back! Do you have any dislikes in bed?,got back dislikes bed
ham,"K, I'll work something out",k work something
ham,So what did the bank say about the money?,bank say money
spam,Don't b floppy... b snappy & happy! Only gay chat service with photo upload call 08718730666 (10p/min). 2 stop our texts call 08712460324,b floppy b snappy happy gay chat service photo upload call p min stop texts call
ham,"That way transport is less problematic than on sat night. By the way, if u want to ask  n  to join my bday, feel free. But need to know definite nos as booking on fri. ",way transport less problematic sat night way u want ask n join bday feel free need know definite nos booking fri
ham,"Nice. Wait...should you be texting right now? I'm not gonna pay your ticket, ya know!",nice wait texting right gon na pay ticket ya know
ham,Its a part of checking IQ,part checking iq
ham,Hurry home u big butt. Hang up on your last caller if u have to. Food is done and I'm starving. Don't ask what I cooked.,hurry home u big butt hang last caller u food done starving ask cooked
spam,Please CALL 08712402972 immediately as there is an urgent message waiting for you,please call immediately urgent message waiting
ham,I'm watching lotr w my sis dis aft. So u wan 2 meet me 4 dinner at nite a not?,watching lotr w sis dis aft u wan meet dinner nite
ham,"Hi, wlcome back, did wonder if you got eaten by a lion or something, nothing much",hi wlcome back wonder got eaten lion something nothing much
ham,So no messages. Had food?,messages food
spam,For the most sparkling shopping breaks from 45 per person; call 0121 2025050 or visit www.shortbreaks.org.uk,sparkling shopping breaks per person call visit
spam,"January Male Sale! Hot Gay chat now cheaper, call 08709222922. National rate from 1.5p/min cheap to 7.8p/min peak! To stop texts call 08712460324 (10p/min)",january male sale hot gay chat cheaper call national rate p min cheap p min peak stop texts call p min
ham,K...k...yesterday i was in cbe .,k k yesterday cbe
ham,Ok no prob...,ok prob
ham,His bday real is in april .,bday real april
ham,Same. Wana plan a trip sometme then,wana plan trip sometme
ham,Babe !!!! I LOVE YOU !!!! *covers your face in kisses*,babe love covers face kisses
ham,Tomorrow i am not going to theatre. . . So i can come wherever u call me. . . Tell me where and when to come tomorrow,tomorrow going theatre come wherever u call tell come tomorrow
ham,* Will be september by then!,september
spam,http//tms. widelive.com/index. wml?id=820554ad0a1705572711&first=true¡C C Ringtone¡,http tms widelive com index wml id ad first true c c ringtone
ham,THIS IS A LONG FUCKIN SHOWR,long fuckin showr
ham,CHEERS LOU! YEAH WAS A GOODNITE SHAME U NEVA CAME! C YA GAILxx,cheers lou yeah goodnite shame u neva came c ya gailxx
ham,That seems unnecessarily affectionate,seems unnecessarily affectionate
spam,"Today's Offer! Claim ur £150 worth of discount vouchers! Text YES to 85023 now! SavaMob, member offers mobile! T Cs 08717898035. £3.00 Sub. 16 . Unsub reply X",today offer claim ur worth discount vouchers text yes savamob member offers mobile cs sub unsub reply x
ham,"Sorry, I'll call later",sorry call later
spam,Money i have won wining number 946 wot do i do next,money wining number wot next
ham,Its  &lt;#&gt; k here oh. Should i send home for sale.,lt gt k oh send home sale
ham,Pls go there today  &lt;#&gt; . I dont want any excuses,pls go today lt gt dont want excuses
ham,Yup n her fren lor. I'm meeting my fren at 730.,yup n fren lor meeting fren
ham,Need a coffee run tomo?Can't believe it's that time of week already,need coffee run tomo believe time week already
ham,I'm stuck in da middle of da row on da right hand side of da lt... ,stuck da middle da row da right hand side da lt
spam,EASTENDERS TV Quiz. What FLOWER does DOT compare herself to? D= VIOLET E= TULIP F= LILY txt D E or F to 84025 NOW 4 chance 2 WIN £100 Cash WKENT/150P16+,eastenders tv quiz flower dot compare violet e tulip f lily txt e f chance win cash wkent p
ham,Thats cool. i liked your photos. You are very sexy!,thats cool liked photos sexy
ham,Thank u!,thank u
ham,"Haha awesome, I might need to take you up on that, what you doin tonight?",haha awesome might need take doin tonight
ham,No i am not having not any movies in my laptop,movies laptop
ham,Well I'm going to be an aunty!,well going aunty
ham,Yo we are watching a movie on netflix,yo watching movie netflix
ham,"Hello lover! How goes that new job? Are you there now? Are you happy? Do you think of me? I wake, my slave and send you a teasing kiss from across the sea",hello lover goes new job happy think wake slave send teasing kiss across sea
ham,;-) ok. I feel like john lennon.,ok feel like john lennon
ham,Me fine..absolutly fine,fine absolutly fine
ham,IM GONNA MISS U SO MUCH,im gon na miss u much
ham,Now thats going to ruin your thesis!,thats going ruin thesis
ham,No da..today also i forgot..,da today also forgot
spam,Loans for any purpose even if you have Bad Credit! Tenants Welcome. Call NoWorriesLoans.com on 08717111821,loans purpose even bad credit tenants welcome call noworriesloans com
ham,Mm i am on the way to railway,mm way railway
ham,"No we put party 7 days a week and study lightly, I think we need to draw in some custom checkboxes so they know we're hardcore",put party days week study lightly think need draw custom checkboxes know hardcore
ham,Fwiw the reason I'm only around when it's time to smoke is that because of gas I can only afford to be around when someone tells me to be and that apparently only happens when somebody wants to light up,fwiw reason around time smoke gas afford around someone tells apparently happens somebody wants light
ham,Its a valentine game. . . send dis msg to all ur friends. . If 5 answers r d same then someone really loves u. . Ques- which colour suits me the best?,valentine game send dis msg ur friends answers r someone really loves u ques colour suits best
spam,"Auction round 4. The highest bid is now £54. Next maximum bid is £71. To bid, send BIDS e. g. 10 (to bid £10) to 83383. Good luck.",auction round highest bid next maximum bid bid send bids e g bid good luck
ham,"K, fyi I'm back in my parents' place in south tampa so I might need to do the deal somewhere else",k fyi back parents place south tampa might need deal somewhere else
ham,I've not sent it. He can send me.,sent send
ham,What you doing?how are you?,
ham,Waiting 4 my tv show 2 start lor... U leh still busy doing ur report?,waiting tv show start lor u leh still busy ur report
ham,He is world famamus....,world famamus
ham,So how many days since then?,many days since
ham,"Hello, hello, hi lou sorry it took so long 2 reply- I left mobile at friends in Lancaster, just got it bak Neway im sorry I couldnt make ur bday 2 hun!",hello hello hi lou sorry took long reply left mobile friends lancaster got bak neway im sorry make ur b day hun
ham,WOT U WANNA DO THEN MISSY?,wot u wan na missy
ham,I will come tomorrow di,come tomorrow di
spam,Dorothy@kiefer.com (Bank of Granite issues Strong-Buy) EXPLOSIVE PICK FOR OUR MEMBERS *****UP OVER 300% *********** Nasdaq Symbol CDGT That is a $5.00 per..,bank granite issues strong buy explosive pick members nasdaq symbol cdgt per
ham,I have a rather prominent bite mark on my right cheek,rather prominent bite mark right cheek
ham,Dont think you need yellow card for uk travel. Ask someone that has gone before. If you do its just  &lt;#&gt; bucks,dont think need yellow card uk travel ask someone gone lt gt bucks
ham,Then wat r u doing now? Busy wif work?,wat r u busy wif work
ham,Its ok my arm is feeling weak cuz i got a shot so we can go another time,ok arm feeling weak cuz got shot go another time
ham,Uhhhhrmm isnt having tb test bad when youre sick,uhhhhrmm isnt tb test bad youre sick
ham,U dun say so early hor... U c already then say...,u dun say early hor u c already say
spam,"Wan2 win a Meet+Greet with Westlife 4 U or a m8? They are currently on what tour? 1)Unbreakable, 2)Untamed, 3)Unkempt. Text 1,2 or 3 to 83049. Cost 50p +std text",wan win meet greet westlife u currently tour unbreakable untamed unkempt text cost p std text
ham,"Beautiful Truth against Gravity.. Read carefully: ""Our heart feels light when someone is in it.. But it feels very heavy when someone leaves it.."" GOOD NIGHT",beautiful truth gravity read carefully heart feels light someone feels heavy someone leaves good night
ham,And smile for me right now as you go and the world will wonder what you are smiling about and think your crazy and keep away from you ... *grins*,smile right go world wonder smiling think crazy keep away grins
ham,That's cause your old. I live to be high.,cause old live high
spam,"Had your mobile 10 mths? Update to the latest Camera/Video phones for FREE. KEEP UR SAME NUMBER, Get extra free mins/texts. Text YES for a call",mobile mths update latest camera video phones free keep ur number get extra free mins texts text yes call
ham,"Plz note: if anyone calling from a mobile Co. &amp; asks u to type # &lt;#&gt;  or # &lt;#&gt; . Do not do so. Disconnect the call,coz it iz an attempt of 'terrorist' to make use of the sim card no. Itz confirmd by nokia n motorola n has been verified by CNN IBN.",plz note anyone calling mobile co amp asks u type lt gt lt gt disconnect call coz iz attempt terrorist make use sim card itz confirmd nokia n motorola n verified cnn ibn
ham,Nope... Think i will go for it on monday... Sorry i replied so late,nope think go monday sorry replied late
ham,OK i'm waliking ard now... Do u wan me 2 buy anything go ur house?,ok waliking ard u wan buy anything go ur house
ham,Goodo! Yes we must speak friday - egg-potato ratio for tortilla needed! ,goodo yes must speak friday egg potato ratio tortilla needed
ham,Huh y lei...,huh lei
ham,EY! CALM DOWNON THEACUSATIONS.. ITXT U COS IWANA KNOW WOTU R DOIN AT THEW/END... HAVENTCN U IN AGES..RING ME IF UR UP4 NETHING SAT.LOVE J XXX.,ey calm downon theacusations itxt u cos iwana know wotu r doin thew end haventcn u ages ring ur nething sat love j xxx
ham,I'm at work. Please call,work please call
ham,Oh for fuck's sake she's in like tallahassee,oh fuck sake like tallahassee
ham,How are you. Its been ages. How's abj,ages abj
ham,Lemme know when you're here,lem know
ham,Change windows logoff sound..,change windows logoff sound
ham,That's y i said it's bad dat all e gals know u... Wat u doing now?,said bad dat e gals know u wat u
spam,"To review and KEEP the fantastic Nokia N-Gage game deck with Club Nokia, go 2 www.cnupdates.com/newsletter. unsubscribe from alerts reply with the word OUT",review keep fantastic nokia n gage game deck club nokia go unsubscribe alerts reply word
ham,"Thanx 4 the time weve spent 2geva, its bin mint! Ur my Baby and all I want is u!xxxx",thanx time spent geva bin mint ur baby want u xxxx
ham,SORRY IM STIL FUCKED AFTER LAST NITE WENT TOBED AT 430 GOT UP 4 WORK AT 630,sorry im stil fucked last nite went tobed got work
spam,Please CALL 08712402578 immediately as there is an urgent message waiting for you,please call immediately urgent message waiting
ham,Sorry completely forgot * will pop em round this week if your still here?,sorry completely forgot pop em round week still
spam,Message Important information for O2 user. Today is your lucky day! 2 find out why log onto http://www.urawinner.com there is a fantastic surprise awaiting you,message important information user today lucky day find log onto fantastic surprise awaiting
ham,"Hi hope u get this txt~journey hasnt been gd,now about 50 mins late I think.",hi hope u get txt journey hasnt gd mins late think
ham,"I call you later, don't have network. If urgnt, sms me.",call later network urgnt sms
spam,Hope you enjoyed your new content. text stop to 61610 to unsubscribe. help:08712400602450p Provided by tones2you.co.uk,hope enjoyed new content text stop unsubscribe help p provided tones co uk
ham,No got new job at bar in airport on satsgettin 4.47per hour but means no lie in! keep in touch,got new job bar airport satsgettin per hour means lie keep touch
ham,Great. Never been better. Each day gives even more reasons to thank God,great never better day gives even reasons thank god
ham,"Sorry man, my stash ran dry last night and I can't pick up more until sunday",sorry man stash ran dry last night pick sunday
ham,Raji..pls do me a favour. Pls convey my Birthday wishes to Nimya. Pls. Today is her birthday.,raji pls favour pls convey birthday wishes nimya pls today birthday
ham,Oh k.k..where did you take test?,oh k k take test
spam,Dear Voucher holder Have your next meal on us. Use the following link on your pc 2 enjoy a 2 4 1 dining experiencehttp://www.vouch4me.com/etlp/dining.asp,dear voucher holder next meal us use following link pc enjoy dining experience
ham,Yeah jay's sort of a fucking retard,yeah jay sort fucking retard
ham,What i mean is do they come chase you out when its over or is it stated you can watch as many movies as you want.,mean come chase stated watch many movies want
ham,So gd got free ice cream... I oso wan...,gd got free ice cream oso wan
ham,I'm at work. Please call,work please call
ham,Update your face book status frequently :),update face book status frequently
ham,K I'll take care of it,k take care
ham,"Aight, I'll ask a few of my roommates",aight ask roommates
ham,I.ll hand her my phone to chat wit u,hand phone chat wit u
ham,My phone,phone
ham,Yup it's at paragon... I havent decided whether 2 cut yet... Hee...,yup paragon havent decided whether cut yet hee
ham,Sounds great! Im going to sleep now. Have a good night!,sounds great im going sleep good night
ham,I keep ten rs in my shelf:) buy two egg.,keep ten rs shelf buy two egg
ham,"Fuck babe ... I miss you already, you know ? Can't you let me send you some money towards your net ? I need you ... I want you ... I crave you ...",fuck babe miss already know let send money towards net need want crave
ham,K da:)how many page you want?,k da many page want
spam,We tried to contact you re your reply to our offer of 750 mins 150 textand a new video phone call 08002988890 now or reply for free delivery tomorrow,tried contact reply offer mins textand new video phone call reply free delivery tomorrow
ham,We have pizza if u want,pizza u want
ham,"Beautiful tomorrow never comes.. When it comes, it's already TODAY.. In the hunt of beautiful tomorrow don't waste your wonderful TODAY.. GOODMORNING:)",beautiful tomorrow never comes comes already today hunt beautiful tomorrow waste wonderful today goodmorning
ham,R we still meeting 4 dinner tonight?,r still meeting dinner tonight
ham,"New Theory: Argument wins d SITUATION, but loses the PERSON. So dont argue with ur friends just.. . . . kick them &amp; say, I'm always correct.!",new theory argument wins situation loses person dont argue ur friends kick amp say always correct
ham,Where in abj are you serving. Are you staying with dad or alone.,abj serving staying dad alone
ham,No..few hours before.went to hair cut .,hours went hair cut
ham,:) ,
ham,Ok u can take me shopping when u get paid =D,ok u take shopping u get paid
spam,5p 4 alfie Moon's Children in need song on ur mob. Tell ur m8s. Txt Tone charity to 8007 for Nokias or Poly charity for polys: zed 08701417012 profit 2 charity.,p alfie moon children need song ur mob tell ur txt tone charity nokias poly charity polys zed profit charity
ham,Roger that. We‘re probably going to rem in about 20,roger probably going rem
ham,Dude im no longer a pisces. Im an aquarius now.,dude im longer pisces im aquarius
ham,"That's good, because I need drugs",good need drugs
ham,K I'll be sure to get up before noon and see what's what,k sure get noon see
ham,Eh u send wrongly lar...,eh u send wrongly lar
ham,Thanx 4 e brownie it's v nice...,thanx e brownie v nice
ham,Hi darlin did youPhone me? Im atHome if youwanna chat.,hi darlin youphone im athome youwanna chat
ham,Hahaha..use your brain dear,hahaha use brain dear
ham,Lol for real. She told my dad I have cancer,lol real told dad cancer
ham,"Garbage bags, eggs, jam, bread, hannaford wheat chex",garbage bags eggs jam bread hannaford wheat chex
ham,Well I might not come then...,well might come
ham,:-) yeah! Lol. Luckily i didn't have a starring role like you!,yeah lol luckily starring role like
ham,There generally isn't one. It's an uncountable noun - u in the dictionary. pieces of research?,generally one uncountable noun u dictionary pieces research
ham,"That's cool he'll be here all night, lemme know when you're around",cool night lem know around
ham,He like not v shock leh. Cos telling shuhui is like telling leona also. Like dat almost all know liao. He got ask me abt ur reaction lor.,like v shock leh cos telling shuhui like telling leona also like dat almost know liao got ask abt ur reaction lor
spam,"Last Chance! Claim ur £150 worth of discount vouchers today! Text SHOP to 85023 now! SavaMob, offers mobile! T Cs SavaMob POBOX84, M263UZ. £3.00 Sub. 16",last chance claim ur worth discount vouchers today text shop savamob offers mobile cs savamob pobox uz sub
ham,Come to mahal bus stop.. &lt;DECIMAL&gt;,come mahal bus stop lt decimal gt
ham,So dont use hook up any how,dont use hook
ham,The greatest test of courage on earth is to bear defeat without losing heart....gn tc,greatest test courage earth bear defeat without losing heart gn tc
spam,Someone has contacted our dating service and entered your phone because they fancy you! To find out who it is call from a landline 09111032124 . PoBox12n146tf150p,someone contacted dating service entered phone fancy find call landline pobox n tf p
ham,"Yeah, probably here for a while",yeah probably
ham,"That means you got an A in epi, she.s fine. She.s here now.",means got epi fine
ham,i thought we were doing a king of the hill thing there.,thought king hill thing
ham,Ok no prob. Take ur time.,ok prob take ur time
ham,Pls confirm the time to collect the cheque.,pls confirm time collect cheque
ham,"Dont worry, 1 day very big lambu ji vl come..til then enjoy batchlor party:-)",dont worry day big lambu ji vl come til enjoy batchlor party
ham,God's love has no limit. God's grace has no measure. God's power has no boundaries. May u have God's endless blessings always in ur life...!! Gud ni8,god love limit god grace measure god power boundaries may u god endless blessings always ur life gud ni
ham,Now press conference da:),press conference da
ham,Thank you. I like you as well...,thank like well
spam,FREE>Ringtone! Reply REAL or POLY eg REAL1 1. PushButton 2. DontCha 3. BabyGoodbye 4. GoldDigger 5. WeBeBurnin 1st tone FREE and 6 more when u join for £3/wk,free ringtone reply real poly eg real pushbutton dontcha babygoodbye golddigger webeburnin st tone free u join wk
ham,So wats ur opinion abt him and how abt is character?,wats ur opinion abt abt character
ham,"I'm back &amp; we're packing the car now, I'll let you know if there's room",back amp packing car let know room
ham,"I want to show you the world, princess :) how about europe?",want show world princess europe
ham,For real when u getting on yo? I only need 2 more tickets and one more jacket and I'm done. I already used all my multis.,real u getting yo need tickets one jacket done already used multis
ham,"Trust me. Even if isn't there, its there.",trust even
ham,Nope i'm not drivin... I neva develop da photos lei...,nope drivin neva develop da photos lei
ham,Can ü all decide faster cos my sis going home liao..,decide faster cos sis going home liao
ham,Rightio. 11.48 it is then. Well arent we all up bright and early this morning.,rightio well arent bright early morning
ham,Shall i come to get pickle,shall come get pickle
ham,Or u ask they all if next sat can a not. If all of them can make it then i'm ok lor.,u ask next sat make ok lor
ham,"Good afternoon, my love. It was good to see your words on YM and get your tm. Very smart move, my slave ... *smiles* ... I drink my coffee and await you.",good afternoon love good see words ym get tm smart move slave smiles drink coffee await
ham,Yay! You better not have told that to 5 other girls either.,yay better told girls either
ham,For fear of fainting with the of all that housework you just did? Quick have a cuppa,fear fainting housework quick cuppa
ham,S da..al r above  &lt;#&gt;,da al r lt gt
ham,Awww dat is sweet! We can think of something to do he he! Have a nice time tonight ill probably txt u later cos im lonely :( xxx.,awww dat sweet think something nice time tonight ill probably txt u later cos im lonely xxx
ham,What was she looking for?,looking
ham,Send me the new number,send new number
ham,"Watching cartoon, listening music &amp; at eve had to go temple &amp; church.. What about u?",watching cartoon listening music amp eve go temple amp church u
spam,"TheMob> Check out our newest selection of content, Games, Tones, Gossip, babes and sport, Keep your mobile fit and funky text WAP to 82468",themob check newest selection content games tones gossip babes sport keep mobile fit funky text wap
ham,MAKE SURE ALEX KNOWS HIS BIRTHDAY IS OVER IN FIFTEEN MINUTES AS FAR AS YOU'RE CONCERNED,make sure alex knows birthday fifteen minutes far concerned
ham,HI DARLIN I HOPE YOU HAD A NICE NIGHT I WISH I HAD COME CANT WAIT TO SEE YOU LOVE FRAN PS I WANT DIRTY ANAL SEX AND I WANT A 10 MAN GANG BANG,hi darlin hope nice night wish come cant wait see love fran ps want dirty anal sex want man gang bang
ham,Are you happy baby ? Are you alright ? Did you take that job ? I hope your fine. I send you a kiss to make you smile from across the sea ... *kiss* *kiss*,happy baby alright take job hope fine send kiss make smile across sea kiss kiss
spam,You have 1 new voicemail. Please call 08719181503,new voicemail please call
ham,Super da:)good replacement for murali,super da good replacement murali
ham,You're right I have now that I think about it,right think
ham,"I think I‘m waiting for the same bus! Inform me when you get there, if you ever get there.",think waiting bus inform get ever get
ham,SO IS TH GOWER MATE WHICH IS WHERE I AM!?! HOW R U MAN? ALL IS GOOD IN WALES ILL B BACK MORROW. C U THIS WK? WHO WAS THE MSG 4?  RANDOM!,th gower mate r u man good wales ill b back morrow c u wk msg random
ham,"Sorry, I'll call later in meeting",sorry call later meeting
ham,"K so am I, how much for an 8th? Fifty?",k much th fifty
ham,Mom wants to know where you at,mom wants know
ham,Tell where you reached,tell reached
ham,K. I will sent it again,k sent
ham,"Camera quite good, 10.1mega pixels, 3optical and 5digital dooms. Have a lovely holiday, be safe and i hope you hav a good journey! Happy new year to you both! See you in a couple of weeks! ",camera quite good mega pixels optical digital dooms lovely holiday safe hope hav good journey happy new year see couple weeks
ham,Okie,okie
ham,Actually i deleted my old website..now i m blogging at magicalsongs.blogspot.com,actually deleted old website blogging magicalsongs blogspot com
ham,Hmm ill have to think about it... ok you're forgiven! =D,hmm ill think ok forgiven
spam,"Your free ringtone is waiting to be collected. Simply text the password ""MIX"" to 85069 to verify. Get Usher and Britney. FML, PO Box 5249, MK17 92H. 450Ppw 16",free ringtone waiting collected simply text password mix verify get usher britney fml po box mk h ppw
ham,Yar lor wait 4 my mum 2 finish sch then have lunch lor... I whole morning stay at home clean my room now my room quite clean... Hee...,yar lor wait mum finish sch lunch lor whole morning stay home clean room room quite clean hee
ham,"YEH I AM DEF UP4 SOMETHING SAT,JUST GOT PAYED2DAY & I HAVBEEN GIVEN A£50 PAY RISE 4MY WORK & HAVEBEEN MADE PRESCHOOLCO-ORDINATOR 2I AM FEELINGOOD LUV",yeh def something sat got payed day havbeen given pay rise work havebeen made preschoolco ordinator feelingood luv
ham,Don‘t give a flying monkeys wot they think and I certainly don‘t mind. Any friend of mine and all that!,give flying monkeys wot think certainly mind friend mine
ham,CERI U REBEL! SWEET DREAMZ ME LITTLE BUDDY!! C YA 2MORO! WHO NEEDS BLOKES,ceri u rebel sweet dreamz little buddy c ya moro needs blokes
ham,Why tired what special there you had,tired special
ham,Still in customer place,still customer place
ham,U GOIN OUT 2NITE?,u goin nite
ham,Ok... Then r we meeting later?,ok r meeting later
ham,Can ü send me a copy of da report?,send copy da report
ham,Have a nice day my dear.,nice day dear
ham,Yup next stop.,yup next stop
ham,Jus finish bathing...,jus finish bathing
ham,I'm gonna rip out my uterus.,gon na rip uterus
ham,No my mum went 2 dentist.,mum went dentist
ham,Dunno lei he neva say...,dunno lei neva say
ham,How long does it take to get it.,long take get
spam,Text & meet someone sexy today. U can find a date or even flirt its up to U. Join 4 just 10p. REPLY with NAME & AGE eg Sam 25. 18 -msg recd@thirtyeight pence,text meet someone sexy today u find date even flirt u join p reply name age eg sam msg pence
ham,Don know. I did't msg him recently.,know msg recently
ham,No. I meant the calculation is the same. That  &lt;#&gt; units at  &lt;#&gt; . This school is really expensive. Have you started practicing your accent. Because its important. And have you decided if you are doing 4years of dental school or if you'll just do the nmde exam.,meant calculation lt gt units lt gt school really expensive started practicing accent important decided years dental school nmde exam
ham,WE REGRET TO INFORM U THAT THE NHS HAS MADE A MISTAKE.U WERE NEVER ACTUALLY BORN.PLEASE REPORT 2 YOR LOCAL HOSPITAL 2B TERMINATED.WE R SORRY 4 THE INCONVENIENCE,regret inform u nhs made mistake u never actually born please report yor local hospital b terminated r sorry inconvenience
ham,Right it wasnt you who phoned it was someone with a number like yours!,right wasnt phoned someone number like
spam,"Fantasy Football is back on your TV. Go to Sky Gamestar on Sky Active and play £250k Dream Team. Scoring starts on Saturday, so register now!SKY OPT OUT to 88088",fantasy football back tv go sky gamestar sky active play k dream team scoring starts saturday register sky opt
ham,"Me also da, i feel yesterday night  wait til 2day night dear.",also da feel yesterday night wait til day night dear
ham,Lol. Well quality aint bad at all so i aint complaining,lol well quality aint bad aint complaining
ham,Fine. Do you remember me.,fine remember
ham,Yes :)it completely in out of form:)clark also utter waste.,yes completely form clark also utter waste
ham,K I'll be there before 4.,k
spam,Congratulations U can claim 2 VIP row A Tickets 2 C Blu in concert in November or Blu gift guaranteed Call 09061104276 to claim TS&Cs www.smsco.net cost£3.75max ,congratulations u claim vip row tickets c blu concert november blu gift guaranteed call claim ts cs cost max
ham,Kallis wont bat in 2nd innings.,kallis wont bat nd innings
ham,How i noe... Did ü specify da domain as nusstu... Ü still in sch...,noe specify da domain nusstu still sch
ham,Okie,okie
ham,What u mean u almost done? Done wif sleeping? But i tot u going to take a nap.. Yup i send her liao so i'm picking her up at ard 4 smth lor..,u mean u almost done done wif sleeping tot u going take nap yup send liao picking ard smth lor
ham,Goin to workout lor... Muz lose e fats... ,goin workout lor muz lose e fats
ham,Check mail.i have mailed varma and kept copy to you regarding membership.take care.insha allah.,check mail mailed varma kept copy regarding membership take care insha allah
ham,Ok... Let u noe when i leave my house.,ok let u noe leave house
ham,"Not yet chikku..k, then wat abt tht guy did he stopped irritating or msging to u..",yet chikku k wat abt tht guy stopped irritating msging u
ham,Goodmorning today i am late for  &lt;DECIMAL&gt; min.,goodmorning today late lt decimal gt min
ham,"Under the sea, there lays a rock. In the rock, there is an envelope. In the envelope, there is a paper. On the paper, there are 3 words... '",sea lays rock rock envelope envelope paper paper words
ham,Would me smoking you out help us work through this difficult time,would smoking help us work difficult time
ham,"Honeybee Said: *I'm d Sweetest in d World* God Laughed &amp; Said: *Wait,U Havnt Met d Person Reading This Msg* MORAL: Even GOD Can Crack Jokes! GM+GN+GE+GN:)",honeybee said sweetest world god laughed amp said wait u havnt met person reading msg moral even god crack jokes gm gn ge gn
ham,No message..no responce..what happend?,message responce happend
ham,I WILL CAL YOU SIR. In meeting,cal sir meeting
ham,I uploaded mine to Facebook,uploaded mine facebook
ham,"Sounds good, keep me posted",sounds good keep posted
ham,Oic... Then better quickly go bathe n settle down...,oic better quickly go bathe n settle
ham,"Aight will do, thanks again for comin out",aight thanks comin
ham,how are you? I miss you!,miss
ham,Same to u...,u
ham,"I feel like a dick because I keep sleeping through your texts and facebook messages. Sup, you in town?",feel like dick keep sleeping texts facebook messages sup town
ham,I dun believe u. I thk u told him.,dun believe u thk u told
ham,So i'm doing a list of buyers.,list buyers
ham,Okay but i thought you were the expert,okay thought expert
ham,I'm ok. Will do my part tomorrow,ok part tomorrow
ham,Check with nuerologist.,check nuerologist
ham,"Sorry, I'll call later",sorry call later
ham,"My sister in law, hope you are having a great month. Just saying hey. Abiola",sister law hope great month saying hey abiola
ham,Hey! Congrats 2u2. id luv 2 but ive had 2 go home!,hey congrats u id luv ive go home
ham,"K, jason says he's gonna be around so I'll be up there around  &lt;#&gt;",k jason says gon na around around lt gt
ham,How will I creep on you now? ;_;,creep
ham,i felt so...not any conveying reason.. Ese he... What about me?,felt conveying reason ese
ham,Ok.ok ok..then..whats ur todays plan,ok ok ok whats ur todays plan
ham,If you r @ home then come down within 5 min,r home come within min
ham,"K, want us to come by now?",k want us come
ham,HI BABE U R MOST LIKELY TO BE IN BED BUT IM SO SORRY ABOUT TONIGHT! I REALLY WANNA SEE U TOMORROW SO CALL ME AT 9. LOVE ME XXX,hi babe u r likely bed im sorry tonight really wan na see u tomorrow call love xxx
ham,"So you think i should actually talk to him? Not call his boss in the morning? I went to this place last year and he told me where i could go and get my car fixed cheaper. He kept telling me today how much he hoped i would come back in, how he always regretted not getting my number, etc.",think actually talk call boss morning went place last year told could go get car fixed cheaper kept telling today much hoped would come back always regretted getting number etc
ham,"Awesome, plan to get here any time after like  &lt;#&gt; , I'll text you details in a wee bit",awesome plan get time like lt gt text details wee bit
ham,Hey i will be late... i'm at amk. Need to drink tea or coffee,hey late amk need drink tea coffee
ham,I want to sent  &lt;#&gt; mesages today. Thats y. Sorry if i hurts,want sent lt gt mesages today thats sorry hurts
ham,I re-met alex nichols from middle school and it turns out he's dealing!,met alex nichols middle school turns dealing
ham,"Greetings me, ! Consider yourself excused.",greetings consider excused
ham,Ok..,ok
ham,"No, but you told me you were going, before you got drunk!",told going got drunk
ham,Nope... C ü then...,nope c
ham,Ok then no need to tell me anything i am going to sleep good night,ok need tell anything going sleep good night
ham,S'fine. Anytime. All the best with it.,fine anytime best
ham,Neva mind it's ok..,neva mind ok
spam,Had your mobile 11mths ? Update for FREE to Oranges latest colour camera mobiles & unlimited weekend calls. Call Mobile Upd8 on freefone 08000839402 or 2StopTx,mobile mths update free oranges latest colour camera mobiles unlimited weekend calls call mobile upd freefone stoptx
ham,Tell them the drug dealer's getting impatient,tell drug dealer getting impatient
ham,I'm at work. Please call,work please call
ham,Lol now I'm after that hot air balloon!,lol hot air balloon
ham,No current and food here. I am alone also,current food alone also
ham,No no. I will check all rooms befor activities,check rooms befor activities
spam,"3 FREE TAROT TEXTS! Find out about your love life now! TRY 3 FOR FREE! Text CHANCE to 85555 16 only! After 3 Free, Msgs £1.50 each",free tarot texts find love life try free text chance free msgs
spam,"For your chance to WIN a FREE Bluetooth Headset then simply reply back with ""ADP""",chance win free bluetooth headset simply reply back adp
ham,Sounds like a plan! Cardiff is still here and still cold! I'm sitting on the radiator!,sounds like plan cardiff still still cold sitting radiator
ham,Yup ok thanx...,yup ok thanx
ham,He's just gonna worry for nothing. And he won't give you money its no use.,gon na worry nothing give money use
ham,You will go to walmart. I.ll stay.,go walmart stay
ham,"Daddy, shu shu is looking 4 u... U wan me 2 tell him u're not in singapore or wat?",daddy shu shu looking u u wan tell u singapore wat
ham,Thats cool. I want to please you...,thats cool want please
ham,"Aight, let me know when you're gonna be around usf",aight let know gon na around usf
ham,"Hi, can i please get a  &lt;#&gt;  dollar loan from you. I.ll pay you back by mid february. Pls.",hi please get lt gt dollar loan pay back mid february pls
ham,Havent mus ask if u can 1st wat. Of meet 4 lunch den u n him meet can already lor. Or u wan 2 go ask da ge 1st then confirm w me asap?,havent mus ask u st wat meet lunch den u n meet already lor u wan go ask da ge st confirm w asap
spam,"u r subscribed 2 TEXTCOMP 250 wkly comp. 1st wk?s free question follows, subsequent wks charged@150p/msg.2 unsubscribe txt STOP 2 84128,custcare 08712405020",u r subscribed textcomp wkly comp st wk free question follows subsequent wks unsubscribe txt stop custcare
ham,"The table's occupied, I'm waiting by the tree",table occupied waiting tree
ham,Tiwary to rcb.battle between bang and kochi.,tiwary rcb battle bang kochi
ham,"Yeah, where's your class at?",yeah class
ham,Haha i think i did too,haha think
ham,How are you holding up?,holding
ham,"Sorry, I'll call later",sorry call later
ham,Today i'm not workin but not free oso... Gee... Thgt u workin at ur fren's shop ? ,today workin free oso gee thgt u workin ur fren shop
ham,Prabha..i'm soryda..realy..frm heart i'm sory,prabha soryda realy frm heart sory
ham,"Ups which is 3days also, and the shipping company that takes 2wks. The other way is usps which takes a week but when it gets to lag you may have to bribe nipost to get your stuff.",ups days also shipping company takes wks way usps takes week gets lag may bribe nipost get stuff
ham,Don no da:)whats you plan?,da whats plan
ham,Just come home. I don't want u to be miserable,come home want u miserable
spam,Camera - You are awarded a SiPix Digital Camera! call 09061221066 fromm landline. Delivery within 28 days.,camera awarded sipix digital camera call fromm landline delivery within days
spam,"Text82228>> Get more ringtones, logos and games from www.txt82228.com. Questions: info@txt82228.co.uk",text get ringtones logos games questions
ham,Wot u up 2? Thout u were gonna call me!! Txt bak luv K,wot u thout u gon na call txt bak luv k
spam,Collect your VALENTINE'S weekend to PARIS inc Flight & Hotel + £200 Prize guaranteed! Text: PARIS to No: 69101. www.rtf.sphosting.com,collect valentine weekend paris inc flight hotel prize guaranteed text paris
spam,Bloomberg -Message center +447797706009 Why wait? Apply for your future http://careers. bloomberg.com,bloomberg message center wait apply future bloomberg com
ham,U gd lor go shopping i got stuff to do. U wan 2 watch infernal affairs a not? Come lar...,u gd lor go shopping got stuff u wan watch infernal affairs come lar
ham,"Good good, billy mates all gone. Just been jogging, again! Did enjoy concert?",good good billy mates gone jogging enjoy concert
spam,okmail: Dear Dave this is your final notice to collect your 4* Tenerife Holiday or #5000 CASH award! Call 09061743806 from landline. TCs SAE Box326 CW25WX 150ppm,okmail dear dave final notice collect tenerife holiday cash award call landline tcs sae box cw wx ppm
ham,i dnt wnt to tlk wid u,dnt wnt tlk wid u
ham,My computer just fried the only essential part we don't keep spares of because my fucking idiot roommates looovvve leaving the thing running on full  &lt;#&gt; /7,computer fried essential part keep spares fucking idiot roommates looovvve leaving thing running full lt gt
ham,Am going to take bath ill place the key in window:-),going take bath ill place key window
ham,"Sorry, I'll call later in meeting any thing related to trade please call Arul. &lt;#&gt; ",sorry call later meeting thing related trade please call arul lt gt
ham,"Faith makes things possible,Hope makes things work,Love makes things beautiful,May you have all three this Christmas!Merry Christmas!",faith makes things possible hope makes things work love makes things beautiful may three christmas merry christmas
spam,Dear Dave this is your final notice to collect your 4* Tenerife Holiday or #5000 CASH award! Call 09061743806 from landline. TCs SAE Box326 CW25WX 150ppm,dear dave final notice collect tenerife holiday cash award call landline tcs sae box cw wx ppm
ham,"Hi. Hope ur day * good! Back from walk, table booked for half eight. Let me know when ur coming over.",hi hope ur day good back walk table booked half eight let know ur coming
spam,Urgent! Please call 09061743811 from landline. Your ABTA complimentary 4* Tenerife Holiday or £5000 cash await collection SAE T&Cs Box 326 CW25WX 150ppm,urgent please call landline abta complimentary tenerife holiday cash await collection sae cs box cw wx ppm
ham,K. I will sent it again,k sent
ham,"HEY THERE BABE, HOW U DOIN? WOT U UP 2 2NITE LOVE ANNIE X.",hey babe u doin wot u nite love annie x
ham,No it's waiting in e car dat's bored wat. Cos wait outside got nothing 2 do. At home can do my stuff or watch tv wat.,waiting e car dat bored wat cos wait outside got nothing home stuff watch tv wat
ham,Lol I would but despite these cramps I like being a girl.,lol would despite cramps like girl
ham,Fine if thats the way u feel. Thats the way its gota b,fine way u feel way gota b
ham,Wot is u up 2 then bitch?,wot u bitch
ham,Have you laid your airtel line to rest?,laid airtel line rest
spam,"Thanks for your ringtone order, ref number K718. Your mobile will be charged £4.50. Should your tone not arrive please call customer services on 09065069120",thanks ringtone order ref number k mobile charged tone arrive please call customer services
ham,Call me when u finish then i come n pick u.,call u finish come n pick u
ham,Wa... U so efficient... Gee... Thanx...,wa u efficient gee thanx
spam,URGENT! We are trying to contact U. Todays draw shows that you have won a £2000 prize GUARANTEED. Call 09066358361 from land line. Claim Y87. Valid 12hrs only,urgent trying contact u todays draw shows prize guaranteed call land line claim valid hrs
ham,From 5 to 2 only my work timing.,work timing
ham,Beauty sleep can help ur pimples too.,beauty sleep help ur pimples
ham,Yes ammae....life takes lot of turns you can only sit and try to hold the steering...,yes ammae life takes lot turns sit try hold steering
ham,"Well imma definitely need to restock before thanksgiving, I'll let you know when I'm out",well imma definitely need restock thanksgiving let know
ham,I went to project centre,went project centre
spam,URGENT! We are trying to contact U. Todays draw shows that you have won a £800 prize GUARANTEED. Call 09050001808 from land line. Claim M95. Valid12hrs only,urgent trying contact u todays draw shows prize guaranteed call land line claim valid hrs
ham,I'm sick !! I'm needy !! I want you !! *pouts* *stomps feet* Where are you ?! *pouts* *stomps feet* I want my slave !! I want him now !!,sick needy want pouts stomps feet pouts stomps feet want slave want
spam,Txt: CALL to No: 86888 & claim your reward of 3 hours talk time to use from your phone now! Subscribe6GBP/mnth inc 3hrs 16 stop?txtStop www.gamb.tv,txt call claim reward hours talk time use phone subscribe gbp mnth inc hrs stop txtstop
ham,Hey... are you going to quit soon? Xuhui and i working till end of the month ,hey going quit soon xuhui working till end month
ham,They will pick up and drop in car.so no problem..,pick drop car problem
spam,"Hi there, 2nights ur lucky night! Uve been invited 2 XCHAT, the Uks wildest chat! Txt CHAT to 86688 now! 150p/MsgrcvdHG/Suite342/2Lands/Row/W1J6HL LDN 18yrs",hi nights ur lucky night uve invited xchat uks wildest chat txt chat p msgrcvdhg suite lands row w j hl ldn yrs
ham,Or i go home first lar ü wait 4 me lor.. I put down my stuff first..,go home first lar wait lor put stuff first
ham,I not at home now lei...,home lei
ham,He remains a bro amongst bros,remains bro amongst bros
ham,Aww that's the first time u said u missed me without asking if I missed u first. You DO love me! :),aww first time u said u missed without asking missed u first love
ham,Great! So what attracts you to the brothas?,great attracts brothas
spam,"Urgent! call 09066612661 from landline. Your complementary 4* Tenerife Holiday or £10,000 cash await collection SAE T&Cs PO Box 3 WA14 2PX 150ppm 18+ Sender: Hol Offer",urgent call landline complementary tenerife holiday cash await collection sae cs po box wa px ppm sender hol offer
ham,Call to the number which is available in appointment. And ask to connect the call to waheed fathima.,call number available appointment ask connect call waheed fathima
spam,Do you want a new video handset? 750 anytime any network mins? Half Price Line Rental? Camcorder? Reply or call 08000930705 for delivery tomorrow,want new video handset anytime network mins half price line rental camcorder reply call delivery tomorrow
ham,My sis is catching e show in e afternoon so i'm not watching w her. So c u wan 2 watch today or tmr lor.,sis catching e show e afternoon watching w c u wan watch today tmr lor
ham,I'm fine. Hope you are good. Do take care.,fine hope good take care
ham,"So many people seems to be special at first sight, But only very few will remain special to you till your last sight.. Maintain them till life ends.. Sh!jas",many people seems special first sight remain special till last sight maintain till life ends sh jas
ham,7 lor... Change 2 suntec... Wat time u coming?,lor change suntec wat time u coming
spam,FreeMsg: Txt: CALL to No: 86888 & claim your reward of 3 hours talk time to use from your phone now! Subscribe6GBP/mnth inc 3hrs 16 stop?txtStop,freemsg txt call claim reward hours talk time use phone subscribe gbp mnth inc hrs stop txtstop
ham,"Good afternon, my love. How are today? I hope your good and maybe have some interviews. I wake and miss you babe. A passionate kiss from across the sea",good afternon love today hope good maybe interviews wake miss babe passionate kiss across sea
ham,Yes:)here tv is always available in work place..,yes tv always available work place
ham,"The  &lt;#&gt; g that i saw a few days ago, the guy wants sell wifi only for  &lt;#&gt;  and with 3g for  &lt;#&gt; . That's why i blanked him.",lt gt g saw days ago guy wants sell wifi lt gt g lt gt blanked
ham,I dont know exactly could you ask chechi.,dont know exactly could ask chechi
spam,Check Out Choose Your Babe Videos @ sms.shsex.netUN fgkslpoPW fgkslpo,check choose babe videos sms shsex netun fgkslpopw fgkslpo
ham,Another month. I need chocolate weed and alcohol.,another month need chocolate weed alcohol
spam,"You have been selected to stay in 1 of 250 top British hotels - FOR NOTHING! Holiday Worth £350! To Claim, Call London 02072069400. Bx 526, SW73SS",selected stay top british hotels nothing holiday worth claim call london bx sw ss
ham,Eat jap done oso aft ur lect wat... Ü got lect at 12 rite... ,eat jap done oso aft ur lect wat got lect rite
spam,December only! Had your mobile 11mths+? You are entitled to update to the latest colour camera mobile for Free! Call The Mobile Update VCo FREE on 08002986906 ,december mobile mths entitled update latest colour camera mobile free call mobile update vco free
ham,Juz go google n search 4 qet...,juz go google n search qet
ham,I know complain num only..bettr directly go to bsnl offc nd apply for it..,know complain num bettr directly go bsnl offc nd apply
ham,"Open rebtel with firefox. When it loads just put plus sign in the user name place, and it will show you two numbers. The lower number is my number. Once you pick that number the pin will display okay!",open rebtel firefox loads put plus sign user name place show two numbers lower number number pick number pin display okay
spam,PRIVATE! Your 2003 Account Statement for shows 800 un-redeemed S. I. M. points. Call 08719899230 Identifier Code: 41685 Expires 07/11/04,private account statement shows un redeemed points call identifier code expires
ham,"Happy new year to u and ur family...may this new year bring happiness , stability and tranquility to ur vibrant colourful life:):)",happy new year u ur family may new year bring happiness stability tranquility ur vibrant colourful life
ham,There bold 2  &lt;#&gt; . Is that yours,bold lt gt
ham,Great. P diddy is my neighbor and comes for toothpaste every morning,great p diddy neighbor comes toothpaste every morning
spam,Please CALL 08712402779 immediately as there is an urgent message waiting for you,please call immediately urgent message waiting
ham,Thanks for looking out for me. I really appreciate.,thanks looking really appreciate
ham,"Yeah, that's fine! It's £6 to get in, is that ok? ",yeah fine get ok
ham,How have your little darlings been so far this week? Need a coffee run tomo?Can't believe it's that time of week already …,little darlings far week need coffee run tomo believe time week already
ham,Here got ur favorite oyster... N got my favorite sashimi... Ok lar i dun say already... Wait ur stomach start rumbling...,got ur favorite oyster n got favorite sashimi ok lar dun say already wait ur stomach start rumbling
ham,Yep then is fine 7.30 or 8.30 for ice age.,yep fine ice age
ham,Booked ticket for pongal?,booked ticket pongal
ham,He remains a bro amongst bros,remains bro amongst bros
ham,I dont have any of your file in my bag..i was in work when you called me.i 'll tell you if i find anything in my room.,dont file bag work called tell find anything room
ham,U call me alter at 11 ok.,u call alter ok
ham,"Turns out my friends are staying for the whole show and won't be back til ~ &lt;#&gt; , so feel free to go ahead and smoke that $ &lt;#&gt;  worth",turns friends staying whole show back til lt gt feel free go ahead smoke lt gt worth
ham,"My life Means a lot to me, Not because I love my life, But because I love the people in my life, The world calls them friends, I call them my World:-).. Ge:-)..",life means lot love life love people life world calls friends call world ge
ham,Lovely smell on this bus and it ain't tobacco... ,lovely smell bus tobacco
ham,Speaking of does he have any cash yet?,speaking cash yet
ham,Okie.. Thanx..,okie thanx
ham,"Lemme know when I can swing by and pick up, I'm free basically any time after 1 all this semester",lem know swing pick free basically time semester
spam,"pdate_Now - Double mins and 1000 txts on Orange tariffs. Latest Motorola, SonyEricsson & Nokia & Bluetooth FREE! Call MobileUpd8 on 08000839402 or call2optout/!YHL",pdate double mins txts orange tariffs latest motorola sonyericsson nokia bluetooth free call mobileupd call optout yhl
ham,She's fine. Good to hear from you. How are you my dear? Happy new year oh.,fine good hear dear happy new year oh
ham,"Single line with a big meaning::::: ""Miss anything 4 ur ""Best Life"" but, don't miss ur best life for anything... Gud nyt...",single line big meaning miss anything ur best life miss ur best life anything gud nyt
ham,I need you to be in my strong arms...,need strong arms
spam,Free Top ringtone -sub to weekly ringtone-get 1st week free-send SUBPOLY to 81618-?3 per week-stop sms-08718727870,free top ringtone sub weekly ringtone get st week free send subpoly per week stop sms
spam,"Someone U know has asked our dating service 2 contact you! Cant Guess who? CALL 09058097189 NOW all will be revealed. POBox 6, LS15HB 150p ",someone u know asked dating service contact cant guess call revealed pobox ls hb p
ham,Doesn't g have class early tomorrow and thus shouldn't be trying to smoke at  &lt;#&gt;,g class early tomorrow thus trying smoke lt gt
ham,Then what about further plan?,plan
ham,I attended but nothing is there.,attended nothing
ham,That day you asked about anand number. Why:-),day asked anand number
ham,What pa tell me.. I went to bath:-),pa tell went bath
ham,Jus finish watching tv... U?,jus finish watching tv u
spam,Moby Pub Quiz.Win a £100 High Street prize if u know who the new Duchess of Cornwall will be? Txt her first name to 82277.unsub STOP £1.50 008704050406 SP Arrow,moby pub quiz win high street prize u know new duchess cornwall txt first name unsub stop sp arrow
spam,Free entry in 2 a weekly comp for a chance to win an ipod. Txt POD to 80182 to get entry (std txt rate) T&C's apply 08452810073 for details 18+,free entry weekly comp chance win ipod txt pod get entry std txt rate c apply details
ham,"We are at grandmas. Oh dear, u still ill? I felt Shit this morning but i think i am just hungover! Another night then. We leave on sat.",grandmas oh dear u still ill felt shit morning think hungover another night leave sat
